2024-04-11 11:47:35,333 - prod_util - ERROR  - system_log - 
Error: could not convert string to float: 'January 11, 2024'
Function Name: _format_payload_for_insert
Data Corruption:
('-13.1', 'WINNIPEG A CS', ' MANITOBA ', '-25.8', '-19.4', 'January 10, 2024')


2024-04-11 11:47:35,390 - urllib3.connectionpool - DEBUG  - _make_request - https://climate.weather.gc.ca:443 "GET /climate_data/daily_data_e.html?StationID=27174&timeframe=2&StartYear=1840&EndYear=2018&Year=2008&Month=9 HTTP/1.1" 200 8407
2024-04-11 11:47:35,401 - urllib3.connectionpool - DEBUG  - _make_request - https://climate.weather.gc.ca:443 "GET /climate_data/daily_data_e.html?StationID=27174&timeframe=2&StartYear=1840&EndYear=2018&Year=2005&Month=9 HTTP/1.1" 200 8239
2024-04-11 11:47:35,405 - urllib3.connectionpool - DEBUG  - _new_conn - Starting new HTTPS connection (1): climate.weather.gc.ca:443
2024-04-11 11:47:35,410 - urllib3.connectionpool - DEBUG  - _new_conn - Starting new HTTPS connection (1): climate.weather.gc.ca:443
2024-04-11 11:47:35,577 - urllib3.connectionpool - DEBUG  - _make_request - https://climate.weather.gc.ca:443 "GET /climate_data/daily_data_e.html?StationID=27174&timeframe=2&StartYear=1840&EndYear=2018&Year=2014&Month=9 HTTP/1.1" 200 8602
2024-04-11 11:47:35,589 - urllib3.connectionpool - DEBUG  - _new_conn - Starting new HTTPS connection (1): climate.weather.gc.ca:443
2024-04-11 11:47:35,788 - urllib3.connectionpool - DEBUG  - _make_request - https://climate.weather.gc.ca:443 "GET /climate_data/daily_data_e.html?StationID=27174&timeframe=2&StartYear=1840&EndYear=2018&Year=2010&Month=9 HTTP/1.1" 200 8454
2024-04-11 11:47:35,805 - urllib3.connectionpool - DEBUG  - _new_conn - Starting new HTTPS connection (1): climate.weather.gc.ca:443
2024-04-11 11:47:35,812 - urllib3.connectionpool - DEBUG  - _make_request - https://climate.weather.gc.ca:443 "GET /climate_data/daily_data_e.html?StationID=27174&timeframe=2&StartYear=1840&EndYear=2018&Year=2019&Month=8 HTTP/1.1" 200 8626
2024-04-11 11:47:35,821 - urllib3.connectionpool - DEBUG  - _new_conn - Starting new HTTPS connection (1): climate.weather.gc.ca:443
2024-04-11 11:47:35,971 - urllib3.connectionpool - DEBUG  - _make_request - https://climate.weather.gc.ca:443 "GET /climate_data/daily_data_e.html?StationID=27174&timeframe=2&StartYear=1840&EndYear=2018&Year=2021&Month=8 HTTP/1.1" 200 8614
2024-04-11 11:47:35,984 - urllib3.connectionpool - DEBUG  - _new_conn - Starting new HTTPS connection (1): climate.weather.gc.ca:443
2024-04-11 11:47:36,113 - urllib3.connectionpool - DEBUG  - _make_request - https://climate.weather.gc.ca:443 "GET /climate_data/daily_data_e.html?StationID=27174&timeframe=2&StartYear=1840&EndYear=2018&Year=2017&Month=9 HTTP/1.1" 200 8600
2024-04-11 11:47:36,115 - urllib3.connectionpool - DEBUG  - _make_request - https://climate.weather.gc.ca:443 "GET /climate_data/daily_data_e.html?StationID=27174&timeframe=2&StartYear=1840&EndYear=2018&Year=2015&Month=8 HTTP/1.1" 200 8688
2024-04-11 11:47:36,128 - urllib3.connectionpool - DEBUG  - _new_conn - Starting new HTTPS connection (1): climate.weather.gc.ca:443
2024-04-11 11:47:36,131 - urllib3.connectionpool - DEBUG  - _new_conn - Starting new HTTPS connection (1): climate.weather.gc.ca:443
2024-04-11 11:47:36,401 - urllib3.connectionpool - DEBUG  - _make_request - https://climate.weather.gc.ca:443 "GET /climate_data/daily_data_e.html?StationID=27174&timeframe=2&StartYear=1840&EndYear=2018&Year=2012&Month=9 HTTP/1.1" 200 8407
2024-04-11 11:47:36,427 - urllib3.connectionpool - DEBUG  - _new_conn - Starting new HTTPS connection (1): climate.weather.gc.ca:443
2024-04-11 11:47:36,796 - urllib3.connectionpool - DEBUG  - _make_request - https://climate.weather.gc.ca:443 "GET /climate_data/daily_data_e.html?StationID=27174&timeframe=2&StartYear=1840&EndYear=2018&Year=2007&Month=8 HTTP/1.1" 200 8229
2024-04-11 11:47:36,804 - urllib3.connectionpool - DEBUG  - _new_conn - Starting new HTTPS connection (1): climate.weather.gc.ca:443
2024-04-11 11:47:36,816 - urllib3.connectionpool - DEBUG  - _make_request - https://climate.weather.gc.ca:443 "GET /climate_data/daily_data_e.html?StationID=27174&timeframe=2&StartYear=1840&EndYear=2018&Year=2023&Month=8 HTTP/1.1" 200 8619
2024-04-11 11:47:36,825 - urllib3.connectionpool - DEBUG  - _new_conn - Starting new HTTPS connection (1): climate.weather.gc.ca:443
2024-04-11 11:47:36,870 - urllib3.connectionpool - DEBUG  - _make_request - https://climate.weather.gc.ca:443 "GET /climate_data/daily_data_e.html?StationID=27174&timeframe=2&StartYear=1840&EndYear=2018&Year=2018&Month=9 HTTP/1.1" 200 8588
2024-04-11 11:47:36,878 - urllib3.connectionpool - DEBUG  - _new_conn - Starting new HTTPS connection (1): climate.weather.gc.ca:443
2024-04-11 11:47:36,886 - urllib3.connectionpool - DEBUG  - _make_request - https://climate.weather.gc.ca:443 "GET /climate_data/daily_data_e.html?StationID=27174&timeframe=2&StartYear=1840&EndYear=2018&Year=2022&Month=8 HTTP/1.1" 200 8553
2024-04-11 11:47:36,893 - urllib3.connectionpool - DEBUG  - _new_conn - Starting new HTTPS connection (1): climate.weather.gc.ca:443
2024-04-11 11:47:36,919 - urllib3.connectionpool - DEBUG  - _make_request - https://climate.weather.gc.ca:443 "GET /climate_data/daily_data_e.html?StationID=27174&timeframe=2&StartYear=1840&EndYear=2018&Year=2011&Month=9 HTTP/1.1" 200 8190
2024-04-11 11:47:36,927 - urllib3.connectionpool - DEBUG  - _new_conn - Starting new HTTPS connection (1): climate.weather.gc.ca:443
2024-04-11 11:47:36,961 - urllib3.connectionpool - DEBUG  - _make_request - https://climate.weather.gc.ca:443 "GET /climate_data/daily_data_e.html?StationID=27174&timeframe=2&StartYear=1840&EndYear=2018&Year=2013&Month=9 HTTP/1.1" 200 8422
2024-04-11 11:47:36,961 - urllib3.connectionpool - DEBUG  - _make_request - https://climate.weather.gc.ca:443 "GET /climate_data/daily_data_e.html?StationID=27174&timeframe=2&StartYear=1840&EndYear=2018&Year=2009&Month=9 HTTP/1.1" 200 8377
2024-04-11 11:47:36,966 - urllib3.connectionpool - DEBUG  - _make_request - https://climate.weather.gc.ca:443 "GET /climate_data/daily_data_e.html?StationID=27174&timeframe=2&StartYear=1840&EndYear=2018&Year=2016&Month=9 HTTP/1.1" 200 8566
2024-04-11 11:47:36,974 - urllib3.connectionpool - DEBUG  - _new_conn - Starting new HTTPS connection (1): climate.weather.gc.ca:443
2024-04-11 11:47:36,977 - urllib3.connectionpool - DEBUG  - _new_conn - Starting new HTTPS connection (1): climate.weather.gc.ca:443
2024-04-11 11:47:37,021 - urllib3.connectionpool - DEBUG  - _new_conn - Starting new HTTPS connection (1): climate.weather.gc.ca:443
2024-04-11 11:47:37,175 - urllib3.connectionpool - DEBUG  - _make_request - https://climate.weather.gc.ca:443 "GET /climate_data/daily_data_e.html?StationID=27174&timeframe=2&StartYear=1840&EndYear=2018&Year=2006&Month=7 HTTP/1.1" 200 8214
2024-04-11 11:47:37,176 - urllib3.connectionpool - DEBUG  - _make_request - https://climate.weather.gc.ca:443 "GET /climate_data/daily_data_e.html?StationID=27174&timeframe=2&StartYear=1840&EndYear=2018&Year=2004&Month=12 HTTP/1.1" 200 7843
2024-04-11 11:47:37,179 - urllib3.connectionpool - DEBUG  - _make_request - https://climate.weather.gc.ca:443 "GET /climate_data/daily_data_e.html?StationID=27174&timeframe=2&StartYear=1840&EndYear=2018&Year=2014&Month=8 HTTP/1.1" 200 8587
2024-04-11 11:47:37,194 - urllib3.connectionpool - DEBUG  - _new_conn - Starting new HTTPS connection (1): climate.weather.gc.ca:443
2024-04-11 11:47:37,197 - urllib3.connectionpool - DEBUG  - _new_conn - Starting new HTTPS connection (1): climate.weather.gc.ca:443
2024-04-11 11:47:37,239 - urllib3.connectionpool - DEBUG  - _new_conn - Starting new HTTPS connection (1): climate.weather.gc.ca:443
2024-04-11 11:47:37,554 - urllib3.connectionpool - DEBUG  - _make_request - https://climate.weather.gc.ca:443 "GET /climate_data/daily_data_e.html?StationID=27174&timeframe=2&StartYear=1840&EndYear=2018&Year=2020&Month=8 HTTP/1.1" 200 8645
2024-04-11 11:47:37,565 - urllib3.connectionpool - DEBUG  - _new_conn - Starting new HTTPS connection (1): climate.weather.gc.ca:443
2024-04-11 11:47:37,605 - urllib3.connectionpool - DEBUG  - _make_request - https://climate.weather.gc.ca:443 "GET /climate_data/daily_data_e.html?StationID=27174&timeframe=2&StartYear=1840&EndYear=2018&Year=2010&Month=8 HTTP/1.1" 200 8487
2024-04-11 11:47:37,617 - urllib3.connectionpool - DEBUG  - _new_conn - Starting new HTTPS connection (1): climate.weather.gc.ca:443
2024-04-11 11:47:37,687 - urllib3.connectionpool - DEBUG  - _make_request - https://climate.weather.gc.ca:443 "GET /climate_data/daily_data_e.html?StationID=27174&timeframe=2&StartYear=1840&EndYear=2018&Year=2021&Month=7 HTTP/1.1" 200 8627
2024-04-11 11:47:37,696 - urllib3.connectionpool - DEBUG  - _new_conn - Starting new HTTPS connection (1): climate.weather.gc.ca:443
2024-04-11 11:47:38,124 - urllib3.connectionpool - DEBUG  - _make_request - https://climate.weather.gc.ca:443 "GET /climate_data/daily_data_e.html?StationID=27174&timeframe=2&StartYear=1840&EndYear=2018&Year=2019&Month=7 HTTP/1.1" 200 8627
2024-04-11 11:47:38,131 - urllib3.connectionpool - DEBUG  - _new_conn - Starting new HTTPS connection (1): climate.weather.gc.ca:443
2024-04-11 11:47:38,179 - urllib3.connectionpool - DEBUG  - _make_request - https://climate.weather.gc.ca:443 "GET /climate_data/daily_data_e.html?StationID=27174&timeframe=2&StartYear=1840&EndYear=2018&Year=2005&Month=8 HTTP/1.1" 200 8226
2024-04-11 11:47:38,180 - urllib3.connectionpool - DEBUG  - _make_request - https://climate.weather.gc.ca:443 "GET /climate_data/daily_data_e.html?StationID=27174&timeframe=2&StartYear=1840&EndYear=2018&Year=2008&Month=8 HTTP/1.1" 200 8475
2024-04-11 11:47:38,181 - urllib3.connectionpool - DEBUG  - _make_request - https://climate.weather.gc.ca:443 "GET /climate_data/daily_data_e.html?StationID=27174&timeframe=2&StartYear=1840&EndYear=2018&Year=2012&Month=8 HTTP/1.1" 200 8428
2024-04-11 11:47:38,186 - urllib3.connectionpool - DEBUG  - _make_request - https://climate.weather.gc.ca:443 "GET /climate_data/daily_data_e.html?StationID=27174&timeframe=2&StartYear=1840&EndYear=2018&Year=2017&Month=8 HTTP/1.1" 200 8600
2024-04-11 11:47:38,186 - urllib3.connectionpool - DEBUG  - _make_request - https://climate.weather.gc.ca:443 "GET /climate_data/daily_data_e.html?StationID=27174&timeframe=2&StartYear=1840&EndYear=2018&Year=2015&Month=7 HTTP/1.1" 200 8652
2024-04-11 11:47:38,198 - urllib3.connectionpool - DEBUG  - _new_conn - Starting new HTTPS connection (1): climate.weather.gc.ca:443
2024-04-11 11:47:38,201 - urllib3.connectionpool - DEBUG  - _new_conn - Starting new HTTPS connection (1): climate.weather.gc.ca:443
2024-04-11 11:47:38,204 - urllib3.connectionpool - DEBUG  - _new_conn - Starting new HTTPS connection (1): climate.weather.gc.ca:443
2024-04-11 11:47:38,206 - urllib3.connectionpool - DEBUG  - _new_conn - Starting new HTTPS connection (1): climate.weather.gc.ca:443
2024-04-11 11:47:38,208 - urllib3.connectionpool - DEBUG  - _new_conn - Starting new HTTPS connection (1): climate.weather.gc.ca:443
2024-04-11 11:47:38,630 - urllib3.connectionpool - DEBUG  - _make_request - https://climate.weather.gc.ca:443 "GET /climate_data/daily_data_e.html?StationID=27174&timeframe=2&StartYear=1840&EndYear=2018&Year=2007&Month=7 HTTP/1.1" 200 8239
2024-04-11 11:47:38,639 - urllib3.connectionpool - DEBUG  - _new_conn - Starting new HTTPS connection (1): climate.weather.gc.ca:443
2024-04-11 11:47:38,931 - urllib3.connectionpool - DEBUG  - _make_request - https://climate.weather.gc.ca:443 "GET /climate_data/daily_data_e.html?StationID=27174&timeframe=2&StartYear=1840&EndYear=2018&Year=2011&Month=8 HTTP/1.1" 200 8450
2024-04-11 11:47:38,938 - urllib3.connectionpool - DEBUG  - _new_conn - Starting new HTTPS connection (1): climate.weather.gc.ca:443
2024-04-11 11:47:39,050 - urllib3.connectionpool - DEBUG  - _make_request - https://climate.weather.gc.ca:443 "GET /climate_data/daily_data_e.html?StationID=27174&timeframe=2&StartYear=1840&EndYear=2018&Year=2009&Month=8 HTTP/1.1" 200 8438
2024-04-11 11:47:39,052 - urllib3.connectionpool - DEBUG  - _make_request - https://climate.weather.gc.ca:443 "GET /climate_data/daily_data_e.html?StationID=27174&timeframe=2&StartYear=1840&EndYear=2018&Year=2013&Month=8 HTTP/1.1" 200 8462
2024-04-11 11:47:39,059 - urllib3.connectionpool - DEBUG  - _make_request - https://climate.weather.gc.ca:443 "GET /climate_data/daily_data_e.html?StationID=27174&timeframe=2&StartYear=1840&EndYear=2018&Year=2023&Month=7 HTTP/1.1" 200 8605
2024-04-11 11:47:39,063 - urllib3.connectionpool - DEBUG  - _new_conn - Starting new HTTPS connection (1): climate.weather.gc.ca:443
2024-04-11 11:47:39,064 - urllib3.connectionpool - DEBUG  - _new_conn - Starting new HTTPS connection (1): climate.weather.gc.ca:443
2024-04-11 11:47:39,068 - urllib3.connectionpool - DEBUG  - _new_conn - Starting new HTTPS connection (1): climate.weather.gc.ca:443
2024-04-11 11:47:39,090 - urllib3.connectionpool - DEBUG  - _make_request - https://climate.weather.gc.ca:443 "GET /climate_data/daily_data_e.html?StationID=27174&timeframe=2&StartYear=1840&EndYear=2018&Year=2006&Month=6 HTTP/1.1" 200 8256
2024-04-11 11:47:39,096 - urllib3.connectionpool - DEBUG  - _make_request - https://climate.weather.gc.ca:443 "GET /climate_data/daily_data_e.html?StationID=27174&timeframe=2&StartYear=1840&EndYear=2018&Year=2016&Month=8 HTTP/1.1" 200 8638
2024-04-11 11:47:39,099 - urllib3.connectionpool - DEBUG  - _new_conn - Starting new HTTPS connection (1): climate.weather.gc.ca:443
2024-04-11 11:47:39,104 - urllib3.connectionpool - DEBUG  - _new_conn - Starting new HTTPS connection (1): climate.weather.gc.ca:443
2024-04-11 11:47:39,357 - urllib3.connectionpool - DEBUG  - _make_request - https://climate.weather.gc.ca:443 "GET /climate_data/daily_data_e.html?StationID=27174&timeframe=2&StartYear=1840&EndYear=2018&Year=2010&Month=7 HTTP/1.1" 200 8459
2024-04-11 11:47:39,365 - urllib3.connectionpool - DEBUG  - _new_conn - Starting new HTTPS connection (1): climate.weather.gc.ca:443
2024-04-11 11:47:39,796 - urllib3.connectionpool - DEBUG  - _make_request - https://climate.weather.gc.ca:443 "GET /climate_data/daily_data_e.html?StationID=27174&timeframe=2&StartYear=1840&EndYear=2018&Year=2018&Month=8 HTTP/1.1" 200 8597
2024-04-11 11:47:39,801 - urllib3.connectionpool - DEBUG  - _make_request - https://climate.weather.gc.ca:443 "GET /climate_data/daily_data_e.html?StationID=27174&timeframe=2&StartYear=1840&EndYear=2018&Year=2022&Month=7 HTTP/1.1" 200 8628
2024-04-11 11:47:39,804 - urllib3.connectionpool - DEBUG  - _new_conn - Starting new HTTPS connection (1): climate.weather.gc.ca:443
2024-04-11 11:47:39,808 - urllib3.connectionpool - DEBUG  - _new_conn - Starting new HTTPS connection (1): climate.weather.gc.ca:443
2024-04-11 11:47:39,864 - urllib3.connectionpool - DEBUG  - _make_request - https://climate.weather.gc.ca:443 "GET /climate_data/daily_data_e.html?StationID=27174&timeframe=2&StartYear=1840&EndYear=2018&Year=2019&Month=6 HTTP/1.1" 200 8579
2024-04-11 11:47:39,871 - urllib3.connectionpool - DEBUG  - _new_conn - Starting new HTTPS connection (1): climate.weather.gc.ca:443
2024-04-11 11:47:40,003 - urllib3.connectionpool - DEBUG  - _make_request - https://climate.weather.gc.ca:443 "GET /climate_data/daily_data_e.html?StationID=27174&timeframe=2&StartYear=1840&EndYear=2018&Year=2014&Month=7 HTTP/1.1" 200 8588
2024-04-11 11:47:40,011 - urllib3.connectionpool - DEBUG  - _new_conn - Starting new HTTPS connection (1): climate.weather.gc.ca:443
2024-04-11 11:47:40,071 - urllib3.connectionpool - DEBUG  - _make_request - https://climate.weather.gc.ca:443 "GET /climate_data/daily_data_e.html?StationID=27174&timeframe=2&StartYear=1840&EndYear=2018&Year=2004&Month=11 HTTP/1.1" 200 8226
2024-04-11 11:47:40,079 - urllib3.connectionpool - DEBUG  - _new_conn - Starting new HTTPS connection (1): climate.weather.gc.ca:443
2024-04-11 11:47:40,158 - urllib3.connectionpool - DEBUG  - _make_request - https://climate.weather.gc.ca:443 "GET /climate_data/daily_data_e.html?StationID=27174&timeframe=2&StartYear=1840&EndYear=2018&Year=2020&Month=7 HTTP/1.1" 200 8619
2024-04-11 11:47:40,166 - urllib3.connectionpool - DEBUG  - _new_conn - Starting new HTTPS connection (1): climate.weather.gc.ca:443
2024-04-11 11:47:40,361 - urllib3.connectionpool - DEBUG  - _make_request - https://climate.weather.gc.ca:443 "GET /climate_data/daily_data_e.html?StationID=27174&timeframe=2&StartYear=1840&EndYear=2018&Year=2021&Month=6 HTTP/1.1" 200 8609
2024-04-11 11:47:40,369 - urllib3.connectionpool - DEBUG  - _new_conn - Starting new HTTPS connection (1): climate.weather.gc.ca:443
2024-04-11 11:47:40,442 - urllib3.connectionpool - DEBUG  - _make_request - https://climate.weather.gc.ca:443 "GET /climate_data/daily_data_e.html?StationID=27174&timeframe=2&StartYear=1840&EndYear=2018&Year=2008&Month=7 HTTP/1.1" 200 8451
2024-04-11 11:47:40,445 - urllib3.connectionpool - DEBUG  - _make_request - https://climate.weather.gc.ca:443 "GET /climate_data/daily_data_e.html?StationID=27174&timeframe=2&StartYear=1840&EndYear=2018&Year=2006&Month=5 HTTP/1.1" 200 8837
2024-04-11 11:47:40,448 - urllib3.connectionpool - DEBUG  - _make_request - https://climate.weather.gc.ca:443 "GET /climate_data/daily_data_e.html?StationID=27174&timeframe=2&StartYear=1840&EndYear=2018&Year=2017&Month=7 HTTP/1.1" 200 8595
2024-04-11 11:47:40,459 - urllib3.connectionpool - DEBUG  - _new_conn - Starting new HTTPS connection (1): climate.weather.gc.ca:443
2024-04-11 11:47:40,460 - urllib3.connectionpool - DEBUG  - _new_conn - Starting new HTTPS connection (1): climate.weather.gc.ca:443
2024-04-11 11:47:40,524 - urllib3.connectionpool - DEBUG  - _new_conn - Starting new HTTPS connection (1): climate.weather.gc.ca:443
2024-04-11 11:47:40,654 - urllib3.connectionpool - DEBUG  - _make_request - https://climate.weather.gc.ca:443 "GET /climate_data/daily_data_e.html?StationID=27174&timeframe=2&StartYear=1840&EndYear=2018&Year=2011&Month=7 HTTP/1.1" 200 8429
2024-04-11 11:47:40,662 - urllib3.connectionpool - DEBUG  - _new_conn - Starting new HTTPS connection (1): climate.weather.gc.ca:443
2024-04-11 11:47:40,865 - urllib3.connectionpool - DEBUG  - _make_request - https://climate.weather.gc.ca:443 "GET /climate_data/daily_data_e.html?StationID=27174&timeframe=2&StartYear=1840&EndYear=2018&Year=2013&Month=7 HTTP/1.1" 200 8497
2024-04-11 11:47:40,872 - urllib3.connectionpool - DEBUG  - _new_conn - Starting new HTTPS connection (1): climate.weather.gc.ca:443
2024-04-11 11:47:41,025 - urllib3.connectionpool - DEBUG  - _make_request - https://climate.weather.gc.ca:443 "GET /climate_data/daily_data_e.html?StationID=27174&timeframe=2&StartYear=1840&EndYear=2018&Year=2005&Month=7 HTTP/1.1" 200 8273
2024-04-11 11:47:41,031 - urllib3.connectionpool - DEBUG  - _new_conn - Starting new HTTPS connection (1): climate.weather.gc.ca:443
2024-04-11 11:47:41,035 - urllib3.connectionpool - DEBUG  - _make_request - https://climate.weather.gc.ca:443 "GET /climate_data/daily_data_e.html?StationID=27174&timeframe=2&StartYear=1840&EndYear=2018&Year=2015&Month=6 HTTP/1.1" 200 8566
2024-04-11 11:47:41,045 - urllib3.connectionpool - DEBUG  - _new_conn - Starting new HTTPS connection (1): climate.weather.gc.ca:443
2024-04-11 11:47:41,054 - urllib3.connectionpool - DEBUG  - _make_request - https://climate.weather.gc.ca:443 "GET /climate_data/daily_data_e.html?StationID=27174&timeframe=2&StartYear=1840&EndYear=2018&Year=2012&Month=7 HTTP/1.1" 200 8461
2024-04-11 11:47:41,061 - urllib3.connectionpool - DEBUG  - _new_conn - Starting new HTTPS connection (1): climate.weather.gc.ca:443
2024-04-11 11:47:41,260 - urllib3.connectionpool - DEBUG  - _make_request - https://climate.weather.gc.ca:443 "GET /climate_data/daily_data_e.html?StationID=27174&timeframe=2&StartYear=1840&EndYear=2018&Year=2007&Month=6 HTTP/1.1" 200 8250
2024-04-11 11:47:41,315 - urllib3.connectionpool - DEBUG  - _new_conn - Starting new HTTPS connection (1): climate.weather.gc.ca:443
2024-04-11 11:47:41,389 - urllib3.connectionpool - DEBUG  - _make_request - https://climate.weather.gc.ca:443 "GET /climate_data/daily_data_e.html?StationID=27174&timeframe=2&StartYear=1840&EndYear=2018&Year=2023&Month=6 HTTP/1.1" 200 8597
2024-04-11 11:47:41,398 - urllib3.connectionpool - DEBUG  - _new_conn - Starting new HTTPS connection (1): climate.weather.gc.ca:443
2024-04-11 11:47:41,455 - urllib3.connectionpool - DEBUG  - _make_request - https://climate.weather.gc.ca:443 "GET /climate_data/daily_data_e.html?StationID=27174&timeframe=2&StartYear=1840&EndYear=2018&Year=2016&Month=7 HTTP/1.1" 200 8642
2024-04-11 11:47:41,464 - urllib3.connectionpool - DEBUG  - _new_conn - Starting new HTTPS connection (1): climate.weather.gc.ca:443
2024-04-11 11:47:41,471 - urllib3.connectionpool - DEBUG  - _make_request - https://climate.weather.gc.ca:443 "GET /climate_data/daily_data_e.html?StationID=27174&timeframe=2&StartYear=1840&EndYear=2018&Year=2022&Month=6 HTTP/1.1" 200 8598
2024-04-11 11:47:41,479 - urllib3.connectionpool - DEBUG  - _new_conn - Starting new HTTPS connection (1): climate.weather.gc.ca:443
2024-04-11 11:47:41,556 - urllib3.connectionpool - DEBUG  - _make_request - https://climate.weather.gc.ca:443 "GET /climate_data/daily_data_e.html?StationID=27174&timeframe=2&StartYear=1840&EndYear=2018&Year=2019&Month=5 HTTP/1.1" 200 8638
2024-04-11 11:47:41,565 - urllib3.connectionpool - DEBUG  - _new_conn - Starting new HTTPS connection (1): climate.weather.gc.ca:443
2024-04-11 11:47:41,745 - urllib3.connectionpool - DEBUG  - _make_request - https://climate.weather.gc.ca:443 "GET /climate_data/daily_data_e.html?StationID=27174&timeframe=2&StartYear=1840&EndYear=2018&Year=2014&Month=6 HTTP/1.1" 200 8661
2024-04-11 11:47:41,757 - urllib3.connectionpool - DEBUG  - _new_conn - Starting new HTTPS connection (1): climate.weather.gc.ca:443
2024-04-11 11:47:41,889 - urllib3.connectionpool - DEBUG  - _make_request - https://climate.weather.gc.ca:443 "GET /climate_data/daily_data_e.html?StationID=27174&timeframe=2&StartYear=1840&EndYear=2018&Year=2009&Month=7 HTTP/1.1" 200 8427
2024-04-11 11:47:41,898 - urllib3.connectionpool - DEBUG  - _new_conn - Starting new HTTPS connection (1): climate.weather.gc.ca:443
2024-04-11 11:47:42,021 - urllib3.connectionpool - DEBUG  - _make_request - https://climate.weather.gc.ca:443 "GET /climate_data/daily_data_e.html?StationID=27174&timeframe=2&StartYear=1840&EndYear=2018&Year=2018&Month=7 HTTP/1.1" 200 8700
2024-04-11 11:47:42,029 - urllib3.connectionpool - DEBUG  - _new_conn - Starting new HTTPS connection (1): climate.weather.gc.ca:443
2024-04-11 11:47:42,066 - urllib3.connectionpool - DEBUG  - _make_request - https://climate.weather.gc.ca:443 "GET /climate_data/daily_data_e.html?StationID=27174&timeframe=2&StartYear=1840&EndYear=2018&Year=2011&Month=6 HTTP/1.1" 200 8493
2024-04-11 11:47:42,066 - urllib3.connectionpool - DEBUG  - _make_request - https://climate.weather.gc.ca:443 "GET /climate_data/daily_data_e.html?StationID=27174&timeframe=2&StartYear=1840&EndYear=2018&Year=2010&Month=6 HTTP/1.1" 200 8457
2024-04-11 11:47:42,073 - urllib3.connectionpool - DEBUG  - _make_request - https://climate.weather.gc.ca:443 "GET /climate_data/daily_data_e.html?StationID=27174&timeframe=2&StartYear=1840&EndYear=2018&Year=2021&Month=5 HTTP/1.1" 200 8625
2024-04-11 11:47:42,079 - urllib3.connectionpool - DEBUG  - _new_conn - Starting new HTTPS connection (1): climate.weather.gc.ca:443
2024-04-11 11:47:42,083 - urllib3.connectionpool - DEBUG  - _make_request - https://climate.weather.gc.ca:443 "GET /climate_data/daily_data_e.html?StationID=27174&timeframe=2&StartYear=1840&EndYear=2018&Year=2012&Month=6 HTTP/1.1" 200 8426
2024-04-11 11:47:42,084 - urllib3.connectionpool - DEBUG  - _new_conn - Starting new HTTPS connection (1): climate.weather.gc.ca:443
2024-04-11 11:47:42,088 - urllib3.connectionpool - DEBUG  - _new_conn - Starting new HTTPS connection (1): climate.weather.gc.ca:443
2024-04-11 11:47:42,092 - urllib3.connectionpool - DEBUG  - _new_conn - Starting new HTTPS connection (1): climate.weather.gc.ca:443
2024-04-11 11:47:42,252 - urllib3.connectionpool - DEBUG  - _make_request - https://climate.weather.gc.ca:443 "GET /climate_data/daily_data_e.html?StationID=27174&timeframe=2&StartYear=1840&EndYear=2018&Year=2008&Month=6 HTTP/1.1" 200 8412
2024-04-11 11:47:42,261 - urllib3.connectionpool - DEBUG  - _new_conn - Starting new HTTPS connection (1): climate.weather.gc.ca:443
2024-04-11 11:47:42,777 - urllib3.connectionpool - DEBUG  - _make_request - https://climate.weather.gc.ca:443 "GET /climate_data/daily_data_e.html?StationID=27174&timeframe=2&StartYear=1840&EndYear=2018&Year=2004&Month=10 HTTP/1.1" 200 7833
2024-04-11 11:47:42,779 - urllib3.connectionpool - DEBUG  - _make_request - https://climate.weather.gc.ca:443 "GET /climate_data/daily_data_e.html?StationID=27174&timeframe=2&StartYear=1840&EndYear=2018&Year=2005&Month=6 HTTP/1.1" 200 8277
2024-04-11 11:47:42,788 - urllib3.connectionpool - DEBUG  - _new_conn - Starting new HTTPS connection (1): climate.weather.gc.ca:443
2024-04-11 11:47:42,790 - urllib3.connectionpool - DEBUG  - _new_conn - Starting new HTTPS connection (1): climate.weather.gc.ca:443
2024-04-11 11:47:42,856 - urllib3.connectionpool - DEBUG  - _make_request - https://climate.weather.gc.ca:443 "GET /climate_data/daily_data_e.html?StationID=27174&timeframe=2&StartYear=1840&EndYear=2018&Year=2020&Month=6 HTTP/1.1" 200 8610
2024-04-11 11:47:42,863 - urllib3.connectionpool - DEBUG  - _new_conn - Starting new HTTPS connection (1): climate.weather.gc.ca:443
2024-04-11 11:47:43,067 - urllib3.connectionpool - DEBUG  - _make_request - https://climate.weather.gc.ca:443 "GET /climate_data/daily_data_e.html?StationID=27174&timeframe=2&StartYear=1840&EndYear=2018&Year=2015&Month=5 HTTP/1.1" 200 8587
2024-04-11 11:47:43,074 - urllib3.connectionpool - DEBUG  - _new_conn - Starting new HTTPS connection (1): climate.weather.gc.ca:443
2024-04-11 11:47:43,199 - urllib3.connectionpool - DEBUG  - _make_request - https://climate.weather.gc.ca:443 "GET /climate_data/daily_data_e.html?StationID=27174&timeframe=2&StartYear=1840&EndYear=2018&Year=2006&Month=4 HTTP/1.1" 200 7840
2024-04-11 11:47:43,207 - urllib3.connectionpool - DEBUG  - _new_conn - Starting new HTTPS connection (1): climate.weather.gc.ca:443
2024-04-11 11:47:43,210 - urllib3.connectionpool - DEBUG  - _make_request - https://climate.weather.gc.ca:443 "GET /climate_data/daily_data_e.html?StationID=27174&timeframe=2&StartYear=1840&EndYear=2018&Year=2017&Month=6 HTTP/1.1" 200 8680
2024-04-11 11:47:43,218 - urllib3.connectionpool - DEBUG  - _new_conn - Starting new HTTPS connection (1): climate.weather.gc.ca:443
2024-04-11 11:47:43,237 - urllib3.connectionpool - DEBUG  - _make_request - https://climate.weather.gc.ca:443 "GET /climate_data/daily_data_e.html?StationID=27174&timeframe=2&StartYear=1840&EndYear=2018&Year=2022&Month=5 HTTP/1.1" 200 8660
2024-04-11 11:47:43,306 - urllib3.connectionpool - DEBUG  - _new_conn - Starting new HTTPS connection (1): climate.weather.gc.ca:443
2024-04-11 11:47:43,524 - urllib3.connectionpool - DEBUG  - _make_request - https://climate.weather.gc.ca:443 "GET /climate_data/daily_data_e.html?StationID=27174&timeframe=2&StartYear=1840&EndYear=2018&Year=2019&Month=4 HTTP/1.1" 200 8560
2024-04-11 11:47:43,528 - urllib3.connectionpool - DEBUG  - _make_request - https://climate.weather.gc.ca:443 "GET /climate_data/daily_data_e.html?StationID=27174&timeframe=2&StartYear=1840&EndYear=2018&Year=2023&Month=5 HTTP/1.1" 200 8573
2024-04-11 11:47:43,536 - urllib3.connectionpool - DEBUG  - _new_conn - Starting new HTTPS connection (1): climate.weather.gc.ca:443
2024-04-11 11:47:43,538 - urllib3.connectionpool - DEBUG  - _new_conn - Starting new HTTPS connection (1): climate.weather.gc.ca:443
2024-04-11 11:47:43,569 - urllib3.connectionpool - DEBUG  - _make_request - https://climate.weather.gc.ca:443 "GET /climate_data/daily_data_e.html?StationID=27174&timeframe=2&StartYear=1840&EndYear=2018&Year=2012&Month=5 HTTP/1.1" 200 8494
2024-04-11 11:47:43,575 - urllib3.connectionpool - DEBUG  - _make_request - https://climate.weather.gc.ca:443 "GET /climate_data/daily_data_e.html?StationID=27174&timeframe=2&StartYear=1840&EndYear=2018&Year=2011&Month=5 HTTP/1.1" 200 8464
2024-04-11 11:47:43,579 - urllib3.connectionpool - DEBUG  - _new_conn - Starting new HTTPS connection (1): climate.weather.gc.ca:443
2024-04-11 11:47:43,585 - urllib3.connectionpool - DEBUG  - _new_conn - Starting new HTTPS connection (1): climate.weather.gc.ca:443
2024-04-11 11:47:43,606 - urllib3.connectionpool - DEBUG  - _make_request - https://climate.weather.gc.ca:443 "GET /climate_data/daily_data_e.html?StationID=27174&timeframe=2&StartYear=1840&EndYear=2018&Year=2016&Month=6 HTTP/1.1" 200 8693
2024-04-11 11:47:43,615 - urllib3.connectionpool - DEBUG  - _new_conn - Starting new HTTPS connection (1): climate.weather.gc.ca:443
2024-04-11 11:47:43,626 - urllib3.connectionpool - DEBUG  - _make_request - https://climate.weather.gc.ca:443 "GET /climate_data/daily_data_e.html?StationID=27174&timeframe=2&StartYear=1840&EndYear=2018&Year=2013&Month=6 HTTP/1.1" 200 8434
2024-04-11 11:47:43,637 - urllib3.connectionpool - DEBUG  - _new_conn - Starting new HTTPS connection (1): climate.weather.gc.ca:443
2024-04-11 11:47:43,926 - urllib3.connectionpool - DEBUG  - _make_request - https://climate.weather.gc.ca:443 "GET /climate_data/daily_data_e.html?StationID=27174&timeframe=2&StartYear=1840&EndYear=2018&Year=2021&Month=4 HTTP/1.1" 200 8587
2024-04-11 11:47:43,936 - urllib3.connectionpool - DEBUG  - _new_conn - Starting new HTTPS connection (1): climate.weather.gc.ca:443
2024-04-11 11:47:44,098 - urllib3.connectionpool - DEBUG  - _make_request - https://climate.weather.gc.ca:443 "GET /climate_data/daily_data_e.html?StationID=27174&timeframe=2&StartYear=1840&EndYear=2018&Year=2007&Month=5 HTTP/1.1" 200 8252
2024-04-11 11:47:44,107 - urllib3.connectionpool - DEBUG  - _new_conn - Starting new HTTPS connection (1): climate.weather.gc.ca:443
2024-04-11 11:47:44,473 - urllib3.connectionpool - DEBUG  - _make_request - https://climate.weather.gc.ca:443 "GET /climate_data/daily_data_e.html?StationID=27174&timeframe=2&StartYear=1840&EndYear=2018&Year=2005&Month=5 HTTP/1.1" 200 8266
2024-04-11 11:47:44,477 - urllib3.connectionpool - DEBUG  - _make_request - https://climate.weather.gc.ca:443 "GET /climate_data/daily_data_e.html?StationID=27174&timeframe=2&StartYear=1840&EndYear=2018&Year=2004&Month=9 HTTP/1.1" 200 8258
2024-04-11 11:47:44,483 - urllib3.connectionpool - DEBUG  - _new_conn - Starting new HTTPS connection (1): climate.weather.gc.ca:443
2024-04-11 11:47:44,485 - urllib3.connectionpool - DEBUG  - _new_conn - Starting new HTTPS connection (1): climate.weather.gc.ca:443
2024-04-11 11:47:44,501 - urllib3.connectionpool - DEBUG  - _make_request - https://climate.weather.gc.ca:443 "GET /climate_data/daily_data_e.html?StationID=27174&timeframe=2&StartYear=1840&EndYear=2018&Year=2020&Month=5 HTTP/1.1" 200 8604
2024-04-11 11:47:44,508 - urllib3.connectionpool - DEBUG  - _new_conn - Starting new HTTPS connection (1): climate.weather.gc.ca:443
2024-04-11 11:47:44,548 - urllib3.connectionpool - DEBUG  - _make_request - https://climate.weather.gc.ca:443 "GET /climate_data/daily_data_e.html?StationID=27174&timeframe=2&StartYear=1840&EndYear=2018&Year=2018&Month=6 HTTP/1.1" 200 8734
2024-04-11 11:47:44,555 - urllib3.connectionpool - DEBUG  - _new_conn - Starting new HTTPS connection (1): climate.weather.gc.ca:443
2024-04-11 11:47:44,588 - urllib3.connectionpool - DEBUG  - _make_request - https://climate.weather.gc.ca:443 "GET /climate_data/daily_data_e.html?StationID=27174&timeframe=2&StartYear=1840&EndYear=2018&Year=2014&Month=5 HTTP/1.1" 200 8655
2024-04-11 11:47:44,589 - urllib3.connectionpool - DEBUG  - _make_request - https://climate.weather.gc.ca:443 "GET /climate_data/daily_data_e.html?StationID=27174&timeframe=2&StartYear=1840&EndYear=2018&Year=2009&Month=6 HTTP/1.1" 200 8485
2024-04-11 11:47:44,590 - urllib3.connectionpool - DEBUG  - _make_request - https://climate.weather.gc.ca:443 "GET /climate_data/daily_data_e.html?StationID=27174&timeframe=2&StartYear=1840&EndYear=2018&Year=2008&Month=5 HTTP/1.1" 200 8426
2024-04-11 11:47:44,592 - urllib3.connectionpool - DEBUG  - _make_request - https://climate.weather.gc.ca:443 "GET /climate_data/daily_data_e.html?StationID=27174&timeframe=2&StartYear=1840&EndYear=2018&Year=2010&Month=5 HTTP/1.1" 200 8450
2024-04-11 11:47:44,607 - urllib3.connectionpool - DEBUG  - _new_conn - Starting new HTTPS connection (1): climate.weather.gc.ca:443
2024-04-11 11:47:44,610 - urllib3.connectionpool - DEBUG  - _new_conn - Starting new HTTPS connection (1): climate.weather.gc.ca:443
2024-04-11 11:47:44,612 - urllib3.connectionpool - DEBUG  - _new_conn - Starting new HTTPS connection (1): climate.weather.gc.ca:443
2024-04-11 11:47:44,615 - urllib3.connectionpool - DEBUG  - _new_conn - Starting new HTTPS connection (1): climate.weather.gc.ca:443
2024-04-11 11:47:44,926 - urllib3.connectionpool - DEBUG  - _make_request - https://climate.weather.gc.ca:443 "GET /climate_data/daily_data_e.html?StationID=27174&timeframe=2&StartYear=1840&EndYear=2018&Year=2006&Month=3 HTTP/1.1" 200 8250
2024-04-11 11:47:44,934 - urllib3.connectionpool - DEBUG  - _new_conn - Starting new HTTPS connection (1): climate.weather.gc.ca:443
2024-04-11 11:47:44,950 - urllib3.connectionpool - DEBUG  - _make_request - https://climate.weather.gc.ca:443 "GET /climate_data/daily_data_e.html?StationID=27174&timeframe=2&StartYear=1840&EndYear=2018&Year=2017&Month=5 HTTP/1.1" 200 8588
2024-04-11 11:47:44,965 - urllib3.connectionpool - DEBUG  - _new_conn - Starting new HTTPS connection (1): climate.weather.gc.ca:443
2024-04-11 11:47:45,252 - urllib3.connectionpool - DEBUG  - _make_request - https://climate.weather.gc.ca:443 "GET /climate_data/daily_data_e.html?StationID=27174&timeframe=2&StartYear=1840&EndYear=2018&Year=2011&Month=4 HTTP/1.1" 200 8335
2024-04-11 11:47:45,261 - urllib3.connectionpool - DEBUG  - _new_conn - Starting new HTTPS connection (1): climate.weather.gc.ca:443
2024-04-11 11:47:45,264 - urllib3.connectionpool - DEBUG  - _make_request - https://climate.weather.gc.ca:443 "GET /climate_data/daily_data_e.html?StationID=27174&timeframe=2&StartYear=1840&EndYear=2018&Year=2007&Month=4 HTTP/1.1" 200 8213
2024-04-11 11:47:45,272 - urllib3.connectionpool - DEBUG  - _new_conn - Starting new HTTPS connection (1): climate.weather.gc.ca:443
2024-04-11 11:47:45,275 - urllib3.connectionpool - DEBUG  - _make_request - https://climate.weather.gc.ca:443 "GET /climate_data/daily_data_e.html?StationID=27174&timeframe=2&StartYear=1840&EndYear=2018&Year=2013&Month=5 HTTP/1.1" 200 8463
2024-04-11 11:47:45,283 - urllib3.connectionpool - DEBUG  - _new_conn - Starting new HTTPS connection (1): climate.weather.gc.ca:443
2024-04-11 11:47:45,337 - urllib3.connectionpool - DEBUG  - _make_request - https://climate.weather.gc.ca:443 "GET /climate_data/daily_data_e.html?StationID=27174&timeframe=2&StartYear=1840&EndYear=2018&Year=2019&Month=3 HTTP/1.1" 200 8592
2024-04-11 11:47:45,345 - urllib3.connectionpool - DEBUG  - _new_conn - Starting new HTTPS connection (1): climate.weather.gc.ca:443
2024-04-11 11:47:45,372 - urllib3.connectionpool - DEBUG  - _make_request - https://climate.weather.gc.ca:443 "GET /climate_data/daily_data_e.html?StationID=27174&timeframe=2&StartYear=1840&EndYear=2018&Year=2023&Month=4 HTTP/1.1" 200 8576
2024-04-11 11:47:45,380 - urllib3.connectionpool - DEBUG  - _new_conn - Starting new HTTPS connection (1): climate.weather.gc.ca:443
2024-04-11 11:47:45,436 - urllib3.connectionpool - DEBUG  - _make_request - https://climate.weather.gc.ca:443 "GET /climate_data/daily_data_e.html?StationID=27174&timeframe=2&StartYear=1840&EndYear=2018&Year=2012&Month=4 HTTP/1.1" 200 8415
2024-04-11 11:47:45,445 - urllib3.connectionpool - DEBUG  - _new_conn - Starting new HTTPS connection (1): climate.weather.gc.ca:443
2024-04-11 11:47:45,793 - urllib3.connectionpool - DEBUG  - _make_request - https://climate.weather.gc.ca:443 "GET /climate_data/daily_data_e.html?StationID=27174&timeframe=2&StartYear=1840&EndYear=2018&Year=2015&Month=4 HTTP/1.1" 200 8612
2024-04-11 11:47:45,801 - urllib3.connectionpool - DEBUG  - _new_conn - Starting new HTTPS connection (1): climate.weather.gc.ca:443
2024-04-11 11:47:46,011 - urllib3.connectionpool - DEBUG  - _make_request - https://climate.weather.gc.ca:443 "GET /climate_data/daily_data_e.html?StationID=27174&timeframe=2&StartYear=1840&EndYear=2018&Year=2022&Month=4 HTTP/1.1" 200 8622
2024-04-11 11:47:46,019 - urllib3.connectionpool - DEBUG  - _new_conn - Starting new HTTPS connection (1): climate.weather.gc.ca:443
2024-04-11 11:47:46,261 - urllib3.connectionpool - DEBUG  - _make_request - https://climate.weather.gc.ca:443 "GET /climate_data/daily_data_e.html?StationID=27174&timeframe=2&StartYear=1840&EndYear=2018&Year=2016&Month=5 HTTP/1.1" 200 8620
2024-04-11 11:47:46,268 - urllib3.connectionpool - DEBUG  - _new_conn - Starting new HTTPS connection (1): climate.weather.gc.ca:443
2024-04-11 11:47:46,328 - urllib3.connectionpool - DEBUG  - _make_request - https://climate.weather.gc.ca:443 "GET /climate_data/daily_data_e.html?StationID=27174&timeframe=2&StartYear=1840&EndYear=2018&Year=2020&Month=4 HTTP/1.1" 200 8620
2024-04-11 11:47:46,335 - urllib3.connectionpool - DEBUG  - _new_conn - Starting new HTTPS connection (1): climate.weather.gc.ca:443
2024-04-11 11:47:46,362 - urllib3.connectionpool - DEBUG  - _make_request - https://climate.weather.gc.ca:443 "GET /climate_data/daily_data_e.html?StationID=27174&timeframe=2&StartYear=1840&EndYear=2018&Year=2005&Month=4 HTTP/1.1" 200 8188
2024-04-11 11:47:46,368 - urllib3.connectionpool - DEBUG  - _new_conn - Starting new HTTPS connection (1): climate.weather.gc.ca:443
2024-04-11 11:47:46,540 - urllib3.connectionpool - DEBUG  - _make_request - https://climate.weather.gc.ca:443 "GET /climate_data/daily_data_e.html?StationID=27174&timeframe=2&StartYear=1840&EndYear=2018&Year=2010&Month=4 HTTP/1.1" 200 8436
2024-04-11 11:47:46,548 - urllib3.connectionpool - DEBUG  - _new_conn - Starting new HTTPS connection (1): climate.weather.gc.ca:443
2024-04-11 11:47:46,549 - urllib3.connectionpool - DEBUG  - _make_request - https://climate.weather.gc.ca:443 "GET /climate_data/daily_data_e.html?StationID=27174&timeframe=2&StartYear=1840&EndYear=2018&Year=2014&Month=4 HTTP/1.1" 200 8615
2024-04-11 11:47:46,556 - urllib3.connectionpool - DEBUG  - _new_conn - Starting new HTTPS connection (1): climate.weather.gc.ca:443
2024-04-11 11:47:46,687 - urllib3.connectionpool - DEBUG  - _make_request - https://climate.weather.gc.ca:443 "GET /climate_data/daily_data_e.html?StationID=27174&timeframe=2&StartYear=1840&EndYear=2018&Year=2021&Month=3 HTTP/1.1" 200 8594
2024-04-11 11:47:46,695 - urllib3.connectionpool - DEBUG  - _new_conn - Starting new HTTPS connection (1): climate.weather.gc.ca:443
2024-04-11 11:47:46,828 - urllib3.connectionpool - DEBUG  - _make_request - https://climate.weather.gc.ca:443 "GET /climate_data/daily_data_e.html?StationID=27174&timeframe=2&StartYear=1840&EndYear=2018&Year=2006&Month=2 HTTP/1.1" 200 7792
2024-04-11 11:47:46,835 - urllib3.connectionpool - DEBUG  - _new_conn - Starting new HTTPS connection (1): climate.weather.gc.ca:443
2024-04-11 11:47:46,837 - urllib3.connectionpool - DEBUG  - _make_request - https://climate.weather.gc.ca:443 "GET /climate_data/daily_data_e.html?StationID=27174&timeframe=2&StartYear=1840&EndYear=2018&Year=2008&Month=4 HTTP/1.1" 200 8427
2024-04-11 11:47:46,838 - urllib3.connectionpool - DEBUG  - _make_request - https://climate.weather.gc.ca:443 "GET /climate_data/daily_data_e.html?StationID=27174&timeframe=2&StartYear=1840&EndYear=2018&Year=2004&Month=8 HTTP/1.1" 200 8821
2024-04-11 11:47:46,849 - urllib3.connectionpool - DEBUG  - _new_conn - Starting new HTTPS connection (1): climate.weather.gc.ca:443
2024-04-11 11:47:46,854 - urllib3.connectionpool - DEBUG  - _new_conn - Starting new HTTPS connection (1): climate.weather.gc.ca:443
2024-04-11 11:47:47,062 - urllib3.connectionpool - DEBUG  - _make_request - https://climate.weather.gc.ca:443 "GET /climate_data/daily_data_e.html?StationID=27174&timeframe=2&StartYear=1840&EndYear=2018&Year=2011&Month=3 HTTP/1.1" 200 8515
2024-04-11 11:47:47,074 - urllib3.connectionpool - DEBUG  - _new_conn - Starting new HTTPS connection (1): climate.weather.gc.ca:443
2024-04-11 11:47:47,430 - urllib3.connectionpool - DEBUG  - _make_request - https://climate.weather.gc.ca:443 "GET /climate_data/daily_data_e.html?StationID=27174&timeframe=2&StartYear=1840&EndYear=2018&Year=2018&Month=5 HTTP/1.1" 200 8701
2024-04-11 11:47:47,438 - urllib3.connectionpool - DEBUG  - _new_conn - Starting new HTTPS connection (1): climate.weather.gc.ca:443
2024-04-11 11:47:47,529 - urllib3.connectionpool - DEBUG  - _make_request - https://climate.weather.gc.ca:443 "GET /climate_data/daily_data_e.html?StationID=27174&timeframe=2&StartYear=1840&EndYear=2018&Year=2009&Month=5 HTTP/1.1" 200 8425
2024-04-11 11:47:47,538 - urllib3.connectionpool - DEBUG  - _new_conn - Starting new HTTPS connection (1): climate.weather.gc.ca:443
2024-04-11 11:47:47,576 - urllib3.connectionpool - DEBUG  - _make_request - https://climate.weather.gc.ca:443 "GET /climate_data/daily_data_e.html?StationID=27174&timeframe=2&StartYear=1840&EndYear=2018&Year=2022&Month=3 HTTP/1.1" 200 8652
2024-04-11 11:47:47,583 - urllib3.connectionpool - DEBUG  - _new_conn - Starting new HTTPS connection (1): climate.weather.gc.ca:443
2024-04-11 11:47:47,791 - urllib3.connectionpool - DEBUG  - _make_request - https://climate.weather.gc.ca:443 "GET /climate_data/daily_data_e.html?StationID=27174&timeframe=2&StartYear=1840&EndYear=2018&Year=2023&Month=3 HTTP/1.1" 200 8587
2024-04-11 11:47:47,798 - urllib3.connectionpool - DEBUG  - _new_conn - Starting new HTTPS connection (1): climate.weather.gc.ca:443
2024-04-11 11:47:47,825 - urllib3.connectionpool - DEBUG  - _make_request - https://climate.weather.gc.ca:443 "GET /climate_data/daily_data_e.html?StationID=27174&timeframe=2&StartYear=1840&EndYear=2018&Year=2017&Month=4 HTTP/1.1" 200 8593
2024-04-11 11:47:47,836 - urllib3.connectionpool - DEBUG  - _new_conn - Starting new HTTPS connection (1): climate.weather.gc.ca:443
2024-04-11 11:47:48,001 - urllib3.connectionpool - DEBUG  - _make_request - https://climate.weather.gc.ca:443 "GET /climate_data/daily_data_e.html?StationID=27174&timeframe=2&StartYear=1840&EndYear=2018&Year=2020&Month=3 HTTP/1.1" 200 8627
2024-04-11 11:47:48,008 - urllib3.connectionpool - DEBUG  - _new_conn - Starting new HTTPS connection (1): climate.weather.gc.ca:443
2024-04-11 11:47:48,048 - urllib3.connectionpool - DEBUG  - _make_request - https://climate.weather.gc.ca:443 "GET /climate_data/daily_data_e.html?StationID=27174&timeframe=2&StartYear=1840&EndYear=2018&Year=2013&Month=4 HTTP/1.1" 200 8440
2024-04-11 11:47:48,056 - urllib3.connectionpool - DEBUG  - _new_conn - Starting new HTTPS connection (1): climate.weather.gc.ca:443
2024-04-11 11:47:48,109 - urllib3.connectionpool - DEBUG  - _make_request - https://climate.weather.gc.ca:443 "GET /climate_data/daily_data_e.html?StationID=27174&timeframe=2&StartYear=1840&EndYear=2018&Year=2019&Month=2 HTTP/1.1" 200 8551
2024-04-11 11:47:48,110 - urllib3.connectionpool - DEBUG  - _make_request - https://climate.weather.gc.ca:443 "GET /climate_data/daily_data_e.html?StationID=27174&timeframe=2&StartYear=1840&EndYear=2018&Year=2007&Month=3 HTTP/1.1" 200 8372
2024-04-11 11:47:48,111 - urllib3.connectionpool - DEBUG  - _make_request - https://climate.weather.gc.ca:443 "GET /climate_data/daily_data_e.html?StationID=27174&timeframe=2&StartYear=1840&EndYear=2018&Year=2005&Month=3 HTTP/1.1" 200 8305
2024-04-11 11:47:48,126 - urllib3.connectionpool - DEBUG  - _new_conn - Starting new HTTPS connection (1): climate.weather.gc.ca:443
2024-04-11 11:47:48,128 - urllib3.connectionpool - DEBUG  - _new_conn - Starting new HTTPS connection (1): climate.weather.gc.ca:443
2024-04-11 11:47:48,130 - urllib3.connectionpool - DEBUG  - _new_conn - Starting new HTTPS connection (1): climate.weather.gc.ca:443
2024-04-11 11:47:48,218 - urllib3.connectionpool - DEBUG  - _make_request - https://climate.weather.gc.ca:443 "GET /climate_data/daily_data_e.html?StationID=27174&timeframe=2&StartYear=1840&EndYear=2018&Year=2012&Month=3 HTTP/1.1" 200 8502
2024-04-11 11:47:48,229 - urllib3.connectionpool - DEBUG  - _new_conn - Starting new HTTPS connection (1): climate.weather.gc.ca:443
2024-04-11 11:47:48,264 - urllib3.connectionpool - DEBUG  - _make_request - https://climate.weather.gc.ca:443 "GET /climate_data/daily_data_e.html?StationID=27174&timeframe=2&StartYear=1840&EndYear=2018&Year=2015&Month=3 HTTP/1.1" 200 8662
2024-04-11 11:47:48,273 - urllib3.connectionpool - DEBUG  - _new_conn - Starting new HTTPS connection (1): climate.weather.gc.ca:443
2024-04-11 11:47:48,290 - urllib3.connectionpool - DEBUG  - _make_request - https://climate.weather.gc.ca:443 "GET /climate_data/daily_data_e.html?StationID=27174&timeframe=2&StartYear=1840&EndYear=2018&Year=2010&Month=3 HTTP/1.1" 200 8421
2024-04-11 11:47:48,299 - urllib3.connectionpool - DEBUG  - _new_conn - Starting new HTTPS connection (1): climate.weather.gc.ca:443
2024-04-11 11:47:48,386 - urllib3.connectionpool - DEBUG  - _make_request - https://climate.weather.gc.ca:443 "GET /climate_data/daily_data_e.html?StationID=27174&timeframe=2&StartYear=1840&EndYear=2018&Year=2021&Month=2 HTTP/1.1" 200 8533
2024-04-11 11:47:48,394 - urllib3.connectionpool - DEBUG  - _new_conn - Starting new HTTPS connection (1): climate.weather.gc.ca:443
2024-04-11 11:47:48,946 - urllib3.connectionpool - DEBUG  - _make_request - https://climate.weather.gc.ca:443 "GET /climate_data/daily_data_e.html?StationID=27174&timeframe=2&StartYear=1840&EndYear=2018&Year=2016&Month=4 HTTP/1.1" 200 8638
2024-04-11 11:47:48,953 - urllib3.connectionpool - DEBUG  - _new_conn - Starting new HTTPS connection (1): climate.weather.gc.ca:443
2024-04-11 11:47:49,229 - urllib3.connectionpool - DEBUG  - _make_request - https://climate.weather.gc.ca:443 "GET /climate_data/daily_data_e.html?StationID=27174&timeframe=2&StartYear=1840&EndYear=2018&Year=2022&Month=2 HTTP/1.1" 200 8593
2024-04-11 11:47:49,236 - urllib3.connectionpool - DEBUG  - _new_conn - Starting new HTTPS connection (1): climate.weather.gc.ca:443
2024-04-11 11:47:49,302 - urllib3.connectionpool - DEBUG  - _make_request - https://climate.weather.gc.ca:443 "GET /climate_data/daily_data_e.html?StationID=27174&timeframe=2&StartYear=1840&EndYear=2018&Year=2014&Month=3 HTTP/1.1" 200 8652
2024-04-11 11:47:49,309 - urllib3.connectionpool - DEBUG  - _new_conn - Starting new HTTPS connection (1): climate.weather.gc.ca:443
2024-04-11 11:47:49,395 - urllib3.connectionpool - DEBUG  - _make_request - https://climate.weather.gc.ca:443 "GET /climate_data/daily_data_e.html?StationID=27174&timeframe=2&StartYear=1840&EndYear=2018&Year=2008&Month=3 HTTP/1.1" 200 8464
2024-04-11 11:47:49,398 - urllib3.connectionpool - DEBUG  - _make_request - https://climate.weather.gc.ca:443 "GET /climate_data/daily_data_e.html?StationID=27174&timeframe=2&StartYear=1840&EndYear=2018&Year=2009&Month=4 HTTP/1.1" 200 8453
2024-04-11 11:47:49,399 - urllib3.connectionpool - DEBUG  - _make_request - https://climate.weather.gc.ca:443 "GET /climate_data/daily_data_e.html?StationID=27174&timeframe=2&StartYear=1840&EndYear=2018&Year=2011&Month=2 HTTP/1.1" 200 8350
2024-04-11 11:47:49,403 - urllib3.connectionpool - DEBUG  - _make_request - https://climate.weather.gc.ca:443 "GET /climate_data/daily_data_e.html?StationID=27174&timeframe=2&StartYear=1840&EndYear=2018&Year=2006&Month=1 HTTP/1.1" 200 7839
2024-04-11 11:47:49,408 - urllib3.connectionpool - DEBUG  - _make_request - https://climate.weather.gc.ca:443 "GET /climate_data/daily_data_e.html?StationID=27174&timeframe=2&StartYear=1840&EndYear=2018&Year=2004&Month=7 HTTP/1.1" 200 8292
2024-04-11 11:47:49,412 - urllib3.connectionpool - DEBUG  - _new_conn - Starting new HTTPS connection (1): climate.weather.gc.ca:443
2024-04-11 11:47:49,416 - urllib3.connectionpool - DEBUG  - _new_conn - Starting new HTTPS connection (1): climate.weather.gc.ca:443
2024-04-11 11:47:49,418 - urllib3.connectionpool - DEBUG  - _new_conn - Starting new HTTPS connection (1): climate.weather.gc.ca:443
2024-04-11 11:47:49,425 - urllib3.connectionpool - DEBUG  - _new_conn - Starting new HTTPS connection (1): climate.weather.gc.ca:443
2024-04-11 11:47:49,426 - urllib3.connectionpool - DEBUG  - _new_conn - Starting new HTTPS connection (1): climate.weather.gc.ca:443
2024-04-11 11:47:49,426 - prod_util - ERROR  - system_log - 
Error: could not convert string to float: 'November 2, 2006'
Function Name: _format_payload_for_insert
Data Corruption:
('-12.3', 'WINNIPEG A CS', ' MANITOBA ', '-23.4', '-17.9', 'November 1, 2006')


2024-04-11 11:47:49,426 - prod_util - ERROR  - system_log - 
Error: could not convert string to float: 'November 3, 2006'
Function Name: _format_payload_for_insert
Data Corruption:
('-23.4', 'WINNIPEG A CS', ' MANITOBA ', '-17.9', 'November 1, 2006', 'November 2, 2006')


2024-04-11 11:47:49,427 - prod_util - ERROR  - system_log - 
Error: could not convert string to float: 'November 4, 2006'
Function Name: _format_payload_for_insert
Data Corruption:
('-17.9', 'WINNIPEG A CS', ' MANITOBA ', 'November 1, 2006', 'November 2, 2006', 'November 3, 2006')


2024-04-11 11:47:49,427 - prod_util - ERROR  - system_log - 
Error: could not convert string to float: 'November 5, 2006'
Function Name: _format_payload_for_insert
Data Corruption:
('November 1, 2006', 'WINNIPEG A CS', ' MANITOBA ', 'November 2, 2006', 'November 3, 2006', 'November 4, 2006')


2024-04-11 11:47:49,427 - prod_util - ERROR  - system_log - 
Error: could not convert string to float: 'November 6, 2006'
Function Name: _format_payload_for_insert
Data Corruption:
('November 2, 2006', 'WINNIPEG A CS', ' MANITOBA ', 'November 3, 2006', 'November 4, 2006', 'November 5, 2006')


2024-04-11 11:47:49,428 - prod_util - ERROR  - system_log - 
Error: could not convert string to float: 'November 7, 2006'
Function Name: _format_payload_for_insert
Data Corruption:
('November 3, 2006', 'WINNIPEG A CS', ' MANITOBA ', 'November 4, 2006', 'November 5, 2006', 'November 6, 2006')


2024-04-11 11:47:49,428 - prod_util - ERROR  - system_log - 
Error: could not convert string to float: 'November 8, 2006'
Function Name: _format_payload_for_insert
Data Corruption:
('November 4, 2006', 'WINNIPEG A CS', ' MANITOBA ', 'November 5, 2006', 'November 6, 2006', 'November 7, 2006')


2024-04-11 11:47:49,428 - prod_util - ERROR  - system_log - 
Error: could not convert string to float: 'November 9, 2006'
Function Name: _format_payload_for_insert
Data Corruption:
('November 5, 2006', 'WINNIPEG A CS', ' MANITOBA ', 'November 6, 2006', 'November 7, 2006', 'November 8, 2006')


2024-04-11 11:47:49,429 - prod_util - ERROR  - system_log - 
Error: could not convert string to float: 'November 10, 2006'
Function Name: _format_payload_for_insert
Data Corruption:
('November 6, 2006', 'WINNIPEG A CS', ' MANITOBA ', 'November 7, 2006', 'November 8, 2006', 'November 9, 2006')


2024-04-11 11:47:49,429 - prod_util - ERROR  - system_log - 
Error: could not convert string to float: 'November 11, 2006'
Function Name: _format_payload_for_insert
Data Corruption:
('November 7, 2006', 'WINNIPEG A CS', ' MANITOBA ', 'November 8, 2006', 'November 9, 2006', 'November 10, 2006')


2024-04-11 11:47:49,429 - prod_util - ERROR  - system_log - 
Error: could not convert string to float: 'November 12, 2006'
Function Name: _format_payload_for_insert
Data Corruption:
('November 8, 2006', 'WINNIPEG A CS', ' MANITOBA ', 'November 9, 2006', 'November 10, 2006', 'November 11, 2006')


2024-04-11 11:47:49,429 - prod_util - ERROR  - system_log - 
Error: could not convert string to float: 'November 13, 2006'
Function Name: _format_payload_for_insert
Data Corruption:
('November 9, 2006', 'WINNIPEG A CS', ' MANITOBA ', 'November 10, 2006', 'November 11, 2006', 'November 12, 2006')


2024-04-11 11:47:49,430 - prod_util - ERROR  - system_log - 
Error: could not convert string to float: 'November 14, 2006'
Function Name: _format_payload_for_insert
Data Corruption:
('November 10, 2006', 'WINNIPEG A CS', ' MANITOBA ', 'November 11, 2006', 'November 12, 2006', 'November 13, 2006')


2024-04-11 11:47:49,430 - prod_util - ERROR  - system_log - 
Error: could not convert string to float: 'November 15, 2006'
Function Name: _format_payload_for_insert
Data Corruption:
('November 11, 2006', 'WINNIPEG A CS', ' MANITOBA ', 'November 12, 2006', 'November 13, 2006', 'November 14, 2006')


2024-04-11 11:47:49,430 - prod_util - ERROR  - system_log - 
Error: could not convert string to float: 'November 16, 2006'
Function Name: _format_payload_for_insert
Data Corruption:
('November 12, 2006', 'WINNIPEG A CS', ' MANITOBA ', 'November 13, 2006', 'November 14, 2006', 'November 15, 2006')


2024-04-11 11:47:49,430 - prod_util - ERROR  - system_log - 
Error: could not convert string to float: 'November 17, 2006'
Function Name: _format_payload_for_insert
Data Corruption:
('November 13, 2006', 'WINNIPEG A CS', ' MANITOBA ', 'November 14, 2006', 'November 15, 2006', 'November 16, 2006')


2024-04-11 11:47:49,432 - prod_util - ERROR  - system_log - 
Error: could not convert string to float: 'October 2, 2006'
Function Name: _format_payload_for_insert
Data Corruption:
('2.9', 'WINNIPEG A CS', ' MANITOBA ', '-4.6', '-0.9', 'October 1, 2006')


2024-04-11 11:47:49,440 - prod_util - ERROR  - system_log - 
Error: time data '28.5' does not match format '%B %d, %Y'
Function Name: _strptime
Data Corruption:
('-4.6', 'WINNIPEG A CS', ' MANITOBA ', '-0.9', 'October 1, 2006', '28.5')


2024-04-11 11:47:49,440 - prod_util - ERROR  - system_log - 
Error: could not convert string to float: 'October 3, 2006'
Function Name: _format_payload_for_insert
Data Corruption:
('-0.9', 'WINNIPEG A CS', ' MANITOBA ', 'October 1, 2006', '28.5', 'October 2, 2006')


2024-04-11 11:47:49,441 - prod_util - ERROR  - system_log - 
Error: time data '14.9' does not match format '%B %d, %Y'
Function Name: _strptime
Data Corruption:
('October 1, 2006', 'WINNIPEG A CS', ' MANITOBA ', '28.5', 'October 2, 2006', '14.9')


2024-04-11 11:47:49,441 - prod_util - ERROR  - system_log - 
Error: could not convert string to float: 'October 4, 2006'
Function Name: _format_payload_for_insert
Data Corruption:
('28.5', 'WINNIPEG A CS', ' MANITOBA ', 'October 2, 2006', '14.9', 'October 3, 2006')


2024-04-11 11:47:49,442 - prod_util - ERROR  - system_log - 
Error: time data '14.4' does not match format '%B %d, %Y'
Function Name: _strptime
Data Corruption:
('October 2, 2006', 'WINNIPEG A CS', ' MANITOBA ', '14.9', 'October 3, 2006', '14.4')


2024-04-11 11:47:49,442 - prod_util - ERROR  - system_log - 
Error: could not convert string to float: 'October 5, 2006'
Function Name: _format_payload_for_insert
Data Corruption:
('14.9', 'WINNIPEG A CS', ' MANITOBA ', 'October 3, 2006', '14.4', 'October 4, 2006')


2024-04-11 11:47:49,442 - prod_util - ERROR  - system_log - 
Error: time data '9.5' does not match format '%B %d, %Y'
Function Name: _strptime
Data Corruption:
('October 3, 2006', 'WINNIPEG A CS', ' MANITOBA ', '14.4', 'October 4, 2006', '9.5')


2024-04-11 11:47:49,443 - prod_util - ERROR  - system_log - 
Error: could not convert string to float: 'October 6, 2006'
Function Name: _format_payload_for_insert
Data Corruption:
('14.4', 'WINNIPEG A CS', ' MANITOBA ', 'October 4, 2006', '9.5', 'October 5, 2006')


2024-04-11 11:47:49,443 - prod_util - ERROR  - system_log - 
Error: time data '20.3' does not match format '%B %d, %Y'
Function Name: _strptime
Data Corruption:
('October 4, 2006', 'WINNIPEG A CS', ' MANITOBA ', '9.5', 'October 5, 2006', '20.3')


2024-04-11 11:47:49,443 - prod_util - ERROR  - system_log - 
Error: could not convert string to float: 'October 7, 2006'
Function Name: _format_payload_for_insert
Data Corruption:
('9.5', 'WINNIPEG A CS', ' MANITOBA ', 'October 5, 2006', '20.3', 'October 6, 2006')


2024-04-11 11:47:49,444 - prod_util - ERROR  - system_log - 
Error: time data '23.0' does not match format '%B %d, %Y'
Function Name: _strptime
Data Corruption:
('October 5, 2006', 'WINNIPEG A CS', ' MANITOBA ', '20.3', 'October 6, 2006', '23.0')


2024-04-11 11:47:49,444 - prod_util - ERROR  - system_log - 
Error: could not convert string to float: 'October 8, 2006'
Function Name: _format_payload_for_insert
Data Corruption:
('20.3', 'WINNIPEG A CS', ' MANITOBA ', 'October 6, 2006', '23.0', 'October 7, 2006')


2024-04-11 11:47:49,444 - prod_util - ERROR  - system_log - 
Error: could not convert string to float: 'October 9, 2006'
Function Name: _format_payload_for_insert
Data Corruption:
('October 6, 2006', 'WINNIPEG A CS', ' MANITOBA ', '23.0', 'October 7, 2006', 'October 8, 2006')


2024-04-11 11:47:49,445 - prod_util - ERROR  - system_log - 
Error: could not convert string to float: 'October 10, 2006'
Function Name: _format_payload_for_insert
Data Corruption:
('23.0', 'WINNIPEG A CS', ' MANITOBA ', 'October 7, 2006', 'October 8, 2006', 'October 9, 2006')


2024-04-11 11:47:49,445 - prod_util - ERROR  - system_log - 
Error: time data '15.3' does not match format '%B %d, %Y'
Function Name: _strptime
Data Corruption:
('October 7, 2006', 'WINNIPEG A CS', ' MANITOBA ', 'October 8, 2006', 'October 9, 2006', '15.3')


2024-04-11 11:47:49,446 - prod_util - ERROR  - system_log - 
Error: could not convert string to float: 'October 11, 2006'
Function Name: _format_payload_for_insert
Data Corruption:
('October 8, 2006', 'WINNIPEG A CS', ' MANITOBA ', 'October 9, 2006', '15.3', 'October 10, 2006')


2024-04-11 11:47:49,446 - prod_util - ERROR  - system_log - 
Error: could not convert string to float: 'October 12, 2006'
Function Name: _format_payload_for_insert
Data Corruption:
('October 9, 2006', 'WINNIPEG A CS', ' MANITOBA ', '15.3', 'October 10, 2006', 'October 11, 2006')


2024-04-11 11:47:49,446 - prod_util - ERROR  - system_log - 
Error: could not convert string to float: 'October 13, 2006'
Function Name: _format_payload_for_insert
Data Corruption:
('15.3', 'WINNIPEG A CS', ' MANITOBA ', 'October 10, 2006', 'October 11, 2006', 'October 12, 2006')


2024-04-11 11:47:49,446 - prod_util - ERROR  - system_log - 
Error: could not convert string to float: 'October 14, 2006'
Function Name: _format_payload_for_insert
Data Corruption:
('October 10, 2006', 'WINNIPEG A CS', ' MANITOBA ', 'October 11, 2006', 'October 12, 2006', 'October 13, 2006')


2024-04-11 11:47:49,447 - prod_util - ERROR  - system_log - 
Error: could not convert string to float: 'October 15, 2006'
Function Name: _format_payload_for_insert
Data Corruption:
('October 11, 2006', 'WINNIPEG A CS', ' MANITOBA ', 'October 12, 2006', 'October 13, 2006', 'October 14, 2006')


2024-04-11 11:47:49,447 - prod_util - ERROR  - system_log - 
Error: could not convert string to float: 'October 16, 2006'
Function Name: _format_payload_for_insert
Data Corruption:
('October 12, 2006', 'WINNIPEG A CS', ' MANITOBA ', 'October 13, 2006', 'October 14, 2006', 'October 15, 2006')


2024-04-11 11:47:49,447 - prod_util - ERROR  - system_log - 
Error: could not convert string to float: 'October 17, 2006'
Function Name: _format_payload_for_insert
Data Corruption:
('October 13, 2006', 'WINNIPEG A CS', ' MANITOBA ', 'October 14, 2006', 'October 15, 2006', 'October 16, 2006')


2024-04-11 11:47:49,449 - prod_util - ERROR  - system_log - 
Error: could not convert string to float: 'September 9, 2006'
Function Name: _format_payload_for_insert
Data Corruption:
('23.1', 'WINNIPEG A CS', ' MANITOBA ', '6.7', '14.9', 'September 8, 2006')


2024-04-11 11:47:49,449 - prod_util - ERROR  - system_log - 
Error: could not convert string to float: 'September 10, 2006'
Function Name: _format_payload_for_insert
Data Corruption:
('6.7', 'WINNIPEG A CS', ' MANITOBA ', '14.9', 'September 8, 2006', 'September 9, 2006')


2024-04-11 11:47:49,449 - prod_util - ERROR  - system_log - 
Error: could not convert string to float: 'September 11, 2006'
Function Name: _format_payload_for_insert
Data Corruption:
('14.9', 'WINNIPEG A CS', ' MANITOBA ', 'September 8, 2006', 'September 9, 2006', 'September 10, 2006')


2024-04-11 11:47:49,449 - prod_util - ERROR  - system_log - 
Error: could not convert string to float: 'September 12, 2006'
Function Name: _format_payload_for_insert
Data Corruption:
('September 8, 2006', 'WINNIPEG A CS', ' MANITOBA ', 'September 9, 2006', 'September 10, 2006', 'September 11, 2006')


2024-04-11 11:47:49,450 - prod_util - ERROR  - system_log - 
Error: could not convert string to float: 'September 13, 2006'
Function Name: _format_payload_for_insert
Data Corruption:
('September 9, 2006', 'WINNIPEG A CS', ' MANITOBA ', 'September 10, 2006', 'September 11, 2006', 'September 12, 2006')


2024-04-11 11:47:49,450 - prod_util - ERROR  - system_log - 
Error: could not convert string to float: 'September 14, 2006'
Function Name: _format_payload_for_insert
Data Corruption:
('September 10, 2006', 'WINNIPEG A CS', ' MANITOBA ', 'September 11, 2006', 'September 12, 2006', 'September 13, 2006')


2024-04-11 11:47:49,450 - prod_util - ERROR  - system_log - 
Error: could not convert string to float: 'September 15, 2006'
Function Name: _format_payload_for_insert
Data Corruption:
('September 11, 2006', 'WINNIPEG A CS', ' MANITOBA ', 'September 12, 2006', 'September 13, 2006', 'September 14, 2006')


2024-04-11 11:47:49,450 - prod_util - ERROR  - system_log - 
Error: could not convert string to float: 'September 16, 2006'
Function Name: _format_payload_for_insert
Data Corruption:
('September 12, 2006', 'WINNIPEG A CS', ' MANITOBA ', 'September 13, 2006', 'September 14, 2006', 'September 15, 2006')


2024-04-11 11:47:49,451 - prod_util - ERROR  - system_log - 
Error: could not convert string to float: 'September 17, 2006'
Function Name: _format_payload_for_insert
Data Corruption:
('September 13, 2006', 'WINNIPEG A CS', ' MANITOBA ', 'September 14, 2006', 'September 15, 2006', 'September 16, 2006')


2024-04-11 11:47:49,451 - prod_util - ERROR  - system_log - 
Error: could not convert string to float: 'September 18, 2006'
Function Name: _format_payload_for_insert
Data Corruption:
('September 14, 2006', 'WINNIPEG A CS', ' MANITOBA ', 'September 15, 2006', 'September 16, 2006', 'September 17, 2006')


2024-04-11 11:47:49,451 - prod_util - ERROR  - system_log - 
Error: could not convert string to float: 'September 19, 2006'
Function Name: _format_payload_for_insert
Data Corruption:
('September 15, 2006', 'WINNIPEG A CS', ' MANITOBA ', 'September 16, 2006', 'September 17, 2006', 'September 18, 2006')


2024-04-11 11:47:49,452 - prod_util - ERROR  - system_log - 
Error: could not convert string to float: 'September 20, 2006'
Function Name: _format_payload_for_insert
Data Corruption:
('September 16, 2006', 'WINNIPEG A CS', ' MANITOBA ', 'September 17, 2006', 'September 18, 2006', 'September 19, 2006')


2024-04-11 11:47:49,452 - prod_util - ERROR  - system_log - 
Error: time data '8.7' does not match format '%B %d, %Y'
Function Name: _strptime
Data Corruption:
('September 17, 2006', 'WINNIPEG A CS', ' MANITOBA ', 'September 18, 2006', 'September 19, 2006', '8.7')


2024-04-11 11:47:49,452 - prod_util - ERROR  - system_log - 
Error: could not convert string to float: 'September 21, 2006'
Function Name: _format_payload_for_insert
Data Corruption:
('September 18, 2006', 'WINNIPEG A CS', ' MANITOBA ', 'September 19, 2006', '8.7', 'September 20, 2006')


2024-04-11 11:47:49,453 - prod_util - ERROR  - system_log - 
Error: could not convert string to float: 'September 22, 2006'
Function Name: _format_payload_for_insert
Data Corruption:
('September 19, 2006', 'WINNIPEG A CS', ' MANITOBA ', '8.7', 'September 20, 2006', 'September 21, 2006')


2024-04-11 11:47:49,453 - prod_util - ERROR  - system_log - 
Error: could not convert string to float: 'September 23, 2006'
Function Name: _format_payload_for_insert
Data Corruption:
('8.7', 'WINNIPEG A CS', ' MANITOBA ', 'September 20, 2006', 'September 21, 2006', 'September 22, 2006')


2024-04-11 11:47:49,453 - prod_util - ERROR  - system_log - 
Error: time data '20.4' does not match format '%B %d, %Y'
Function Name: _strptime
Data Corruption:
('September 20, 2006', 'WINNIPEG A CS', ' MANITOBA ', 'September 21, 2006', 'September 22, 2006', '20.4')


2024-04-11 11:47:49,453 - prod_util - ERROR  - system_log - 
Error: could not convert string to float: 'September 24, 2006'
Function Name: _format_payload_for_insert
Data Corruption:
('September 21, 2006', 'WINNIPEG A CS', ' MANITOBA ', 'September 22, 2006', '20.4', 'September 23, 2006')


2024-04-11 11:47:49,454 - prod_util - ERROR  - system_log - 
Error: time data '17.0' does not match format '%B %d, %Y'
Function Name: _strptime
Data Corruption:
('September 22, 2006', 'WINNIPEG A CS', ' MANITOBA ', '20.4', 'September 23, 2006', '17.0')


2024-04-11 11:47:49,454 - prod_util - ERROR  - system_log - 
Error: could not convert string to float: 'September 25, 2006'
Function Name: _format_payload_for_insert
Data Corruption:
('20.4', 'WINNIPEG A CS', ' MANITOBA ', 'September 23, 2006', '17.0', 'September 24, 2006')


2024-04-11 11:47:49,455 - prod_util - ERROR  - system_log - 
Error: time data '22.0' does not match format '%B %d, %Y'
Function Name: _strptime
Data Corruption:
('September 23, 2006', 'WINNIPEG A CS', ' MANITOBA ', '17.0', 'September 24, 2006', '22.0')


2024-04-11 11:47:49,455 - prod_util - ERROR  - system_log - 
Error: could not convert string to float: 'September 26, 2006'
Function Name: _format_payload_for_insert
Data Corruption:
('17.0', 'WINNIPEG A CS', ' MANITOBA ', 'September 24, 2006', '22.0', 'September 25, 2006')


2024-04-11 11:47:49,455 - prod_util - ERROR  - system_log - 
Error: time data '20.0' does not match format '%B %d, %Y'
Function Name: _strptime
Data Corruption:
('September 24, 2006', 'WINNIPEG A CS', ' MANITOBA ', '22.0', 'September 25, 2006', '20.0')


2024-04-11 11:47:49,455 - prod_util - ERROR  - system_log - 
Error: could not convert string to float: 'September 27, 2006'
Function Name: _format_payload_for_insert
Data Corruption:
('22.0', 'WINNIPEG A CS', ' MANITOBA ', 'September 25, 2006', '20.0', 'September 26, 2006')


2024-04-11 11:47:49,456 - prod_util - ERROR  - system_log - 
Error: could not convert string to float: 'September 28, 2006'
Function Name: _format_payload_for_insert
Data Corruption:
('September 25, 2006', 'WINNIPEG A CS', ' MANITOBA ', '20.0', 'September 26, 2006', 'September 27, 2006')


2024-04-11 11:47:49,456 - prod_util - ERROR  - system_log - 
Error: could not convert string to float: 'September 29, 2006'
Function Name: _format_payload_for_insert
Data Corruption:
('20.0', 'WINNIPEG A CS', ' MANITOBA ', 'September 26, 2006', 'September 27, 2006', 'September 28, 2006')


2024-04-11 11:47:49,456 - prod_util - ERROR  - system_log - 
Error: could not convert string to float: 'September 30, 2006'
Function Name: _format_payload_for_insert
Data Corruption:
('September 26, 2006', 'WINNIPEG A CS', ' MANITOBA ', 'September 27, 2006', 'September 28, 2006', 'September 29, 2006')


2024-04-11 11:47:49,457 - prod_util - ERROR  - system_log - 
Error: list index out of range
Function Name: _format_payload_for_insert
Data Corruption:
('September 27, 2006', 'WINNIPEG A CS', ' MANITOBA ', 'September 28, 2006', 'September 29, 2006', 'September 30, 2006')


2024-04-11 11:47:49,461 - prod_util - ERROR  - system_log - 
Error: could not convert string to float: 'May 2, 2006'
Function Name: _format_payload_for_insert
Data Corruption:
('May 29, 2006', 'WINNIPEG A CS', ' MANITOBA ', 'May 30, 2006', 'May 31, 2006', 'May 1, 2006')


2024-04-11 11:47:49,462 - prod_util - ERROR  - system_log - 
Error: could not convert string to float: 'May 3, 2006'
Function Name: _format_payload_for_insert
Data Corruption:
('May 30, 2006', 'WINNIPEG A CS', ' MANITOBA ', 'May 31, 2006', 'May 1, 2006', 'May 2, 2006')


2024-04-11 11:47:49,462 - prod_util - ERROR  - system_log - 
Error: could not convert string to float: 'May 4, 2006'
Function Name: _format_payload_for_insert
Data Corruption:
('May 31, 2006', 'WINNIPEG A CS', ' MANITOBA ', 'May 1, 2006', 'May 2, 2006', 'May 3, 2006')


2024-04-11 11:47:49,462 - prod_util - ERROR  - system_log - 
Error: could not convert string to float: 'May 5, 2006'
Function Name: _format_payload_for_insert
Data Corruption:
('May 1, 2006', 'WINNIPEG A CS', ' MANITOBA ', 'May 2, 2006', 'May 3, 2006', 'May 4, 2006')


2024-04-11 11:47:49,463 - prod_util - ERROR  - system_log - 
Error: could not convert string to float: 'May 6, 2006'
Function Name: _format_payload_for_insert
Data Corruption:
('May 2, 2006', 'WINNIPEG A CS', ' MANITOBA ', 'May 3, 2006', 'May 4, 2006', 'May 5, 2006')


2024-04-11 11:47:49,463 - prod_util - ERROR  - system_log - 
Error: could not convert string to float: 'May 7, 2006'
Function Name: _format_payload_for_insert
Data Corruption:
('May 3, 2006', 'WINNIPEG A CS', ' MANITOBA ', 'May 4, 2006', 'May 5, 2006', 'May 6, 2006')


2024-04-11 11:47:49,463 - prod_util - ERROR  - system_log - 
Error: could not convert string to float: 'May 8, 2006'
Function Name: _format_payload_for_insert
Data Corruption:
('May 4, 2006', 'WINNIPEG A CS', ' MANITOBA ', 'May 5, 2006', 'May 6, 2006', 'May 7, 2006')


2024-04-11 11:47:49,463 - prod_util - ERROR  - system_log - 
Error: could not convert string to float: 'May 9, 2006'
Function Name: _format_payload_for_insert
Data Corruption:
('May 5, 2006', 'WINNIPEG A CS', ' MANITOBA ', 'May 6, 2006', 'May 7, 2006', 'May 8, 2006')


2024-04-11 11:47:49,464 - prod_util - ERROR  - system_log - 
Error: could not convert string to float: 'May 10, 2006'
Function Name: _format_payload_for_insert
Data Corruption:
('May 6, 2006', 'WINNIPEG A CS', ' MANITOBA ', 'May 7, 2006', 'May 8, 2006', 'May 9, 2006')


2024-04-11 11:47:49,464 - prod_util - ERROR  - system_log - 
Error: could not convert string to float: 'May 11, 2006'
Function Name: _format_payload_for_insert
Data Corruption:
('May 7, 2006', 'WINNIPEG A CS', ' MANITOBA ', 'May 8, 2006', 'May 9, 2006', 'May 10, 2006')


2024-04-11 11:47:49,464 - prod_util - ERROR  - system_log - 
Error: could not convert string to float: 'May 12, 2006'
Function Name: _format_payload_for_insert
Data Corruption:
('May 8, 2006', 'WINNIPEG A CS', ' MANITOBA ', 'May 9, 2006', 'May 10, 2006', 'May 11, 2006')


2024-04-11 11:47:49,465 - prod_util - ERROR  - system_log - 
Error: could not convert string to float: 'May 13, 2006'
Function Name: _format_payload_for_insert
Data Corruption:
('May 9, 2006', 'WINNIPEG A CS', ' MANITOBA ', 'May 10, 2006', 'May 11, 2006', 'May 12, 2006')


2024-04-11 11:47:49,465 - prod_util - ERROR  - system_log - 
Error: could not convert string to float: 'May 14, 2006'
Function Name: _format_payload_for_insert
Data Corruption:
('May 10, 2006', 'WINNIPEG A CS', ' MANITOBA ', 'May 11, 2006', 'May 12, 2006', 'May 13, 2006')


2024-04-11 11:47:49,465 - prod_util - ERROR  - system_log - 
Error: could not convert string to float: 'May 15, 2006'
Function Name: _format_payload_for_insert
Data Corruption:
('May 11, 2006', 'WINNIPEG A CS', ' MANITOBA ', 'May 12, 2006', 'May 13, 2006', 'May 14, 2006')


2024-04-11 11:47:49,466 - prod_util - ERROR  - system_log - 
Error: could not convert string to float: 'May 16, 2006'
Function Name: _format_payload_for_insert
Data Corruption:
('May 12, 2006', 'WINNIPEG A CS', ' MANITOBA ', 'May 13, 2006', 'May 14, 2006', 'May 15, 2006')


2024-04-11 11:47:49,466 - prod_util - ERROR  - system_log - 
Error: could not convert string to float: 'May 17, 2006'
Function Name: _format_payload_for_insert
Data Corruption:
('May 13, 2006', 'WINNIPEG A CS', ' MANITOBA ', 'May 14, 2006', 'May 15, 2006', 'May 16, 2006')


2024-04-11 11:47:49,466 - prod_util - ERROR  - system_log - 
Error: could not convert string to float: 'May 18, 2006'
Function Name: _format_payload_for_insert
Data Corruption:
('May 14, 2006', 'WINNIPEG A CS', ' MANITOBA ', 'May 15, 2006', 'May 16, 2006', 'May 17, 2006')


2024-04-11 11:47:49,466 - prod_util - ERROR  - system_log - 
Error: could not convert string to float: 'May 19, 2006'
Function Name: _format_payload_for_insert
Data Corruption:
('May 15, 2006', 'WINNIPEG A CS', ' MANITOBA ', 'May 16, 2006', 'May 17, 2006', 'May 18, 2006')


2024-04-11 11:47:49,467 - urllib3.connectionpool - DEBUG  - _make_request - https://climate.weather.gc.ca:443 "GET /climate_data/daily_data_e.html?StationID=27174&timeframe=2&StartYear=1840&EndYear=2018&Year=2023&Month=2 HTTP/1.1" 200 8559
2024-04-11 11:47:49,467 - prod_util - ERROR  - system_log - 
Error: could not convert string to float: 'May 20, 2006'
Function Name: _format_payload_for_insert
Data Corruption:
('May 16, 2006', 'WINNIPEG A CS', ' MANITOBA ', 'May 17, 2006', 'May 18, 2006', 'May 19, 2006')


2024-04-11 11:47:49,468 - prod_util - ERROR  - system_log - 
Error: could not convert string to float: 'May 21, 2006'
Function Name: _format_payload_for_insert
Data Corruption:
('May 17, 2006', 'WINNIPEG A CS', ' MANITOBA ', 'May 18, 2006', 'May 19, 2006', 'May 20, 2006')


2024-04-11 11:47:49,469 - prod_util - ERROR  - system_log - 
Error: could not convert string to float: 'May 22, 2006'
Function Name: _format_payload_for_insert
Data Corruption:
('May 18, 2006', 'WINNIPEG A CS', ' MANITOBA ', 'May 19, 2006', 'May 20, 2006', 'May 21, 2006')


2024-04-11 11:47:49,470 - prod_util - ERROR  - system_log - 
Error: could not convert string to float: 'May 23, 2006'
Function Name: _format_payload_for_insert
Data Corruption:
('May 19, 2006', 'WINNIPEG A CS', ' MANITOBA ', 'May 20, 2006', 'May 21, 2006', 'May 22, 2006')


2024-04-11 11:47:49,470 - prod_util - ERROR  - system_log - 
Error: could not convert string to float: 'May 24, 2006'
Function Name: _format_payload_for_insert
Data Corruption:
('May 20, 2006', 'WINNIPEG A CS', ' MANITOBA ', 'May 21, 2006', 'May 22, 2006', 'May 23, 2006')


2024-04-11 11:47:49,470 - prod_util - ERROR  - system_log - 
Error: could not convert string to float: 'May 25, 2006'
Function Name: _format_payload_for_insert
Data Corruption:
('May 21, 2006', 'WINNIPEG A CS', ' MANITOBA ', 'May 22, 2006', 'May 23, 2006', 'May 24, 2006')


2024-04-11 11:47:49,470 - prod_util - ERROR  - system_log - 
Error: could not convert string to float: 'May 26, 2006'
Function Name: _format_payload_for_insert
Data Corruption:
('May 22, 2006', 'WINNIPEG A CS', ' MANITOBA ', 'May 23, 2006', 'May 24, 2006', 'May 25, 2006')


2024-04-11 11:47:49,471 - prod_util - ERROR  - system_log - 
Error: could not convert string to float: 'May 27, 2006'
Function Name: _format_payload_for_insert
Data Corruption:
('May 23, 2006', 'WINNIPEG A CS', ' MANITOBA ', 'May 24, 2006', 'May 25, 2006', 'May 26, 2006')


2024-04-11 11:47:49,471 - prod_util - ERROR  - system_log - 
Error: could not convert string to float: 'May 28, 2006'
Function Name: _format_payload_for_insert
Data Corruption:
('May 24, 2006', 'WINNIPEG A CS', ' MANITOBA ', 'May 25, 2006', 'May 26, 2006', 'May 27, 2006')


2024-04-11 11:47:49,471 - prod_util - ERROR  - system_log - 
Error: could not convert string to float: 'May 29, 2006'
Function Name: _format_payload_for_insert
Data Corruption:
('May 25, 2006', 'WINNIPEG A CS', ' MANITOBA ', 'May 26, 2006', 'May 27, 2006', 'May 28, 2006')


2024-04-11 11:47:49,471 - prod_util - ERROR  - system_log - 
Error: could not convert string to float: 'May 30, 2006'
Function Name: _format_payload_for_insert
Data Corruption:
('May 26, 2006', 'WINNIPEG A CS', ' MANITOBA ', 'May 27, 2006', 'May 28, 2006', 'May 29, 2006')


2024-04-11 11:47:49,472 - prod_util - ERROR  - system_log - 
Error: could not convert string to float: 'May 31, 2006'
Function Name: _format_payload_for_insert
Data Corruption:
('May 27, 2006', 'WINNIPEG A CS', ' MANITOBA ', 'May 28, 2006', 'May 29, 2006', 'May 30, 2006')


2024-04-11 11:47:49,472 - prod_util - ERROR  - system_log - 
Error: list index out of range
Function Name: _format_payload_for_insert
Data Corruption:
('May 28, 2006', 'WINNIPEG A CS', ' MANITOBA ', 'May 29, 2006', 'May 30, 2006', 'May 31, 2006')


2024-04-11 11:47:49,473 - prod_util - ERROR  - system_log - 
Error: could not convert string to float: '\xa0'
Function Name: _format_payload_for_insert
Data Corruption:
('April 30, 2006', 'WINNIPEG A CS', ' MANITOBA ', '\xa0', '\xa0', 'April 1, 2006')


2024-04-11 11:47:49,474 - prod_util - ERROR  - system_log - 
Error: time data '\xa0' does not match format '%B %d, %Y'
Function Name: _strptime
Data Corruption:
('\xa0', 'WINNIPEG A CS', ' MANITOBA ', '\xa0', 'April 1, 2006', '\xa0')


2024-04-11 11:47:49,474 - prod_util - ERROR  - system_log - 
Error: time data '\xa0' does not match format '%B %d, %Y'
Function Name: _strptime
Data Corruption:
('\xa0', 'WINNIPEG A CS', ' MANITOBA ', 'April 1, 2006', '\xa0', '\xa0')


2024-04-11 11:47:49,474 - prod_util - ERROR  - system_log - 
Error: could not convert string to float: '\xa0'
Function Name: _format_payload_for_insert
Data Corruption:
('April 1, 2006', 'WINNIPEG A CS', ' MANITOBA ', '\xa0', '\xa0', 'April 2, 2006')


2024-04-11 11:47:49,475 - prod_util - ERROR  - system_log - 
Error: time data '\xa0' does not match format '%B %d, %Y'
Function Name: _strptime
Data Corruption:
('\xa0', 'WINNIPEG A CS', ' MANITOBA ', '\xa0', 'April 2, 2006', '\xa0')


2024-04-11 11:47:49,476 - prod_util - ERROR  - system_log - 
Error: time data '\xa0' does not match format '%B %d, %Y'
Function Name: _strptime
Data Corruption:
('\xa0', 'WINNIPEG A CS', ' MANITOBA ', 'April 2, 2006', '\xa0', '\xa0')


2024-04-11 11:47:49,476 - prod_util - ERROR  - system_log - 
Error: could not convert string to float: '\xa0'
Function Name: _format_payload_for_insert
Data Corruption:
('April 2, 2006', 'WINNIPEG A CS', ' MANITOBA ', '\xa0', '\xa0', 'April 3, 2006')


2024-04-11 11:47:49,477 - urllib3.connectionpool - DEBUG  - _new_conn - Starting new HTTPS connection (1): climate.weather.gc.ca:443
2024-04-11 11:47:49,478 - prod_util - ERROR  - system_log - 
Error: time data '\xa0' does not match format '%B %d, %Y'
Function Name: _strptime
Data Corruption:
('\xa0', 'WINNIPEG A CS', ' MANITOBA ', '\xa0', 'April 3, 2006', '\xa0')


2024-04-11 11:47:49,478 - prod_util - ERROR  - system_log - 
Error: time data '\xa0' does not match format '%B %d, %Y'
Function Name: _strptime
Data Corruption:
('\xa0', 'WINNIPEG A CS', ' MANITOBA ', 'April 3, 2006', '\xa0', '\xa0')


2024-04-11 11:47:49,479 - prod_util - ERROR  - system_log - 
Error: could not convert string to float: '\xa0'
Function Name: _format_payload_for_insert
Data Corruption:
('April 3, 2006', 'WINNIPEG A CS', ' MANITOBA ', '\xa0', '\xa0', 'April 4, 2006')


2024-04-11 11:47:49,479 - prod_util - ERROR  - system_log - 
Error: time data '\xa0' does not match format '%B %d, %Y'
Function Name: _strptime
Data Corruption:
('\xa0', 'WINNIPEG A CS', ' MANITOBA ', '\xa0', 'April 4, 2006', '\xa0')


2024-04-11 11:47:49,480 - prod_util - ERROR  - system_log - 
Error: time data '\xa0' does not match format '%B %d, %Y'
Function Name: _strptime
Data Corruption:
('\xa0', 'WINNIPEG A CS', ' MANITOBA ', 'April 4, 2006', '\xa0', '\xa0')


2024-04-11 11:47:49,480 - prod_util - ERROR  - system_log - 
Error: could not convert string to float: '\xa0'
Function Name: _format_payload_for_insert
Data Corruption:
('April 4, 2006', 'WINNIPEG A CS', ' MANITOBA ', '\xa0', '\xa0', 'April 5, 2006')


2024-04-11 11:47:49,480 - prod_util - ERROR  - system_log - 
Error: time data '\xa0' does not match format '%B %d, %Y'
Function Name: _strptime
Data Corruption:
('\xa0', 'WINNIPEG A CS', ' MANITOBA ', '\xa0', 'April 5, 2006', '\xa0')


2024-04-11 11:47:49,481 - prod_util - ERROR  - system_log - 
Error: time data '\xa0' does not match format '%B %d, %Y'
Function Name: _strptime
Data Corruption:
('\xa0', 'WINNIPEG A CS', ' MANITOBA ', 'April 5, 2006', '\xa0', '\xa0')


2024-04-11 11:47:49,481 - prod_util - ERROR  - system_log - 
Error: could not convert string to float: '\xa0'
Function Name: _format_payload_for_insert
Data Corruption:
('April 5, 2006', 'WINNIPEG A CS', ' MANITOBA ', '\xa0', '\xa0', 'April 6, 2006')


2024-04-11 11:47:49,481 - prod_util - ERROR  - system_log - 
Error: time data '\xa0' does not match format '%B %d, %Y'
Function Name: _strptime
Data Corruption:
('\xa0', 'WINNIPEG A CS', ' MANITOBA ', '\xa0', 'April 6, 2006', '\xa0')


2024-04-11 11:47:49,482 - prod_util - ERROR  - system_log - 
Error: time data '\xa0' does not match format '%B %d, %Y'
Function Name: _strptime
Data Corruption:
('\xa0', 'WINNIPEG A CS', ' MANITOBA ', 'April 6, 2006', '\xa0', '\xa0')


2024-04-11 11:47:49,482 - prod_util - ERROR  - system_log - 
Error: could not convert string to float: '\xa0'
Function Name: _format_payload_for_insert
Data Corruption:
('April 6, 2006', 'WINNIPEG A CS', ' MANITOBA ', '\xa0', '\xa0', 'April 7, 2006')


2024-04-11 11:47:49,482 - prod_util - ERROR  - system_log - 
Error: time data '\xa0' does not match format '%B %d, %Y'
Function Name: _strptime
Data Corruption:
('\xa0', 'WINNIPEG A CS', ' MANITOBA ', '\xa0', 'April 7, 2006', '\xa0')


2024-04-11 11:47:49,483 - prod_util - ERROR  - system_log - 
Error: time data '\xa0' does not match format '%B %d, %Y'
Function Name: _strptime
Data Corruption:
('\xa0', 'WINNIPEG A CS', ' MANITOBA ', 'April 7, 2006', '\xa0', '\xa0')


2024-04-11 11:47:49,483 - prod_util - ERROR  - system_log - 
Error: could not convert string to float: '\xa0'
Function Name: _format_payload_for_insert
Data Corruption:
('April 7, 2006', 'WINNIPEG A CS', ' MANITOBA ', '\xa0', '\xa0', 'April 8, 2006')


2024-04-11 11:47:49,483 - prod_util - ERROR  - system_log - 
Error: time data '\xa0' does not match format '%B %d, %Y'
Function Name: _strptime
Data Corruption:
('\xa0', 'WINNIPEG A CS', ' MANITOBA ', '\xa0', 'April 8, 2006', '\xa0')


2024-04-11 11:47:49,484 - prod_util - ERROR  - system_log - 
Error: time data '\xa0' does not match format '%B %d, %Y'
Function Name: _strptime
Data Corruption:
('\xa0', 'WINNIPEG A CS', ' MANITOBA ', 'April 8, 2006', '\xa0', '\xa0')


2024-04-11 11:47:49,484 - prod_util - ERROR  - system_log - 
Error: could not convert string to float: '\xa0'
Function Name: _format_payload_for_insert
Data Corruption:
('April 8, 2006', 'WINNIPEG A CS', ' MANITOBA ', '\xa0', '\xa0', 'April 9, 2006')


2024-04-11 11:47:49,484 - prod_util - ERROR  - system_log - 
Error: time data '\xa0' does not match format '%B %d, %Y'
Function Name: _strptime
Data Corruption:
('\xa0', 'WINNIPEG A CS', ' MANITOBA ', '\xa0', 'April 9, 2006', '\xa0')


2024-04-11 11:47:49,485 - prod_util - ERROR  - system_log - 
Error: time data '\xa0' does not match format '%B %d, %Y'
Function Name: _strptime
Data Corruption:
('\xa0', 'WINNIPEG A CS', ' MANITOBA ', 'April 9, 2006', '\xa0', '\xa0')


2024-04-11 11:47:49,485 - prod_util - ERROR  - system_log - 
Error: could not convert string to float: '\xa0'
Function Name: _format_payload_for_insert
Data Corruption:
('April 9, 2006', 'WINNIPEG A CS', ' MANITOBA ', '\xa0', '\xa0', 'April 10, 2006')


2024-04-11 11:47:49,486 - prod_util - ERROR  - system_log - 
Error: time data '\xa0' does not match format '%B %d, %Y'
Function Name: _strptime
Data Corruption:
('\xa0', 'WINNIPEG A CS', ' MANITOBA ', '\xa0', 'April 10, 2006', '\xa0')


2024-04-11 11:47:49,486 - prod_util - ERROR  - system_log - 
Error: time data '\xa0' does not match format '%B %d, %Y'
Function Name: _strptime
Data Corruption:
('\xa0', 'WINNIPEG A CS', ' MANITOBA ', 'April 10, 2006', '\xa0', '\xa0')


2024-04-11 11:47:49,487 - prod_util - ERROR  - system_log - 
Error: could not convert string to float: '\xa0'
Function Name: _format_payload_for_insert
Data Corruption:
('April 10, 2006', 'WINNIPEG A CS', ' MANITOBA ', '\xa0', '\xa0', 'April 11, 2006')


2024-04-11 11:47:49,487 - prod_util - ERROR  - system_log - 
Error: time data '\xa0' does not match format '%B %d, %Y'
Function Name: _strptime
Data Corruption:
('\xa0', 'WINNIPEG A CS', ' MANITOBA ', '\xa0', 'April 11, 2006', '\xa0')


2024-04-11 11:47:49,488 - prod_util - ERROR  - system_log - 
Error: time data '\xa0' does not match format '%B %d, %Y'
Function Name: _strptime
Data Corruption:
('\xa0', 'WINNIPEG A CS', ' MANITOBA ', 'April 11, 2006', '\xa0', '\xa0')


2024-04-11 11:47:49,488 - prod_util - ERROR  - system_log - 
Error: could not convert string to float: '\xa0'
Function Name: _format_payload_for_insert
Data Corruption:
('April 11, 2006', 'WINNIPEG A CS', ' MANITOBA ', '\xa0', '\xa0', 'April 12, 2006')


2024-04-11 11:47:49,489 - prod_util - ERROR  - system_log - 
Error: time data '\xa0' does not match format '%B %d, %Y'
Function Name: _strptime
Data Corruption:
('\xa0', 'WINNIPEG A CS', ' MANITOBA ', '\xa0', 'April 12, 2006', '\xa0')


2024-04-11 11:47:49,489 - prod_util - ERROR  - system_log - 
Error: time data '\xa0' does not match format '%B %d, %Y'
Function Name: _strptime
Data Corruption:
('\xa0', 'WINNIPEG A CS', ' MANITOBA ', 'April 12, 2006', '\xa0', '\xa0')


2024-04-11 11:47:49,490 - prod_util - ERROR  - system_log - 
Error: could not convert string to float: '\xa0'
Function Name: _format_payload_for_insert
Data Corruption:
('April 12, 2006', 'WINNIPEG A CS', ' MANITOBA ', '\xa0', '\xa0', 'April 13, 2006')


2024-04-11 11:47:49,490 - prod_util - ERROR  - system_log - 
Error: time data '\xa0' does not match format '%B %d, %Y'
Function Name: _strptime
Data Corruption:
('\xa0', 'WINNIPEG A CS', ' MANITOBA ', '\xa0', 'April 13, 2006', '\xa0')


2024-04-11 11:47:49,491 - prod_util - ERROR  - system_log - 
Error: time data '\xa0' does not match format '%B %d, %Y'
Function Name: _strptime
Data Corruption:
('\xa0', 'WINNIPEG A CS', ' MANITOBA ', 'April 13, 2006', '\xa0', '\xa0')


2024-04-11 11:47:49,491 - prod_util - ERROR  - system_log - 
Error: could not convert string to float: '\xa0'
Function Name: _format_payload_for_insert
Data Corruption:
('April 13, 2006', 'WINNIPEG A CS', ' MANITOBA ', '\xa0', '\xa0', 'April 14, 2006')


2024-04-11 11:47:49,492 - prod_util - ERROR  - system_log - 
Error: time data '\xa0' does not match format '%B %d, %Y'
Function Name: _strptime
Data Corruption:
('\xa0', 'WINNIPEG A CS', ' MANITOBA ', '\xa0', 'April 14, 2006', '\xa0')


2024-04-11 11:47:49,492 - prod_util - ERROR  - system_log - 
Error: time data '\xa0' does not match format '%B %d, %Y'
Function Name: _strptime
Data Corruption:
('\xa0', 'WINNIPEG A CS', ' MANITOBA ', 'April 14, 2006', '\xa0', '\xa0')


2024-04-11 11:47:49,492 - prod_util - ERROR  - system_log - 
Error: could not convert string to float: '\xa0'
Function Name: _format_payload_for_insert
Data Corruption:
('April 14, 2006', 'WINNIPEG A CS', ' MANITOBA ', '\xa0', '\xa0', 'April 15, 2006')


2024-04-11 11:47:49,493 - prod_util - ERROR  - system_log - 
Error: time data '\xa0' does not match format '%B %d, %Y'
Function Name: _strptime
Data Corruption:
('\xa0', 'WINNIPEG A CS', ' MANITOBA ', '\xa0', 'April 15, 2006', '\xa0')


2024-04-11 11:47:49,493 - prod_util - ERROR  - system_log - 
Error: time data '\xa0' does not match format '%B %d, %Y'
Function Name: _strptime
Data Corruption:
('\xa0', 'WINNIPEG A CS', ' MANITOBA ', 'April 15, 2006', '\xa0', '\xa0')


2024-04-11 11:47:49,494 - prod_util - ERROR  - system_log - 
Error: could not convert string to float: '\xa0'
Function Name: _format_payload_for_insert
Data Corruption:
('April 15, 2006', 'WINNIPEG A CS', ' MANITOBA ', '\xa0', '\xa0', 'April 16, 2006')


2024-04-11 11:47:49,494 - prod_util - ERROR  - system_log - 
Error: time data '\xa0' does not match format '%B %d, %Y'
Function Name: _strptime
Data Corruption:
('\xa0', 'WINNIPEG A CS', ' MANITOBA ', '\xa0', 'April 16, 2006', '\xa0')


2024-04-11 11:47:49,495 - prod_util - ERROR  - system_log - 
Error: time data '\xa0' does not match format '%B %d, %Y'
Function Name: _strptime
Data Corruption:
('\xa0', 'WINNIPEG A CS', ' MANITOBA ', 'April 16, 2006', '\xa0', '\xa0')


2024-04-11 11:47:49,495 - prod_util - ERROR  - system_log - 
Error: could not convert string to float: '\xa0'
Function Name: _format_payload_for_insert
Data Corruption:
('April 16, 2006', 'WINNIPEG A CS', ' MANITOBA ', '\xa0', '\xa0', 'April 17, 2006')


2024-04-11 11:47:49,496 - prod_util - ERROR  - system_log - 
Error: time data '\xa0' does not match format '%B %d, %Y'
Function Name: _strptime
Data Corruption:
('\xa0', 'WINNIPEG A CS', ' MANITOBA ', '\xa0', 'April 17, 2006', '\xa0')


2024-04-11 11:47:49,496 - prod_util - ERROR  - system_log - 
Error: time data '\xa0' does not match format '%B %d, %Y'
Function Name: _strptime
Data Corruption:
('\xa0', 'WINNIPEG A CS', ' MANITOBA ', 'April 17, 2006', '\xa0', '\xa0')


2024-04-11 11:47:49,496 - prod_util - ERROR  - system_log - 
Error: could not convert string to float: '\xa0'
Function Name: _format_payload_for_insert
Data Corruption:
('April 17, 2006', 'WINNIPEG A CS', ' MANITOBA ', '\xa0', '\xa0', 'April 18, 2006')


2024-04-11 11:47:49,497 - prod_util - ERROR  - system_log - 
Error: time data '\xa0' does not match format '%B %d, %Y'
Function Name: _strptime
Data Corruption:
('\xa0', 'WINNIPEG A CS', ' MANITOBA ', '\xa0', 'April 18, 2006', '\xa0')


2024-04-11 11:47:49,497 - prod_util - ERROR  - system_log - 
Error: time data '\xa0' does not match format '%B %d, %Y'
Function Name: _strptime
Data Corruption:
('\xa0', 'WINNIPEG A CS', ' MANITOBA ', 'April 18, 2006', '\xa0', '\xa0')


2024-04-11 11:47:49,497 - prod_util - ERROR  - system_log - 
Error: could not convert string to float: '\xa0'
Function Name: _format_payload_for_insert
Data Corruption:
('April 18, 2006', 'WINNIPEG A CS', ' MANITOBA ', '\xa0', '\xa0', 'April 19, 2006')


2024-04-11 11:47:49,498 - prod_util - ERROR  - system_log - 
Error: time data '\xa0' does not match format '%B %d, %Y'
Function Name: _strptime
Data Corruption:
('\xa0', 'WINNIPEG A CS', ' MANITOBA ', '\xa0', 'April 19, 2006', '\xa0')


2024-04-11 11:47:49,499 - prod_util - ERROR  - system_log - 
Error: time data '\xa0' does not match format '%B %d, %Y'
Function Name: _strptime
Data Corruption:
('\xa0', 'WINNIPEG A CS', ' MANITOBA ', 'April 19, 2006', '\xa0', '\xa0')


2024-04-11 11:47:49,499 - prod_util - ERROR  - system_log - 
Error: could not convert string to float: '\xa0'
Function Name: _format_payload_for_insert
Data Corruption:
('April 19, 2006', 'WINNIPEG A CS', ' MANITOBA ', '\xa0', '\xa0', 'April 20, 2006')


2024-04-11 11:47:49,500 - prod_util - ERROR  - system_log - 
Error: time data '\xa0' does not match format '%B %d, %Y'
Function Name: _strptime
Data Corruption:
('\xa0', 'WINNIPEG A CS', ' MANITOBA ', '\xa0', 'April 20, 2006', '\xa0')


2024-04-11 11:47:49,500 - prod_util - ERROR  - system_log - 
Error: time data '\xa0' does not match format '%B %d, %Y'
Function Name: _strptime
Data Corruption:
('\xa0', 'WINNIPEG A CS', ' MANITOBA ', 'April 20, 2006', '\xa0', '\xa0')


2024-04-11 11:47:49,500 - prod_util - ERROR  - system_log - 
Error: could not convert string to float: '\xa0'
Function Name: _format_payload_for_insert
Data Corruption:
('April 20, 2006', 'WINNIPEG A CS', ' MANITOBA ', '\xa0', '\xa0', 'April 21, 2006')


2024-04-11 11:47:49,501 - prod_util - ERROR  - system_log - 
Error: time data '\xa0' does not match format '%B %d, %Y'
Function Name: _strptime
Data Corruption:
('\xa0', 'WINNIPEG A CS', ' MANITOBA ', '\xa0', 'April 21, 2006', '\xa0')


2024-04-11 11:47:49,502 - prod_util - ERROR  - system_log - 
Error: time data '\xa0' does not match format '%B %d, %Y'
Function Name: _strptime
Data Corruption:
('\xa0', 'WINNIPEG A CS', ' MANITOBA ', 'April 21, 2006', '\xa0', '\xa0')


2024-04-11 11:47:49,502 - prod_util - ERROR  - system_log - 
Error: could not convert string to float: '\xa0'
Function Name: _format_payload_for_insert
Data Corruption:
('April 21, 2006', 'WINNIPEG A CS', ' MANITOBA ', '\xa0', '\xa0', 'April 22, 2006')


2024-04-11 11:47:49,502 - prod_util - ERROR  - system_log - 
Error: time data '\xa0' does not match format '%B %d, %Y'
Function Name: _strptime
Data Corruption:
('\xa0', 'WINNIPEG A CS', ' MANITOBA ', '\xa0', 'April 22, 2006', '\xa0')


2024-04-11 11:47:49,503 - prod_util - ERROR  - system_log - 
Error: time data '\xa0' does not match format '%B %d, %Y'
Function Name: _strptime
Data Corruption:
('\xa0', 'WINNIPEG A CS', ' MANITOBA ', 'April 22, 2006', '\xa0', '\xa0')


2024-04-11 11:47:49,503 - prod_util - ERROR  - system_log - 
Error: could not convert string to float: '\xa0'
Function Name: _format_payload_for_insert
Data Corruption:
('April 22, 2006', 'WINNIPEG A CS', ' MANITOBA ', '\xa0', '\xa0', 'April 23, 2006')


2024-04-11 11:47:49,504 - prod_util - ERROR  - system_log - 
Error: time data '\xa0' does not match format '%B %d, %Y'
Function Name: _strptime
Data Corruption:
('\xa0', 'WINNIPEG A CS', ' MANITOBA ', '\xa0', 'April 23, 2006', '\xa0')


2024-04-11 11:47:49,504 - prod_util - ERROR  - system_log - 
Error: time data '\xa0' does not match format '%B %d, %Y'
Function Name: _strptime
Data Corruption:
('\xa0', 'WINNIPEG A CS', ' MANITOBA ', 'April 23, 2006', '\xa0', '\xa0')


2024-04-11 11:47:49,504 - prod_util - ERROR  - system_log - 
Error: could not convert string to float: '\xa0'
Function Name: _format_payload_for_insert
Data Corruption:
('April 23, 2006', 'WINNIPEG A CS', ' MANITOBA ', '\xa0', '\xa0', 'April 24, 2006')


2024-04-11 11:47:49,505 - prod_util - ERROR  - system_log - 
Error: time data '\xa0' does not match format '%B %d, %Y'
Function Name: _strptime
Data Corruption:
('\xa0', 'WINNIPEG A CS', ' MANITOBA ', '\xa0', 'April 24, 2006', '\xa0')


2024-04-11 11:47:49,505 - prod_util - ERROR  - system_log - 
Error: time data '\xa0' does not match format '%B %d, %Y'
Function Name: _strptime
Data Corruption:
('\xa0', 'WINNIPEG A CS', ' MANITOBA ', 'April 24, 2006', '\xa0', '\xa0')


2024-04-11 11:47:49,506 - prod_util - ERROR  - system_log - 
Error: could not convert string to float: '\xa0'
Function Name: _format_payload_for_insert
Data Corruption:
('April 24, 2006', 'WINNIPEG A CS', ' MANITOBA ', '\xa0', '\xa0', 'April 25, 2006')


2024-04-11 11:47:49,506 - prod_util - ERROR  - system_log - 
Error: time data '\xa0' does not match format '%B %d, %Y'
Function Name: _strptime
Data Corruption:
('\xa0', 'WINNIPEG A CS', ' MANITOBA ', '\xa0', 'April 25, 2006', '\xa0')


2024-04-11 11:47:49,507 - prod_util - ERROR  - system_log - 
Error: time data '\xa0' does not match format '%B %d, %Y'
Function Name: _strptime
Data Corruption:
('\xa0', 'WINNIPEG A CS', ' MANITOBA ', 'April 25, 2006', '\xa0', '\xa0')


2024-04-11 11:47:49,507 - prod_util - ERROR  - system_log - 
Error: could not convert string to float: '\xa0'
Function Name: _format_payload_for_insert
Data Corruption:
('April 25, 2006', 'WINNIPEG A CS', ' MANITOBA ', '\xa0', '\xa0', 'April 26, 2006')


2024-04-11 11:47:49,507 - prod_util - ERROR  - system_log - 
Error: time data '\xa0' does not match format '%B %d, %Y'
Function Name: _strptime
Data Corruption:
('\xa0', 'WINNIPEG A CS', ' MANITOBA ', '\xa0', 'April 26, 2006', '\xa0')


2024-04-11 11:47:49,508 - prod_util - ERROR  - system_log - 
Error: time data '\xa0' does not match format '%B %d, %Y'
Function Name: _strptime
Data Corruption:
('\xa0', 'WINNIPEG A CS', ' MANITOBA ', 'April 26, 2006', '\xa0', '\xa0')


2024-04-11 11:47:49,508 - prod_util - ERROR  - system_log - 
Error: could not convert string to float: '\xa0'
Function Name: _format_payload_for_insert
Data Corruption:
('April 26, 2006', 'WINNIPEG A CS', ' MANITOBA ', '\xa0', '\xa0', 'April 27, 2006')


2024-04-11 11:47:49,509 - prod_util - ERROR  - system_log - 
Error: time data '\xa0' does not match format '%B %d, %Y'
Function Name: _strptime
Data Corruption:
('\xa0', 'WINNIPEG A CS', ' MANITOBA ', '\xa0', 'April 27, 2006', '\xa0')


2024-04-11 11:47:49,509 - prod_util - ERROR  - system_log - 
Error: time data '\xa0' does not match format '%B %d, %Y'
Function Name: _strptime
Data Corruption:
('\xa0', 'WINNIPEG A CS', ' MANITOBA ', 'April 27, 2006', '\xa0', '\xa0')


2024-04-11 11:47:49,510 - prod_util - ERROR  - system_log - 
Error: could not convert string to float: '\xa0'
Function Name: _format_payload_for_insert
Data Corruption:
('April 27, 2006', 'WINNIPEG A CS', ' MANITOBA ', '\xa0', '\xa0', 'April 28, 2006')


2024-04-11 11:47:49,510 - prod_util - ERROR  - system_log - 
Error: time data '\xa0' does not match format '%B %d, %Y'
Function Name: _strptime
Data Corruption:
('\xa0', 'WINNIPEG A CS', ' MANITOBA ', '\xa0', 'April 28, 2006', '\xa0')


2024-04-11 11:47:49,510 - prod_util - ERROR  - system_log - 
Error: time data '\xa0' does not match format '%B %d, %Y'
Function Name: _strptime
Data Corruption:
('\xa0', 'WINNIPEG A CS', ' MANITOBA ', 'April 28, 2006', '\xa0', '\xa0')


2024-04-11 11:47:49,511 - prod_util - ERROR  - system_log - 
Error: could not convert string to float: '\xa0'
Function Name: _format_payload_for_insert
Data Corruption:
('April 28, 2006', 'WINNIPEG A CS', ' MANITOBA ', '\xa0', '\xa0', 'April 29, 2006')


2024-04-11 11:47:49,511 - prod_util - ERROR  - system_log - 
Error: time data '\xa0' does not match format '%B %d, %Y'
Function Name: _strptime
Data Corruption:
('\xa0', 'WINNIPEG A CS', ' MANITOBA ', '\xa0', 'April 29, 2006', '\xa0')


2024-04-11 11:47:49,512 - prod_util - ERROR  - system_log - 
Error: time data '\xa0' does not match format '%B %d, %Y'
Function Name: _strptime
Data Corruption:
('\xa0', 'WINNIPEG A CS', ' MANITOBA ', 'April 29, 2006', '\xa0', '\xa0')


2024-04-11 11:47:49,512 - prod_util - ERROR  - system_log - 
Error: could not convert string to float: '\xa0'
Function Name: _format_payload_for_insert
Data Corruption:
('April 29, 2006', 'WINNIPEG A CS', ' MANITOBA ', '\xa0', '\xa0', 'April 30, 2006')


2024-04-11 11:47:49,513 - prod_util - ERROR  - system_log - 
Error: time data '\xa0' does not match format '%B %d, %Y'
Function Name: _strptime
Data Corruption:
('\xa0', 'WINNIPEG A CS', ' MANITOBA ', '\xa0', 'April 30, 2006', '\xa0')


2024-04-11 11:47:49,514 - prod_util - ERROR  - system_log - 
Error: time data '\xa0' does not match format '%B %d, %Y'
Function Name: _strptime
Data Corruption:
('\xa0', 'WINNIPEG A CS', ' MANITOBA ', 'April 30, 2006', '\xa0', '\xa0')


2024-04-11 11:47:49,518 - prod_util - ERROR  - system_log - 
Error: could not convert string to float: '\xa0'
Function Name: _format_payload_for_insert
Data Corruption:
('February 28, 2006', 'WINNIPEG A CS', ' MANITOBA ', '\xa0', '\xa0', 'February 1, 2006')


2024-04-11 11:47:49,518 - prod_util - ERROR  - system_log - 
Error: time data '\xa0' does not match format '%B %d, %Y'
Function Name: _strptime
Data Corruption:
('\xa0', 'WINNIPEG A CS', ' MANITOBA ', '\xa0', 'February 1, 2006', '\xa0')


2024-04-11 11:47:49,519 - prod_util - ERROR  - system_log - 
Error: time data '\xa0' does not match format '%B %d, %Y'
Function Name: _strptime
Data Corruption:
('\xa0', 'WINNIPEG A CS', ' MANITOBA ', 'February 1, 2006', '\xa0', '\xa0')


2024-04-11 11:47:49,519 - prod_util - ERROR  - system_log - 
Error: could not convert string to float: '\xa0'
Function Name: _format_payload_for_insert
Data Corruption:
('February 1, 2006', 'WINNIPEG A CS', ' MANITOBA ', '\xa0', '\xa0', 'February 2, 2006')


2024-04-11 11:47:49,520 - prod_util - ERROR  - system_log - 
Error: time data '\xa0' does not match format '%B %d, %Y'
Function Name: _strptime
Data Corruption:
('\xa0', 'WINNIPEG A CS', ' MANITOBA ', '\xa0', 'February 2, 2006', '\xa0')


2024-04-11 11:47:49,520 - prod_util - ERROR  - system_log - 
Error: time data '\xa0' does not match format '%B %d, %Y'
Function Name: _strptime
Data Corruption:
('\xa0', 'WINNIPEG A CS', ' MANITOBA ', 'February 2, 2006', '\xa0', '\xa0')


2024-04-11 11:47:49,520 - prod_util - ERROR  - system_log - 
Error: could not convert string to float: '\xa0'
Function Name: _format_payload_for_insert
Data Corruption:
('February 2, 2006', 'WINNIPEG A CS', ' MANITOBA ', '\xa0', '\xa0', 'February 3, 2006')


2024-04-11 11:47:49,521 - prod_util - ERROR  - system_log - 
Error: time data '\xa0' does not match format '%B %d, %Y'
Function Name: _strptime
Data Corruption:
('\xa0', 'WINNIPEG A CS', ' MANITOBA ', '\xa0', 'February 3, 2006', '\xa0')


2024-04-11 11:47:49,521 - prod_util - ERROR  - system_log - 
Error: time data '\xa0' does not match format '%B %d, %Y'
Function Name: _strptime
Data Corruption:
('\xa0', 'WINNIPEG A CS', ' MANITOBA ', 'February 3, 2006', '\xa0', '\xa0')


2024-04-11 11:47:49,522 - prod_util - ERROR  - system_log - 
Error: could not convert string to float: '\xa0'
Function Name: _format_payload_for_insert
Data Corruption:
('February 3, 2006', 'WINNIPEG A CS', ' MANITOBA ', '\xa0', '\xa0', 'February 4, 2006')


2024-04-11 11:47:49,522 - prod_util - ERROR  - system_log - 
Error: time data '\xa0' does not match format '%B %d, %Y'
Function Name: _strptime
Data Corruption:
('\xa0', 'WINNIPEG A CS', ' MANITOBA ', '\xa0', 'February 4, 2006', '\xa0')


2024-04-11 11:47:49,523 - prod_util - ERROR  - system_log - 
Error: time data '\xa0' does not match format '%B %d, %Y'
Function Name: _strptime
Data Corruption:
('\xa0', 'WINNIPEG A CS', ' MANITOBA ', 'February 4, 2006', '\xa0', '\xa0')


2024-04-11 11:47:49,523 - prod_util - ERROR  - system_log - 
Error: could not convert string to float: '\xa0'
Function Name: _format_payload_for_insert
Data Corruption:
('February 4, 2006', 'WINNIPEG A CS', ' MANITOBA ', '\xa0', '\xa0', 'February 5, 2006')


2024-04-11 11:47:49,524 - prod_util - ERROR  - system_log - 
Error: time data '\xa0' does not match format '%B %d, %Y'
Function Name: _strptime
Data Corruption:
('\xa0', 'WINNIPEG A CS', ' MANITOBA ', '\xa0', 'February 5, 2006', '\xa0')


2024-04-11 11:47:49,524 - prod_util - ERROR  - system_log - 
Error: time data '\xa0' does not match format '%B %d, %Y'
Function Name: _strptime
Data Corruption:
('\xa0', 'WINNIPEG A CS', ' MANITOBA ', 'February 5, 2006', '\xa0', '\xa0')


2024-04-11 11:47:49,525 - prod_util - ERROR  - system_log - 
Error: could not convert string to float: '\xa0'
Function Name: _format_payload_for_insert
Data Corruption:
('February 5, 2006', 'WINNIPEG A CS', ' MANITOBA ', '\xa0', '\xa0', 'February 6, 2006')


2024-04-11 11:47:49,525 - prod_util - ERROR  - system_log - 
Error: time data '\xa0' does not match format '%B %d, %Y'
Function Name: _strptime
Data Corruption:
('\xa0', 'WINNIPEG A CS', ' MANITOBA ', '\xa0', 'February 6, 2006', '\xa0')


2024-04-11 11:47:49,526 - prod_util - ERROR  - system_log - 
Error: time data '\xa0' does not match format '%B %d, %Y'
Function Name: _strptime
Data Corruption:
('\xa0', 'WINNIPEG A CS', ' MANITOBA ', 'February 6, 2006', '\xa0', '\xa0')


2024-04-11 11:47:49,526 - prod_util - ERROR  - system_log - 
Error: could not convert string to float: '\xa0'
Function Name: _format_payload_for_insert
Data Corruption:
('February 6, 2006', 'WINNIPEG A CS', ' MANITOBA ', '\xa0', '\xa0', 'February 7, 2006')


2024-04-11 11:47:49,526 - prod_util - ERROR  - system_log - 
Error: time data '\xa0' does not match format '%B %d, %Y'
Function Name: _strptime
Data Corruption:
('\xa0', 'WINNIPEG A CS', ' MANITOBA ', '\xa0', 'February 7, 2006', '\xa0')


2024-04-11 11:47:49,527 - prod_util - ERROR  - system_log - 
Error: time data '\xa0' does not match format '%B %d, %Y'
Function Name: _strptime
Data Corruption:
('\xa0', 'WINNIPEG A CS', ' MANITOBA ', 'February 7, 2006', '\xa0', '\xa0')


2024-04-11 11:47:49,527 - prod_util - ERROR  - system_log - 
Error: could not convert string to float: '\xa0'
Function Name: _format_payload_for_insert
Data Corruption:
('February 7, 2006', 'WINNIPEG A CS', ' MANITOBA ', '\xa0', '\xa0', 'February 8, 2006')


2024-04-11 11:47:49,528 - prod_util - ERROR  - system_log - 
Error: time data '\xa0' does not match format '%B %d, %Y'
Function Name: _strptime
Data Corruption:
('\xa0', 'WINNIPEG A CS', ' MANITOBA ', '\xa0', 'February 8, 2006', '\xa0')


2024-04-11 11:47:49,528 - prod_util - ERROR  - system_log - 
Error: time data '\xa0' does not match format '%B %d, %Y'
Function Name: _strptime
Data Corruption:
('\xa0', 'WINNIPEG A CS', ' MANITOBA ', 'February 8, 2006', '\xa0', '\xa0')


2024-04-11 11:47:49,529 - prod_util - ERROR  - system_log - 
Error: could not convert string to float: '\xa0'
Function Name: _format_payload_for_insert
Data Corruption:
('February 8, 2006', 'WINNIPEG A CS', ' MANITOBA ', '\xa0', '\xa0', 'February 9, 2006')


2024-04-11 11:47:49,529 - prod_util - ERROR  - system_log - 
Error: time data '\xa0' does not match format '%B %d, %Y'
Function Name: _strptime
Data Corruption:
('\xa0', 'WINNIPEG A CS', ' MANITOBA ', '\xa0', 'February 9, 2006', '\xa0')


2024-04-11 11:47:49,530 - prod_util - ERROR  - system_log - 
Error: time data '\xa0' does not match format '%B %d, %Y'
Function Name: _strptime
Data Corruption:
('\xa0', 'WINNIPEG A CS', ' MANITOBA ', 'February 9, 2006', '\xa0', '\xa0')


2024-04-11 11:47:49,530 - prod_util - ERROR  - system_log - 
Error: could not convert string to float: '\xa0'
Function Name: _format_payload_for_insert
Data Corruption:
('February 9, 2006', 'WINNIPEG A CS', ' MANITOBA ', '\xa0', '\xa0', 'February 10, 2006')


2024-04-11 11:47:49,530 - prod_util - ERROR  - system_log - 
Error: time data '\xa0' does not match format '%B %d, %Y'
Function Name: _strptime
Data Corruption:
('\xa0', 'WINNIPEG A CS', ' MANITOBA ', '\xa0', 'February 10, 2006', '\xa0')


2024-04-11 11:47:49,531 - prod_util - ERROR  - system_log - 
Error: time data '\xa0' does not match format '%B %d, %Y'
Function Name: _strptime
Data Corruption:
('\xa0', 'WINNIPEG A CS', ' MANITOBA ', 'February 10, 2006', '\xa0', '\xa0')


2024-04-11 11:47:49,531 - prod_util - ERROR  - system_log - 
Error: could not convert string to float: '\xa0'
Function Name: _format_payload_for_insert
Data Corruption:
('February 10, 2006', 'WINNIPEG A CS', ' MANITOBA ', '\xa0', '\xa0', 'February 11, 2006')


2024-04-11 11:47:49,532 - prod_util - ERROR  - system_log - 
Error: time data '\xa0' does not match format '%B %d, %Y'
Function Name: _strptime
Data Corruption:
('\xa0', 'WINNIPEG A CS', ' MANITOBA ', '\xa0', 'February 11, 2006', '\xa0')


2024-04-11 11:47:49,532 - prod_util - ERROR  - system_log - 
Error: time data '\xa0' does not match format '%B %d, %Y'
Function Name: _strptime
Data Corruption:
('\xa0', 'WINNIPEG A CS', ' MANITOBA ', 'February 11, 2006', '\xa0', '\xa0')


2024-04-11 11:47:49,532 - prod_util - ERROR  - system_log - 
Error: could not convert string to float: '\xa0'
Function Name: _format_payload_for_insert
Data Corruption:
('February 11, 2006', 'WINNIPEG A CS', ' MANITOBA ', '\xa0', '\xa0', 'February 12, 2006')


2024-04-11 11:47:49,533 - prod_util - ERROR  - system_log - 
Error: time data '\xa0' does not match format '%B %d, %Y'
Function Name: _strptime
Data Corruption:
('\xa0', 'WINNIPEG A CS', ' MANITOBA ', '\xa0', 'February 12, 2006', '\xa0')


2024-04-11 11:47:49,533 - prod_util - ERROR  - system_log - 
Error: time data '\xa0' does not match format '%B %d, %Y'
Function Name: _strptime
Data Corruption:
('\xa0', 'WINNIPEG A CS', ' MANITOBA ', 'February 12, 2006', '\xa0', '\xa0')


2024-04-11 11:47:49,534 - prod_util - ERROR  - system_log - 
Error: could not convert string to float: '\xa0'
Function Name: _format_payload_for_insert
Data Corruption:
('February 12, 2006', 'WINNIPEG A CS', ' MANITOBA ', '\xa0', '\xa0', 'February 13, 2006')


2024-04-11 11:47:49,534 - prod_util - ERROR  - system_log - 
Error: time data '\xa0' does not match format '%B %d, %Y'
Function Name: _strptime
Data Corruption:
('\xa0', 'WINNIPEG A CS', ' MANITOBA ', '\xa0', 'February 13, 2006', '\xa0')


2024-04-11 11:47:49,534 - prod_util - ERROR  - system_log - 
Error: time data '\xa0' does not match format '%B %d, %Y'
Function Name: _strptime
Data Corruption:
('\xa0', 'WINNIPEG A CS', ' MANITOBA ', 'February 13, 2006', '\xa0', '\xa0')


2024-04-11 11:47:49,534 - prod_util - ERROR  - system_log - 
Error: could not convert string to float: '\xa0'
Function Name: _format_payload_for_insert
Data Corruption:
('February 13, 2006', 'WINNIPEG A CS', ' MANITOBA ', '\xa0', '\xa0', 'February 14, 2006')


2024-04-11 11:47:49,536 - prod_util - ERROR  - system_log - 
Error: time data '\xa0' does not match format '%B %d, %Y'
Function Name: _strptime
Data Corruption:
('\xa0', 'WINNIPEG A CS', ' MANITOBA ', '\xa0', 'February 14, 2006', '\xa0')


2024-04-11 11:47:49,536 - prod_util - ERROR  - system_log - 
Error: time data '\xa0' does not match format '%B %d, %Y'
Function Name: _strptime
Data Corruption:
('\xa0', 'WINNIPEG A CS', ' MANITOBA ', 'February 14, 2006', '\xa0', '\xa0')


2024-04-11 11:47:49,537 - prod_util - ERROR  - system_log - 
Error: could not convert string to float: '\xa0'
Function Name: _format_payload_for_insert
Data Corruption:
('February 14, 2006', 'WINNIPEG A CS', ' MANITOBA ', '\xa0', '\xa0', 'February 15, 2006')


2024-04-11 11:47:49,537 - prod_util - ERROR  - system_log - 
Error: time data '\xa0' does not match format '%B %d, %Y'
Function Name: _strptime
Data Corruption:
('\xa0', 'WINNIPEG A CS', ' MANITOBA ', '\xa0', 'February 15, 2006', '\xa0')


2024-04-11 11:47:49,538 - prod_util - ERROR  - system_log - 
Error: time data '\xa0' does not match format '%B %d, %Y'
Function Name: _strptime
Data Corruption:
('\xa0', 'WINNIPEG A CS', ' MANITOBA ', 'February 15, 2006', '\xa0', '\xa0')


2024-04-11 11:47:49,538 - prod_util - ERROR  - system_log - 
Error: could not convert string to float: '\xa0'
Function Name: _format_payload_for_insert
Data Corruption:
('February 15, 2006', 'WINNIPEG A CS', ' MANITOBA ', '\xa0', '\xa0', 'February 16, 2006')


2024-04-11 11:47:49,539 - prod_util - ERROR  - system_log - 
Error: time data '\xa0' does not match format '%B %d, %Y'
Function Name: _strptime
Data Corruption:
('\xa0', 'WINNIPEG A CS', ' MANITOBA ', '\xa0', 'February 16, 2006', '\xa0')


2024-04-11 11:47:49,539 - prod_util - ERROR  - system_log - 
Error: time data '\xa0' does not match format '%B %d, %Y'
Function Name: _strptime
Data Corruption:
('\xa0', 'WINNIPEG A CS', ' MANITOBA ', 'February 16, 2006', '\xa0', '\xa0')


2024-04-11 11:47:49,540 - prod_util - ERROR  - system_log - 
Error: could not convert string to float: '\xa0'
Function Name: _format_payload_for_insert
Data Corruption:
('February 16, 2006', 'WINNIPEG A CS', ' MANITOBA ', '\xa0', '\xa0', 'February 17, 2006')


2024-04-11 11:47:49,540 - prod_util - ERROR  - system_log - 
Error: time data '\xa0' does not match format '%B %d, %Y'
Function Name: _strptime
Data Corruption:
('\xa0', 'WINNIPEG A CS', ' MANITOBA ', '\xa0', 'February 17, 2006', '\xa0')


2024-04-11 11:47:49,541 - prod_util - ERROR  - system_log - 
Error: time data '\xa0' does not match format '%B %d, %Y'
Function Name: _strptime
Data Corruption:
('\xa0', 'WINNIPEG A CS', ' MANITOBA ', 'February 17, 2006', '\xa0', '\xa0')


2024-04-11 11:47:49,541 - prod_util - ERROR  - system_log - 
Error: could not convert string to float: '\xa0'
Function Name: _format_payload_for_insert
Data Corruption:
('February 17, 2006', 'WINNIPEG A CS', ' MANITOBA ', '\xa0', '\xa0', 'February 18, 2006')


2024-04-11 11:47:49,542 - prod_util - ERROR  - system_log - 
Error: time data '\xa0' does not match format '%B %d, %Y'
Function Name: _strptime
Data Corruption:
('\xa0', 'WINNIPEG A CS', ' MANITOBA ', '\xa0', 'February 18, 2006', '\xa0')


2024-04-11 11:47:49,542 - prod_util - ERROR  - system_log - 
Error: time data '\xa0' does not match format '%B %d, %Y'
Function Name: _strptime
Data Corruption:
('\xa0', 'WINNIPEG A CS', ' MANITOBA ', 'February 18, 2006', '\xa0', '\xa0')


2024-04-11 11:47:49,542 - prod_util - ERROR  - system_log - 
Error: could not convert string to float: '\xa0'
Function Name: _format_payload_for_insert
Data Corruption:
('February 18, 2006', 'WINNIPEG A CS', ' MANITOBA ', '\xa0', '\xa0', 'February 19, 2006')


2024-04-11 11:47:49,543 - prod_util - ERROR  - system_log - 
Error: time data '\xa0' does not match format '%B %d, %Y'
Function Name: _strptime
Data Corruption:
('\xa0', 'WINNIPEG A CS', ' MANITOBA ', '\xa0', 'February 19, 2006', '\xa0')


2024-04-11 11:47:49,543 - prod_util - ERROR  - system_log - 
Error: time data '\xa0' does not match format '%B %d, %Y'
Function Name: _strptime
Data Corruption:
('\xa0', 'WINNIPEG A CS', ' MANITOBA ', 'February 19, 2006', '\xa0', '\xa0')


2024-04-11 11:47:49,544 - prod_util - ERROR  - system_log - 
Error: could not convert string to float: '\xa0'
Function Name: _format_payload_for_insert
Data Corruption:
('February 19, 2006', 'WINNIPEG A CS', ' MANITOBA ', '\xa0', '\xa0', 'February 20, 2006')


2024-04-11 11:47:49,544 - prod_util - ERROR  - system_log - 
Error: time data '\xa0' does not match format '%B %d, %Y'
Function Name: _strptime
Data Corruption:
('\xa0', 'WINNIPEG A CS', ' MANITOBA ', '\xa0', 'February 20, 2006', '\xa0')


2024-04-11 11:47:49,545 - prod_util - ERROR  - system_log - 
Error: time data '\xa0' does not match format '%B %d, %Y'
Function Name: _strptime
Data Corruption:
('\xa0', 'WINNIPEG A CS', ' MANITOBA ', 'February 20, 2006', '\xa0', '\xa0')


2024-04-11 11:47:49,545 - prod_util - ERROR  - system_log - 
Error: could not convert string to float: '\xa0'
Function Name: _format_payload_for_insert
Data Corruption:
('February 20, 2006', 'WINNIPEG A CS', ' MANITOBA ', '\xa0', '\xa0', 'February 21, 2006')


2024-04-11 11:47:49,545 - prod_util - ERROR  - system_log - 
Error: time data '\xa0' does not match format '%B %d, %Y'
Function Name: _strptime
Data Corruption:
('\xa0', 'WINNIPEG A CS', ' MANITOBA ', '\xa0', 'February 21, 2006', '\xa0')


2024-04-11 11:47:49,546 - prod_util - ERROR  - system_log - 
Error: time data '\xa0' does not match format '%B %d, %Y'
Function Name: _strptime
Data Corruption:
('\xa0', 'WINNIPEG A CS', ' MANITOBA ', 'February 21, 2006', '\xa0', '\xa0')


2024-04-11 11:47:49,546 - prod_util - ERROR  - system_log - 
Error: could not convert string to float: '\xa0'
Function Name: _format_payload_for_insert
Data Corruption:
('February 21, 2006', 'WINNIPEG A CS', ' MANITOBA ', '\xa0', '\xa0', 'February 22, 2006')


2024-04-11 11:47:49,547 - prod_util - ERROR  - system_log - 
Error: time data '\xa0' does not match format '%B %d, %Y'
Function Name: _strptime
Data Corruption:
('\xa0', 'WINNIPEG A CS', ' MANITOBA ', '\xa0', 'February 22, 2006', '\xa0')


2024-04-11 11:47:49,548 - prod_util - ERROR  - system_log - 
Error: time data '\xa0' does not match format '%B %d, %Y'
Function Name: _strptime
Data Corruption:
('\xa0', 'WINNIPEG A CS', ' MANITOBA ', 'February 22, 2006', '\xa0', '\xa0')


2024-04-11 11:47:49,548 - prod_util - ERROR  - system_log - 
Error: could not convert string to float: '\xa0'
Function Name: _format_payload_for_insert
Data Corruption:
('February 22, 2006', 'WINNIPEG A CS', ' MANITOBA ', '\xa0', '\xa0', 'February 23, 2006')


2024-04-11 11:47:49,548 - prod_util - ERROR  - system_log - 
Error: time data '\xa0' does not match format '%B %d, %Y'
Function Name: _strptime
Data Corruption:
('\xa0', 'WINNIPEG A CS', ' MANITOBA ', '\xa0', 'February 23, 2006', '\xa0')


2024-04-11 11:47:49,549 - prod_util - ERROR  - system_log - 
Error: time data '\xa0' does not match format '%B %d, %Y'
Function Name: _strptime
Data Corruption:
('\xa0', 'WINNIPEG A CS', ' MANITOBA ', 'February 23, 2006', '\xa0', '\xa0')


2024-04-11 11:47:49,549 - prod_util - ERROR  - system_log - 
Error: could not convert string to float: '\xa0'
Function Name: _format_payload_for_insert
Data Corruption:
('February 23, 2006', 'WINNIPEG A CS', ' MANITOBA ', '\xa0', '\xa0', 'February 24, 2006')


2024-04-11 11:47:49,550 - prod_util - ERROR  - system_log - 
Error: time data '\xa0' does not match format '%B %d, %Y'
Function Name: _strptime
Data Corruption:
('\xa0', 'WINNIPEG A CS', ' MANITOBA ', '\xa0', 'February 24, 2006', '\xa0')


2024-04-11 11:47:49,550 - prod_util - ERROR  - system_log - 
Error: time data '\xa0' does not match format '%B %d, %Y'
Function Name: _strptime
Data Corruption:
('\xa0', 'WINNIPEG A CS', ' MANITOBA ', 'February 24, 2006', '\xa0', '\xa0')


2024-04-11 11:47:49,551 - prod_util - ERROR  - system_log - 
Error: could not convert string to float: '\xa0'
Function Name: _format_payload_for_insert
Data Corruption:
('February 24, 2006', 'WINNIPEG A CS', ' MANITOBA ', '\xa0', '\xa0', 'February 25, 2006')


2024-04-11 11:47:49,551 - prod_util - ERROR  - system_log - 
Error: time data '\xa0' does not match format '%B %d, %Y'
Function Name: _strptime
Data Corruption:
('\xa0', 'WINNIPEG A CS', ' MANITOBA ', '\xa0', 'February 25, 2006', '\xa0')


2024-04-11 11:47:49,552 - prod_util - ERROR  - system_log - 
Error: time data '\xa0' does not match format '%B %d, %Y'
Function Name: _strptime
Data Corruption:
('\xa0', 'WINNIPEG A CS', ' MANITOBA ', 'February 25, 2006', '\xa0', '\xa0')


2024-04-11 11:47:49,552 - prod_util - ERROR  - system_log - 
Error: could not convert string to float: '\xa0'
Function Name: _format_payload_for_insert
Data Corruption:
('February 25, 2006', 'WINNIPEG A CS', ' MANITOBA ', '\xa0', '\xa0', 'February 26, 2006')


2024-04-11 11:47:49,553 - prod_util - ERROR  - system_log - 
Error: time data '\xa0' does not match format '%B %d, %Y'
Function Name: _strptime
Data Corruption:
('\xa0', 'WINNIPEG A CS', ' MANITOBA ', '\xa0', 'February 26, 2006', '\xa0')


2024-04-11 11:47:49,553 - prod_util - ERROR  - system_log - 
Error: time data '\xa0' does not match format '%B %d, %Y'
Function Name: _strptime
Data Corruption:
('\xa0', 'WINNIPEG A CS', ' MANITOBA ', 'February 26, 2006', '\xa0', '\xa0')


2024-04-11 11:47:49,554 - prod_util - ERROR  - system_log - 
Error: could not convert string to float: '\xa0'
Function Name: _format_payload_for_insert
Data Corruption:
('February 26, 2006', 'WINNIPEG A CS', ' MANITOBA ', '\xa0', '\xa0', 'February 27, 2006')


2024-04-11 11:47:49,554 - prod_util - ERROR  - system_log - 
Error: time data '\xa0' does not match format '%B %d, %Y'
Function Name: _strptime
Data Corruption:
('\xa0', 'WINNIPEG A CS', ' MANITOBA ', '\xa0', 'February 27, 2006', '\xa0')


2024-04-11 11:47:49,555 - prod_util - ERROR  - system_log - 
Error: time data '\xa0' does not match format '%B %d, %Y'
Function Name: _strptime
Data Corruption:
('\xa0', 'WINNIPEG A CS', ' MANITOBA ', 'February 27, 2006', '\xa0', '\xa0')


2024-04-11 11:47:49,555 - prod_util - ERROR  - system_log - 
Error: could not convert string to float: '\xa0'
Function Name: _format_payload_for_insert
Data Corruption:
('February 27, 2006', 'WINNIPEG A CS', ' MANITOBA ', '\xa0', '\xa0', 'February 28, 2006')


2024-04-11 11:47:49,556 - prod_util - ERROR  - system_log - 
Error: time data '\xa0' does not match format '%B %d, %Y'
Function Name: _strptime
Data Corruption:
('\xa0', 'WINNIPEG A CS', ' MANITOBA ', '\xa0', 'February 28, 2006', '\xa0')


2024-04-11 11:47:49,557 - prod_util - ERROR  - system_log - 
Error: time data '\xa0' does not match format '%B %d, %Y'
Function Name: _strptime
Data Corruption:
('\xa0', 'WINNIPEG A CS', ' MANITOBA ', 'February 28, 2006', '\xa0', '\xa0')


2024-04-11 11:47:49,558 - prod_util - ERROR  - system_log - 
Error: could not convert string to float: '\xa0'
Function Name: _format_payload_for_insert
Data Corruption:
('January 31, 2006', 'WINNIPEG A CS', ' MANITOBA ', '\xa0', '\xa0', 'January 1, 2006')


2024-04-11 11:47:49,559 - prod_util - ERROR  - system_log - 
Error: time data '\xa0' does not match format '%B %d, %Y'
Function Name: _strptime
Data Corruption:
('\xa0', 'WINNIPEG A CS', ' MANITOBA ', '\xa0', 'January 1, 2006', '\xa0')


2024-04-11 11:47:49,559 - prod_util - ERROR  - system_log - 
Error: time data '\xa0' does not match format '%B %d, %Y'
Function Name: _strptime
Data Corruption:
('\xa0', 'WINNIPEG A CS', ' MANITOBA ', 'January 1, 2006', '\xa0', '\xa0')


2024-04-11 11:47:49,559 - prod_util - ERROR  - system_log - 
Error: could not convert string to float: '\xa0'
Function Name: _format_payload_for_insert
Data Corruption:
('January 1, 2006', 'WINNIPEG A CS', ' MANITOBA ', '\xa0', '\xa0', 'January 2, 2006')


2024-04-11 11:47:49,560 - prod_util - ERROR  - system_log - 
Error: time data '\xa0' does not match format '%B %d, %Y'
Function Name: _strptime
Data Corruption:
('\xa0', 'WINNIPEG A CS', ' MANITOBA ', '\xa0', 'January 2, 2006', '\xa0')


2024-04-11 11:47:49,561 - prod_util - ERROR  - system_log - 
Error: time data '\xa0' does not match format '%B %d, %Y'
Function Name: _strptime
Data Corruption:
('\xa0', 'WINNIPEG A CS', ' MANITOBA ', 'January 2, 2006', '\xa0', '\xa0')


2024-04-11 11:47:49,561 - prod_util - ERROR  - system_log - 
Error: could not convert string to float: '\xa0'
Function Name: _format_payload_for_insert
Data Corruption:
('January 2, 2006', 'WINNIPEG A CS', ' MANITOBA ', '\xa0', '\xa0', 'January 3, 2006')


2024-04-11 11:47:49,561 - prod_util - ERROR  - system_log - 
Error: time data '\xa0' does not match format '%B %d, %Y'
Function Name: _strptime
Data Corruption:
('\xa0', 'WINNIPEG A CS', ' MANITOBA ', '\xa0', 'January 3, 2006', '\xa0')


2024-04-11 11:47:49,562 - prod_util - ERROR  - system_log - 
Error: time data '\xa0' does not match format '%B %d, %Y'
Function Name: _strptime
Data Corruption:
('\xa0', 'WINNIPEG A CS', ' MANITOBA ', 'January 3, 2006', '\xa0', '\xa0')


2024-04-11 11:47:49,562 - prod_util - ERROR  - system_log - 
Error: could not convert string to float: '\xa0'
Function Name: _format_payload_for_insert
Data Corruption:
('January 3, 2006', 'WINNIPEG A CS', ' MANITOBA ', '\xa0', '\xa0', 'January 4, 2006')


2024-04-11 11:47:49,563 - prod_util - ERROR  - system_log - 
Error: time data '\xa0' does not match format '%B %d, %Y'
Function Name: _strptime
Data Corruption:
('\xa0', 'WINNIPEG A CS', ' MANITOBA ', '\xa0', 'January 4, 2006', '\xa0')


2024-04-11 11:47:49,564 - prod_util - ERROR  - system_log - 
Error: time data '\xa0' does not match format '%B %d, %Y'
Function Name: _strptime
Data Corruption:
('\xa0', 'WINNIPEG A CS', ' MANITOBA ', 'January 4, 2006', '\xa0', '\xa0')


2024-04-11 11:47:49,564 - prod_util - ERROR  - system_log - 
Error: could not convert string to float: '\xa0'
Function Name: _format_payload_for_insert
Data Corruption:
('January 4, 2006', 'WINNIPEG A CS', ' MANITOBA ', '\xa0', '\xa0', 'January 5, 2006')


2024-04-11 11:47:49,565 - prod_util - ERROR  - system_log - 
Error: time data '\xa0' does not match format '%B %d, %Y'
Function Name: _strptime
Data Corruption:
('\xa0', 'WINNIPEG A CS', ' MANITOBA ', '\xa0', 'January 5, 2006', '\xa0')


2024-04-11 11:47:49,565 - prod_util - ERROR  - system_log - 
Error: time data '\xa0' does not match format '%B %d, %Y'
Function Name: _strptime
Data Corruption:
('\xa0', 'WINNIPEG A CS', ' MANITOBA ', 'January 5, 2006', '\xa0', '\xa0')


2024-04-11 11:47:49,566 - prod_util - ERROR  - system_log - 
Error: could not convert string to float: '\xa0'
Function Name: _format_payload_for_insert
Data Corruption:
('January 5, 2006', 'WINNIPEG A CS', ' MANITOBA ', '\xa0', '\xa0', 'January 6, 2006')


2024-04-11 11:47:49,566 - prod_util - ERROR  - system_log - 
Error: time data '\xa0' does not match format '%B %d, %Y'
Function Name: _strptime
Data Corruption:
('\xa0', 'WINNIPEG A CS', ' MANITOBA ', '\xa0', 'January 6, 2006', '\xa0')


2024-04-11 11:47:49,567 - prod_util - ERROR  - system_log - 
Error: time data '\xa0' does not match format '%B %d, %Y'
Function Name: _strptime
Data Corruption:
('\xa0', 'WINNIPEG A CS', ' MANITOBA ', 'January 6, 2006', '\xa0', '\xa0')


2024-04-11 11:47:49,567 - prod_util - ERROR  - system_log - 
Error: could not convert string to float: '\xa0'
Function Name: _format_payload_for_insert
Data Corruption:
('January 6, 2006', 'WINNIPEG A CS', ' MANITOBA ', '\xa0', '\xa0', 'January 7, 2006')


2024-04-11 11:47:49,568 - prod_util - ERROR  - system_log - 
Error: time data '\xa0' does not match format '%B %d, %Y'
Function Name: _strptime
Data Corruption:
('\xa0', 'WINNIPEG A CS', ' MANITOBA ', '\xa0', 'January 7, 2006', '\xa0')


2024-04-11 11:47:49,568 - prod_util - ERROR  - system_log - 
Error: time data '\xa0' does not match format '%B %d, %Y'
Function Name: _strptime
Data Corruption:
('\xa0', 'WINNIPEG A CS', ' MANITOBA ', 'January 7, 2006', '\xa0', '\xa0')


2024-04-11 11:47:49,568 - prod_util - ERROR  - system_log - 
Error: could not convert string to float: '\xa0'
Function Name: _format_payload_for_insert
Data Corruption:
('January 7, 2006', 'WINNIPEG A CS', ' MANITOBA ', '\xa0', '\xa0', 'January 8, 2006')


2024-04-11 11:47:49,569 - prod_util - ERROR  - system_log - 
Error: time data '\xa0' does not match format '%B %d, %Y'
Function Name: _strptime
Data Corruption:
('\xa0', 'WINNIPEG A CS', ' MANITOBA ', '\xa0', 'January 8, 2006', '\xa0')


2024-04-11 11:47:49,569 - prod_util - ERROR  - system_log - 
Error: time data '\xa0' does not match format '%B %d, %Y'
Function Name: _strptime
Data Corruption:
('\xa0', 'WINNIPEG A CS', ' MANITOBA ', 'January 8, 2006', '\xa0', '\xa0')


2024-04-11 11:47:49,570 - prod_util - ERROR  - system_log - 
Error: could not convert string to float: '\xa0'
Function Name: _format_payload_for_insert
Data Corruption:
('January 8, 2006', 'WINNIPEG A CS', ' MANITOBA ', '\xa0', '\xa0', 'January 9, 2006')


2024-04-11 11:47:49,571 - urllib3.connectionpool - DEBUG  - _make_request - https://climate.weather.gc.ca:443 "GET /climate_data/daily_data_e.html?StationID=27174&timeframe=2&StartYear=1840&EndYear=2018&Year=2017&Month=3 HTTP/1.1" 200 8671
2024-04-11 11:47:49,572 - prod_util - ERROR  - system_log - 
Error: time data '\xa0' does not match format '%B %d, %Y'
Function Name: _strptime
Data Corruption:
('\xa0', 'WINNIPEG A CS', ' MANITOBA ', '\xa0', 'January 9, 2006', '\xa0')


2024-04-11 11:47:49,572 - prod_util - ERROR  - system_log - 
Error: time data '\xa0' does not match format '%B %d, %Y'
Function Name: _strptime
Data Corruption:
('\xa0', 'WINNIPEG A CS', ' MANITOBA ', 'January 9, 2006', '\xa0', '\xa0')


2024-04-11 11:47:49,573 - prod_util - ERROR  - system_log - 
Error: could not convert string to float: '\xa0'
Function Name: _format_payload_for_insert
Data Corruption:
('January 9, 2006', 'WINNIPEG A CS', ' MANITOBA ', '\xa0', '\xa0', 'January 10, 2006')


2024-04-11 11:47:49,573 - prod_util - ERROR  - system_log - 
Error: time data '\xa0' does not match format '%B %d, %Y'
Function Name: _strptime
Data Corruption:
('\xa0', 'WINNIPEG A CS', ' MANITOBA ', '\xa0', 'January 10, 2006', '\xa0')


2024-04-11 11:47:49,576 - prod_util - ERROR  - system_log - 
Error: time data '\xa0' does not match format '%B %d, %Y'
Function Name: _strptime
Data Corruption:
('\xa0', 'WINNIPEG A CS', ' MANITOBA ', 'January 10, 2006', '\xa0', '\xa0')


2024-04-11 11:47:49,576 - prod_util - ERROR  - system_log - 
Error: could not convert string to float: '\xa0'
Function Name: _format_payload_for_insert
Data Corruption:
('January 10, 2006', 'WINNIPEG A CS', ' MANITOBA ', '\xa0', '\xa0', 'January 11, 2006')


2024-04-11 11:47:49,577 - prod_util - ERROR  - system_log - 
Error: time data '\xa0' does not match format '%B %d, %Y'
Function Name: _strptime
Data Corruption:
('\xa0', 'WINNIPEG A CS', ' MANITOBA ', '\xa0', 'January 11, 2006', '\xa0')


2024-04-11 11:47:49,578 - prod_util - ERROR  - system_log - 
Error: time data '\xa0' does not match format '%B %d, %Y'
Function Name: _strptime
Data Corruption:
('\xa0', 'WINNIPEG A CS', ' MANITOBA ', 'January 11, 2006', '\xa0', '\xa0')


2024-04-11 11:47:49,578 - prod_util - ERROR  - system_log - 
Error: could not convert string to float: '\xa0'
Function Name: _format_payload_for_insert
Data Corruption:
('January 11, 2006', 'WINNIPEG A CS', ' MANITOBA ', '\xa0', '\xa0', 'January 12, 2006')


2024-04-11 11:47:49,579 - prod_util - ERROR  - system_log - 
Error: time data '\xa0' does not match format '%B %d, %Y'
Function Name: _strptime
Data Corruption:
('\xa0', 'WINNIPEG A CS', ' MANITOBA ', '\xa0', 'January 12, 2006', '\xa0')


2024-04-11 11:47:49,579 - prod_util - ERROR  - system_log - 
Error: time data '\xa0' does not match format '%B %d, %Y'
Function Name: _strptime
Data Corruption:
('\xa0', 'WINNIPEG A CS', ' MANITOBA ', 'January 12, 2006', '\xa0', '\xa0')


2024-04-11 11:47:49,580 - prod_util - ERROR  - system_log - 
Error: could not convert string to float: '\xa0'
Function Name: _format_payload_for_insert
Data Corruption:
('January 12, 2006', 'WINNIPEG A CS', ' MANITOBA ', '\xa0', '\xa0', 'January 13, 2006')


2024-04-11 11:47:49,581 - prod_util - ERROR  - system_log - 
Error: time data '\xa0' does not match format '%B %d, %Y'
Function Name: _strptime
Data Corruption:
('\xa0', 'WINNIPEG A CS', ' MANITOBA ', '\xa0', 'January 13, 2006', '\xa0')


2024-04-11 11:47:49,581 - prod_util - ERROR  - system_log - 
Error: time data '\xa0' does not match format '%B %d, %Y'
Function Name: _strptime
Data Corruption:
('\xa0', 'WINNIPEG A CS', ' MANITOBA ', 'January 13, 2006', '\xa0', '\xa0')


2024-04-11 11:47:49,582 - prod_util - ERROR  - system_log - 
Error: could not convert string to float: '\xa0'
Function Name: _format_payload_for_insert
Data Corruption:
('January 13, 2006', 'WINNIPEG A CS', ' MANITOBA ', '\xa0', '\xa0', 'January 14, 2006')


2024-04-11 11:47:49,582 - prod_util - ERROR  - system_log - 
Error: time data '\xa0' does not match format '%B %d, %Y'
Function Name: _strptime
Data Corruption:
('\xa0', 'WINNIPEG A CS', ' MANITOBA ', '\xa0', 'January 14, 2006', '\xa0')


2024-04-11 11:47:49,583 - prod_util - ERROR  - system_log - 
Error: time data '\xa0' does not match format '%B %d, %Y'
Function Name: _strptime
Data Corruption:
('\xa0', 'WINNIPEG A CS', ' MANITOBA ', 'January 14, 2006', '\xa0', '\xa0')


2024-04-11 11:47:49,583 - prod_util - ERROR  - system_log - 
Error: could not convert string to float: '\xa0'
Function Name: _format_payload_for_insert
Data Corruption:
('January 14, 2006', 'WINNIPEG A CS', ' MANITOBA ', '\xa0', '\xa0', 'January 15, 2006')


2024-04-11 11:47:49,585 - prod_util - ERROR  - system_log - 
Error: time data '\xa0' does not match format '%B %d, %Y'
Function Name: _strptime
Data Corruption:
('\xa0', 'WINNIPEG A CS', ' MANITOBA ', '\xa0', 'January 15, 2006', '\xa0')


2024-04-11 11:47:49,585 - urllib3.connectionpool - DEBUG  - _new_conn - Starting new HTTPS connection (1): climate.weather.gc.ca:443
2024-04-11 11:47:49,586 - prod_util - ERROR  - system_log - 
Error: time data '\xa0' does not match format '%B %d, %Y'
Function Name: _strptime
Data Corruption:
('\xa0', 'WINNIPEG A CS', ' MANITOBA ', 'January 15, 2006', '\xa0', '\xa0')


2024-04-11 11:47:49,586 - prod_util - ERROR  - system_log - 
Error: could not convert string to float: '\xa0'
Function Name: _format_payload_for_insert
Data Corruption:
('January 15, 2006', 'WINNIPEG A CS', ' MANITOBA ', '\xa0', '\xa0', 'January 16, 2006')


2024-04-11 11:47:49,587 - prod_util - ERROR  - system_log - 
Error: time data '\xa0' does not match format '%B %d, %Y'
Function Name: _strptime
Data Corruption:
('\xa0', 'WINNIPEG A CS', ' MANITOBA ', '\xa0', 'January 16, 2006', '\xa0')


2024-04-11 11:47:49,587 - prod_util - ERROR  - system_log - 
Error: time data '\xa0' does not match format '%B %d, %Y'
Function Name: _strptime
Data Corruption:
('\xa0', 'WINNIPEG A CS', ' MANITOBA ', 'January 16, 2006', '\xa0', '\xa0')


2024-04-11 11:47:49,588 - prod_util - ERROR  - system_log - 
Error: could not convert string to float: '\xa0'
Function Name: _format_payload_for_insert
Data Corruption:
('January 16, 2006', 'WINNIPEG A CS', ' MANITOBA ', '\xa0', '\xa0', 'January 17, 2006')


2024-04-11 11:47:49,589 - prod_util - ERROR  - system_log - 
Error: time data '\xa0' does not match format '%B %d, %Y'
Function Name: _strptime
Data Corruption:
('\xa0', 'WINNIPEG A CS', ' MANITOBA ', '\xa0', 'January 17, 2006', '\xa0')


2024-04-11 11:47:49,589 - prod_util - ERROR  - system_log - 
Error: time data '\xa0' does not match format '%B %d, %Y'
Function Name: _strptime
Data Corruption:
('\xa0', 'WINNIPEG A CS', ' MANITOBA ', 'January 17, 2006', '\xa0', '\xa0')


2024-04-11 11:47:49,589 - prod_util - ERROR  - system_log - 
Error: could not convert string to float: '\xa0'
Function Name: _format_payload_for_insert
Data Corruption:
('January 17, 2006', 'WINNIPEG A CS', ' MANITOBA ', '\xa0', '\xa0', 'January 18, 2006')


2024-04-11 11:47:49,590 - prod_util - ERROR  - system_log - 
Error: time data '\xa0' does not match format '%B %d, %Y'
Function Name: _strptime
Data Corruption:
('\xa0', 'WINNIPEG A CS', ' MANITOBA ', '\xa0', 'January 18, 2006', '\xa0')


2024-04-11 11:47:49,591 - prod_util - ERROR  - system_log - 
Error: time data '\xa0' does not match format '%B %d, %Y'
Function Name: _strptime
Data Corruption:
('\xa0', 'WINNIPEG A CS', ' MANITOBA ', 'January 18, 2006', '\xa0', '\xa0')


2024-04-11 11:47:49,591 - prod_util - ERROR  - system_log - 
Error: could not convert string to float: '\xa0'
Function Name: _format_payload_for_insert
Data Corruption:
('January 18, 2006', 'WINNIPEG A CS', ' MANITOBA ', '\xa0', '\xa0', 'January 19, 2006')


2024-04-11 11:47:49,591 - prod_util - ERROR  - system_log - 
Error: time data '\xa0' does not match format '%B %d, %Y'
Function Name: _strptime
Data Corruption:
('\xa0', 'WINNIPEG A CS', ' MANITOBA ', '\xa0', 'January 19, 2006', '\xa0')


2024-04-11 11:47:49,592 - prod_util - ERROR  - system_log - 
Error: time data '\xa0' does not match format '%B %d, %Y'
Function Name: _strptime
Data Corruption:
('\xa0', 'WINNIPEG A CS', ' MANITOBA ', 'January 19, 2006', '\xa0', '\xa0')


2024-04-11 11:47:49,592 - prod_util - ERROR  - system_log - 
Error: could not convert string to float: '\xa0'
Function Name: _format_payload_for_insert
Data Corruption:
('January 19, 2006', 'WINNIPEG A CS', ' MANITOBA ', '\xa0', '\xa0', 'January 20, 2006')


2024-04-11 11:47:49,593 - prod_util - ERROR  - system_log - 
Error: time data '\xa0' does not match format '%B %d, %Y'
Function Name: _strptime
Data Corruption:
('\xa0', 'WINNIPEG A CS', ' MANITOBA ', '\xa0', 'January 20, 2006', '\xa0')


2024-04-11 11:47:49,593 - prod_util - ERROR  - system_log - 
Error: time data '\xa0' does not match format '%B %d, %Y'
Function Name: _strptime
Data Corruption:
('\xa0', 'WINNIPEG A CS', ' MANITOBA ', 'January 20, 2006', '\xa0', '\xa0')


2024-04-11 11:47:49,594 - prod_util - ERROR  - system_log - 
Error: could not convert string to float: '\xa0'
Function Name: _format_payload_for_insert
Data Corruption:
('January 20, 2006', 'WINNIPEG A CS', ' MANITOBA ', '\xa0', '\xa0', 'January 21, 2006')


2024-04-11 11:47:49,594 - prod_util - ERROR  - system_log - 
Error: time data '\xa0' does not match format '%B %d, %Y'
Function Name: _strptime
Data Corruption:
('\xa0', 'WINNIPEG A CS', ' MANITOBA ', '\xa0', 'January 21, 2006', '\xa0')


2024-04-11 11:47:49,595 - prod_util - ERROR  - system_log - 
Error: time data '\xa0' does not match format '%B %d, %Y'
Function Name: _strptime
Data Corruption:
('\xa0', 'WINNIPEG A CS', ' MANITOBA ', 'January 21, 2006', '\xa0', '\xa0')


2024-04-11 11:47:49,595 - prod_util - ERROR  - system_log - 
Error: could not convert string to float: '\xa0'
Function Name: _format_payload_for_insert
Data Corruption:
('January 21, 2006', 'WINNIPEG A CS', ' MANITOBA ', '\xa0', '\xa0', 'January 22, 2006')


2024-04-11 11:47:49,596 - prod_util - ERROR  - system_log - 
Error: time data '\xa0' does not match format '%B %d, %Y'
Function Name: _strptime
Data Corruption:
('\xa0', 'WINNIPEG A CS', ' MANITOBA ', '\xa0', 'January 22, 2006', '\xa0')


2024-04-11 11:47:49,597 - prod_util - ERROR  - system_log - 
Error: time data '\xa0' does not match format '%B %d, %Y'
Function Name: _strptime
Data Corruption:
('\xa0', 'WINNIPEG A CS', ' MANITOBA ', 'January 22, 2006', '\xa0', '\xa0')


2024-04-11 11:47:49,597 - prod_util - ERROR  - system_log - 
Error: could not convert string to float: '\xa0'
Function Name: _format_payload_for_insert
Data Corruption:
('January 22, 2006', 'WINNIPEG A CS', ' MANITOBA ', '\xa0', '\xa0', 'January 23, 2006')


2024-04-11 11:47:49,598 - prod_util - ERROR  - system_log - 
Error: time data '\xa0' does not match format '%B %d, %Y'
Function Name: _strptime
Data Corruption:
('\xa0', 'WINNIPEG A CS', ' MANITOBA ', '\xa0', 'January 23, 2006', '\xa0')


2024-04-11 11:47:49,598 - prod_util - ERROR  - system_log - 
Error: time data '\xa0' does not match format '%B %d, %Y'
Function Name: _strptime
Data Corruption:
('\xa0', 'WINNIPEG A CS', ' MANITOBA ', 'January 23, 2006', '\xa0', '\xa0')


2024-04-11 11:47:49,598 - prod_util - ERROR  - system_log - 
Error: could not convert string to float: '\xa0'
Function Name: _format_payload_for_insert
Data Corruption:
('January 23, 2006', 'WINNIPEG A CS', ' MANITOBA ', '\xa0', '\xa0', 'January 24, 2006')


2024-04-11 11:47:49,599 - prod_util - ERROR  - system_log - 
Error: time data '\xa0' does not match format '%B %d, %Y'
Function Name: _strptime
Data Corruption:
('\xa0', 'WINNIPEG A CS', ' MANITOBA ', '\xa0', 'January 24, 2006', '\xa0')


2024-04-11 11:47:49,599 - prod_util - ERROR  - system_log - 
Error: time data '\xa0' does not match format '%B %d, %Y'
Function Name: _strptime
Data Corruption:
('\xa0', 'WINNIPEG A CS', ' MANITOBA ', 'January 24, 2006', '\xa0', '\xa0')


2024-04-11 11:47:49,600 - prod_util - ERROR  - system_log - 
Error: could not convert string to float: '\xa0'
Function Name: _format_payload_for_insert
Data Corruption:
('January 24, 2006', 'WINNIPEG A CS', ' MANITOBA ', '\xa0', '\xa0', 'January 25, 2006')


2024-04-11 11:47:49,600 - prod_util - ERROR  - system_log - 
Error: time data '\xa0' does not match format '%B %d, %Y'
Function Name: _strptime
Data Corruption:
('\xa0', 'WINNIPEG A CS', ' MANITOBA ', '\xa0', 'January 25, 2006', '\xa0')


2024-04-11 11:47:49,601 - prod_util - ERROR  - system_log - 
Error: time data '\xa0' does not match format '%B %d, %Y'
Function Name: _strptime
Data Corruption:
('\xa0', 'WINNIPEG A CS', ' MANITOBA ', 'January 25, 2006', '\xa0', '\xa0')


2024-04-11 11:47:49,601 - prod_util - ERROR  - system_log - 
Error: could not convert string to float: '\xa0'
Function Name: _format_payload_for_insert
Data Corruption:
('January 25, 2006', 'WINNIPEG A CS', ' MANITOBA ', '\xa0', '\xa0', 'January 26, 2006')


2024-04-11 11:47:49,602 - prod_util - ERROR  - system_log - 
Error: time data '\xa0' does not match format '%B %d, %Y'
Function Name: _strptime
Data Corruption:
('\xa0', 'WINNIPEG A CS', ' MANITOBA ', '\xa0', 'January 26, 2006', '\xa0')


2024-04-11 11:47:49,602 - prod_util - ERROR  - system_log - 
Error: time data '\xa0' does not match format '%B %d, %Y'
Function Name: _strptime
Data Corruption:
('\xa0', 'WINNIPEG A CS', ' MANITOBA ', 'January 26, 2006', '\xa0', '\xa0')


2024-04-11 11:47:49,603 - prod_util - ERROR  - system_log - 
Error: could not convert string to float: '\xa0'
Function Name: _format_payload_for_insert
Data Corruption:
('January 26, 2006', 'WINNIPEG A CS', ' MANITOBA ', '\xa0', '\xa0', 'January 27, 2006')


2024-04-11 11:47:49,603 - prod_util - ERROR  - system_log - 
Error: time data '\xa0' does not match format '%B %d, %Y'
Function Name: _strptime
Data Corruption:
('\xa0', 'WINNIPEG A CS', ' MANITOBA ', '\xa0', 'January 27, 2006', '\xa0')


2024-04-11 11:47:49,604 - prod_util - ERROR  - system_log - 
Error: time data '\xa0' does not match format '%B %d, %Y'
Function Name: _strptime
Data Corruption:
('\xa0', 'WINNIPEG A CS', ' MANITOBA ', 'January 27, 2006', '\xa0', '\xa0')


2024-04-11 11:47:49,604 - prod_util - ERROR  - system_log - 
Error: could not convert string to float: '\xa0'
Function Name: _format_payload_for_insert
Data Corruption:
('January 27, 2006', 'WINNIPEG A CS', ' MANITOBA ', '\xa0', '\xa0', 'January 28, 2006')


2024-04-11 11:47:49,605 - prod_util - ERROR  - system_log - 
Error: time data '\xa0' does not match format '%B %d, %Y'
Function Name: _strptime
Data Corruption:
('\xa0', 'WINNIPEG A CS', ' MANITOBA ', '\xa0', 'January 28, 2006', '\xa0')


2024-04-11 11:47:49,605 - prod_util - ERROR  - system_log - 
Error: time data '\xa0' does not match format '%B %d, %Y'
Function Name: _strptime
Data Corruption:
('\xa0', 'WINNIPEG A CS', ' MANITOBA ', 'January 28, 2006', '\xa0', '\xa0')


2024-04-11 11:47:49,606 - prod_util - ERROR  - system_log - 
Error: could not convert string to float: '\xa0'
Function Name: _format_payload_for_insert
Data Corruption:
('January 28, 2006', 'WINNIPEG A CS', ' MANITOBA ', '\xa0', '\xa0', 'January 29, 2006')


2024-04-11 11:47:49,606 - prod_util - ERROR  - system_log - 
Error: time data '\xa0' does not match format '%B %d, %Y'
Function Name: _strptime
Data Corruption:
('\xa0', 'WINNIPEG A CS', ' MANITOBA ', '\xa0', 'January 29, 2006', '\xa0')


2024-04-11 11:47:49,607 - prod_util - ERROR  - system_log - 
Error: time data '\xa0' does not match format '%B %d, %Y'
Function Name: _strptime
Data Corruption:
('\xa0', 'WINNIPEG A CS', ' MANITOBA ', 'January 29, 2006', '\xa0', '\xa0')


2024-04-11 11:47:49,607 - prod_util - ERROR  - system_log - 
Error: could not convert string to float: '\xa0'
Function Name: _format_payload_for_insert
Data Corruption:
('January 29, 2006', 'WINNIPEG A CS', ' MANITOBA ', '\xa0', '\xa0', 'January 30, 2006')


2024-04-11 11:47:49,607 - prod_util - ERROR  - system_log - 
Error: time data '\xa0' does not match format '%B %d, %Y'
Function Name: _strptime
Data Corruption:
('\xa0', 'WINNIPEG A CS', ' MANITOBA ', '\xa0', 'January 30, 2006', '\xa0')


2024-04-11 11:47:49,608 - prod_util - ERROR  - system_log - 
Error: time data '\xa0' does not match format '%B %d, %Y'
Function Name: _strptime
Data Corruption:
('\xa0', 'WINNIPEG A CS', ' MANITOBA ', 'January 30, 2006', '\xa0', '\xa0')


2024-04-11 11:47:49,608 - prod_util - ERROR  - system_log - 
Error: could not convert string to float: '\xa0'
Function Name: _format_payload_for_insert
Data Corruption:
('January 30, 2006', 'WINNIPEG A CS', ' MANITOBA ', '\xa0', '\xa0', 'January 31, 2006')


2024-04-11 11:47:49,609 - prod_util - ERROR  - system_log - 
Error: time data '\xa0' does not match format '%B %d, %Y'
Function Name: _strptime
Data Corruption:
('\xa0', 'WINNIPEG A CS', ' MANITOBA ', '\xa0', 'January 31, 2006', '\xa0')


2024-04-11 11:47:49,609 - prod_util - ERROR  - system_log - 
Error: time data '\xa0' does not match format '%B %d, %Y'
Function Name: _strptime
Data Corruption:
('\xa0', 'WINNIPEG A CS', ' MANITOBA ', 'January 31, 2006', '\xa0', '\xa0')


2024-04-11 11:47:49,780 - urllib3.connectionpool - DEBUG  - _make_request - https://climate.weather.gc.ca:443 "GET /climate_data/daily_data_e.html?StationID=27174&timeframe=2&StartYear=1840&EndYear=2018&Year=2020&Month=2 HTTP/1.1" 200 8543
2024-04-11 11:47:49,790 - urllib3.connectionpool - DEBUG  - _new_conn - Starting new HTTPS connection (1): climate.weather.gc.ca:443
2024-04-11 11:47:50,061 - urllib3.connectionpool - DEBUG  - _make_request - https://climate.weather.gc.ca:443 "GET /climate_data/daily_data_e.html?StationID=27174&timeframe=2&StartYear=1840&EndYear=2018&Year=2005&Month=2 HTTP/1.1" 200 8123
2024-04-11 11:47:50,072 - urllib3.connectionpool - DEBUG  - _new_conn - Starting new HTTPS connection (1): climate.weather.gc.ca:443
2024-04-11 11:47:50,076 - urllib3.connectionpool - DEBUG  - _make_request - https://climate.weather.gc.ca:443 "GET /climate_data/daily_data_e.html?StationID=27174&timeframe=2&StartYear=1840&EndYear=2018&Year=2018&Month=4 HTTP/1.1" 200 8615
2024-04-11 11:47:50,085 - urllib3.connectionpool - DEBUG  - _new_conn - Starting new HTTPS connection (1): climate.weather.gc.ca:443
2024-04-11 11:47:50,105 - urllib3.connectionpool - DEBUG  - _make_request - https://climate.weather.gc.ca:443 "GET /climate_data/daily_data_e.html?StationID=27174&timeframe=2&StartYear=1840&EndYear=2018&Year=2013&Month=3 HTTP/1.1" 200 8469
2024-04-11 11:47:50,113 - urllib3.connectionpool - DEBUG  - _make_request - https://climate.weather.gc.ca:443 "GET /climate_data/daily_data_e.html?StationID=27174&timeframe=2&StartYear=1840&EndYear=2018&Year=2012&Month=2 HTTP/1.1" 200 8388
2024-04-11 11:47:50,115 - urllib3.connectionpool - DEBUG  - _new_conn - Starting new HTTPS connection (1): climate.weather.gc.ca:443
2024-04-11 11:47:50,123 - urllib3.connectionpool - DEBUG  - _new_conn - Starting new HTTPS connection (1): climate.weather.gc.ca:443
2024-04-11 11:47:50,169 - urllib3.connectionpool - DEBUG  - _make_request - https://climate.weather.gc.ca:443 "GET /climate_data/daily_data_e.html?StationID=27174&timeframe=2&StartYear=1840&EndYear=2018&Year=2015&Month=2 HTTP/1.1" 200 8586
2024-04-11 11:47:50,169 - urllib3.connectionpool - DEBUG  - _make_request - https://climate.weather.gc.ca:443 "GET /climate_data/daily_data_e.html?StationID=27174&timeframe=2&StartYear=1840&EndYear=2018&Year=2021&Month=1 HTTP/1.1" 200 8591
2024-04-11 11:47:50,182 - urllib3.connectionpool - DEBUG  - _new_conn - Starting new HTTPS connection (1): climate.weather.gc.ca:443
2024-04-11 11:47:50,187 - urllib3.connectionpool - DEBUG  - _new_conn - Starting new HTTPS connection (1): climate.weather.gc.ca:443
2024-04-11 11:47:50,188 - prod_util - ERROR  - system_log - 
Error: could not convert string to float: 'December 2, 2021'
Function Name: _format_payload_for_insert
Data Corruption:
('-26.9', 'WINNIPEG A CS', ' MANITOBA ', '-34.8', '-30.9', 'December 1, 2021')


2024-04-11 11:47:51,001 - urllib3.connectionpool - DEBUG  - _make_request - https://climate.weather.gc.ca:443 "GET /climate_data/daily_data_e.html?StationID=27174&timeframe=2&StartYear=1840&EndYear=2018&Year=2019&Month=1 HTTP/1.1" 200 8649
2024-04-11 11:47:51,009 - urllib3.connectionpool - DEBUG  - _new_conn - Starting new HTTPS connection (1): climate.weather.gc.ca:443
2024-04-11 11:47:51,012 - prod_util - ERROR  - system_log - 
Error: could not convert string to float: 'October 18, 2019'
Function Name: _format_payload_for_insert
Data Corruption:
('4.3', 'WINNIPEG A CS', ' MANITOBA ', '-0.1', '2.1', 'October 17, 2019')


2024-04-11 11:47:51,015 - prod_util - ERROR  - system_log - 
Error: could not convert string to float: 'July 25, 2019'
Function Name: _format_payload_for_insert
Data Corruption:
('28.8', 'WINNIPEG A CS', ' MANITOBA ', '13.2', '21.0', 'July 24, 2019')


2024-04-11 11:47:51,017 - prod_util - ERROR  - system_log - 
Error: could not convert string to float: 'May 2, 2019'
Function Name: _format_payload_for_insert
Data Corruption:
('16.7', 'WINNIPEG A CS', ' MANITOBA ', '3.4', '10.1', 'May 1, 2019')


2024-04-11 11:47:51,017 - prod_util - ERROR  - system_log - 
Error: could not convert string to float: 'May 9, 2019'
Function Name: _format_payload_for_insert
Data Corruption:
('14.3', 'WINNIPEG A CS', ' MANITOBA ', '-5.1', '4.6', 'May 8, 2019')


2024-04-11 11:47:51,020 - prod_util - ERROR  - system_log - 
Error: could not convert string to float: 'March 22, 2019'
Function Name: _format_payload_for_insert
Data Corruption:
('4.3', 'WINNIPEG A CS', ' MANITOBA ', '-3.9', '0.2', 'March 21, 2019')


2024-04-11 11:47:51,036 - urllib3.connectionpool - DEBUG  - _make_request - https://climate.weather.gc.ca:443 "GET /climate_data/daily_data_e.html?StationID=27174&timeframe=2&StartYear=1840&EndYear=2018&Year=2007&Month=2 HTTP/1.1" 200 8190
2024-04-11 11:47:51,046 - urllib3.connectionpool - DEBUG  - _new_conn - Starting new HTTPS connection (1): climate.weather.gc.ca:443
2024-04-11 11:47:51,109 - urllib3.connectionpool - DEBUG  - _make_request - https://climate.weather.gc.ca:443 "GET /climate_data/daily_data_e.html?StationID=27174&timeframe=2&StartYear=1840&EndYear=2018&Year=2016&Month=3 HTTP/1.1" 200 8669
2024-04-11 11:47:51,116 - urllib3.connectionpool - DEBUG  - _new_conn - Starting new HTTPS connection (1): climate.weather.gc.ca:443
2024-04-11 11:47:51,138 - urllib3.connectionpool - DEBUG  - _make_request - https://climate.weather.gc.ca:443 "GET /climate_data/daily_data_e.html?StationID=27174&timeframe=2&StartYear=1840&EndYear=2018&Year=2010&Month=2 HTTP/1.1" 200 8394
2024-04-11 11:47:51,145 - urllib3.connectionpool - DEBUG  - _new_conn - Starting new HTTPS connection (1): climate.weather.gc.ca:443
2024-04-11 11:47:51,159 - urllib3.connectionpool - DEBUG  - _make_request - https://climate.weather.gc.ca:443 "GET /climate_data/daily_data_e.html?StationID=27174&timeframe=2&StartYear=1840&EndYear=2018&Year=2014&Month=2 HTTP/1.1" 200 8635
2024-04-11 11:47:51,166 - urllib3.connectionpool - DEBUG  - _new_conn - Starting new HTTPS connection (1): climate.weather.gc.ca:443
2024-04-11 11:47:51,384 - urllib3.connectionpool - DEBUG  - _make_request - https://climate.weather.gc.ca:443 "GET /climate_data/daily_data_e.html?StationID=27174&timeframe=2&StartYear=1840&EndYear=2018&Year=2009&Month=3 HTTP/1.1" 200 8538
2024-04-11 11:47:51,386 - urllib3.connectionpool - DEBUG  - _make_request - https://climate.weather.gc.ca:443 "GET /climate_data/daily_data_e.html?StationID=27174&timeframe=2&StartYear=1840&EndYear=2018&Year=2004&Month=6 HTTP/1.1" 200 8224
2024-04-11 11:47:51,387 - urllib3.connectionpool - DEBUG  - _make_request - https://climate.weather.gc.ca:443 "GET /climate_data/daily_data_e.html?StationID=27174&timeframe=2&StartYear=1840&EndYear=2018&Year=2023&Month=1 HTTP/1.1" 200 8591
2024-04-11 11:47:51,398 - urllib3.connectionpool - DEBUG  - _make_request - https://climate.weather.gc.ca:443 "GET /climate_data/daily_data_e.html?StationID=27174&timeframe=2&StartYear=1840&EndYear=2018&Year=2011&Month=1 HTTP/1.1" 200 8396
2024-04-11 11:47:51,401 - urllib3.connectionpool - DEBUG  - _new_conn - Starting new HTTPS connection (1): climate.weather.gc.ca:443
2024-04-11 11:47:51,402 - urllib3.connectionpool - DEBUG  - _new_conn - Starting new HTTPS connection (1): climate.weather.gc.ca:443
2024-04-11 11:47:51,408 - urllib3.connectionpool - DEBUG  - _new_conn - Starting new HTTPS connection (1): climate.weather.gc.ca:443
2024-04-11 11:47:51,409 - prod_util - ERROR  - system_log - 
Error: list index out of range
Function Name: _format_payload_for_insert
Data Corruption:
('4.5', 'WINNIPEG A CS', ' MANITOBA ', '-5.2', '-0.4', 'November 30, 2023')


2024-04-11 11:47:51,411 - prod_util - ERROR  - system_log - 
Error: could not convert string to float: 'October 5, 2023'
Function Name: _format_payload_for_insert
Data Corruption:
('22.5', 'WINNIPEG A CS', ' MANITOBA ', '12.1', '17.3', 'October 4, 2023')


2024-04-11 11:47:51,411 - prod_util - ERROR  - system_log - 
Error: could not convert string to float: 'October 29, 2023'
Function Name: _format_payload_for_insert
Data Corruption:
('0.7', 'WINNIPEG A CS', ' MANITOBA ', '-4.3', '-1.8', 'October 28, 2023')


2024-04-11 11:47:51,415 - urllib3.connectionpool - DEBUG  - _new_conn - Starting new HTTPS connection (1): climate.weather.gc.ca:443
2024-04-11 11:47:51,416 - prod_util - ERROR  - system_log - 
Error: could not convert string to float: 'August 29, 2023'
Function Name: _format_payload_for_insert
Data Corruption:
('28.7', 'WINNIPEG A CS', ' MANITOBA ', '12.9', '20.8', 'August 28, 2023')


2024-04-11 11:47:51,416 - prod_util - ERROR  - system_log - 
Error: could not convert string to float: 'August 31, 2023'
Function Name: _format_payload_for_insert
Data Corruption:
('21.2', 'WINNIPEG A CS', ' MANITOBA ', '9.2', '15.2', 'August 30, 2023')


2024-04-11 11:47:51,423 - urllib3.connectionpool - DEBUG  - _make_request - https://climate.weather.gc.ca:443 "GET /climate_data/daily_data_e.html?StationID=27174&timeframe=2&StartYear=1840&EndYear=2018&Year=2003&Month=12 HTTP/1.1" 200 8184
2024-04-11 11:47:51,430 - prod_util - ERROR  - system_log - 
Error: time data '\xa0' does not match format '%B %d, %Y'
Function Name: _strptime
Data Corruption:
('12.3', 'WINNIPEG A CS', ' MANITOBA ', '-3.3', '4.5', '\xa0')


2024-04-11 11:47:51,430 - prod_util - ERROR  - system_log - 
Error: time data '\xa0' does not match format '%B %d, %Y'
Function Name: _strptime
Data Corruption:
('-3.3', 'WINNIPEG A CS', ' MANITOBA ', '4.5', '\xa0', '\xa0')


2024-04-11 11:47:51,431 - prod_util - ERROR  - system_log - 
Error: time data '\xa0' does not match format '%B %d, %Y'
Function Name: _strptime
Data Corruption:
('4.5', 'WINNIPEG A CS', ' MANITOBA ', '\xa0', '\xa0', '\xa0')


2024-04-11 11:47:51,432 - urllib3.connectionpool - DEBUG  - _new_conn - Starting new HTTPS connection (1): climate.weather.gc.ca:443
2024-04-11 11:47:51,432 - prod_util - ERROR  - system_log - 
Error: time data '\xa0' does not match format '%B %d, %Y'
Function Name: _strptime
Data Corruption:
('22.0', 'WINNIPEG A CS', ' MANITOBA ', '6.3', '14.2', '\xa0')


2024-04-11 11:47:51,432 - prod_util - ERROR  - system_log - 
Error: time data '\xa0' does not match format '%B %d, %Y'
Function Name: _strptime
Data Corruption:
('6.3', 'WINNIPEG A CS', ' MANITOBA ', '14.2', '\xa0', '\xa0')


2024-04-11 11:47:51,433 - prod_util - ERROR  - system_log - 
Error: time data '\xa0' does not match format '%B %d, %Y'
Function Name: _strptime
Data Corruption:
('14.2', 'WINNIPEG A CS', ' MANITOBA ', '\xa0', '\xa0', '\xa0')


2024-04-11 11:47:51,433 - prod_util - ERROR  - system_log - 
Error: could not convert string to float: 'October 11, 2011'
Function Name: _format_payload_for_insert
Data Corruption:
('15.9', 'WINNIPEG A CS', ' MANITOBA ', '0.1', '8.0', 'October 10, 2011')


2024-04-11 11:47:51,433 - prod_util - ERROR  - system_log - 
Error: time data '8.9' does not match format '%B %d, %Y'
Function Name: _strptime
Data Corruption:
('0.1', 'WINNIPEG A CS', ' MANITOBA ', '8.0', 'October 10, 2011', '8.9')


2024-04-11 11:47:51,434 - prod_util - ERROR  - system_log - 
Error: could not convert string to float: 'October 12, 2011'
Function Name: _format_payload_for_insert
Data Corruption:
('8.0', 'WINNIPEG A CS', ' MANITOBA ', 'October 10, 2011', '8.9', 'October 11, 2011')


2024-04-11 11:47:51,435 - prod_util - ERROR  - system_log - 
Error: time data '\xa0' does not match format '%B %d, %Y'
Function Name: _strptime
Data Corruption:
('19.9', 'WINNIPEG A CS', ' MANITOBA ', '5.9', '12.9', '\xa0')


2024-04-11 11:47:51,437 - prod_util - ERROR  - system_log - 
Error: time data '\xa0' does not match format '%B %d, %Y'
Function Name: _strptime
Data Corruption:
('5.9', 'WINNIPEG A CS', ' MANITOBA ', '12.9', '\xa0', '\xa0')


2024-04-11 11:47:51,437 - prod_util - ERROR  - system_log - 
Error: time data '\xa0' does not match format '%B %d, %Y'
Function Name: _strptime
Data Corruption:
('12.9', 'WINNIPEG A CS', ' MANITOBA ', '\xa0', '\xa0', '\xa0')


2024-04-11 11:47:51,438 - prod_util - ERROR  - system_log - 
Error: time data '\xa0' does not match format '%B %d, %Y'
Function Name: _strptime
Data Corruption:
('\xa0', 'WINNIPEG A CS', ' MANITOBA ', '\xa0', '\xa0', '\xa0')


2024-04-11 11:47:51,438 - prod_util - ERROR  - system_log - 
Error: time data '\xa0' does not match format '%B %d, %Y'
Function Name: _strptime
Data Corruption:
('\xa0', 'WINNIPEG A CS', ' MANITOBA ', '\xa0', '\xa0', '\xa0')


2024-04-11 11:47:51,438 - prod_util - ERROR  - system_log - 
Error: time data '\xa0' does not match format '%B %d, %Y'
Function Name: _strptime
Data Corruption:
('\xa0', 'WINNIPEG A CS', ' MANITOBA ', '\xa0', '\xa0', '\xa0')


2024-04-11 11:47:51,439 - prod_util - ERROR  - system_log - 
Error: time data '\xa0' does not match format '%B %d, %Y'
Function Name: _strptime
Data Corruption:
('\xa0', 'WINNIPEG A CS', ' MANITOBA ', '\xa0', '\xa0', '\xa0')


2024-04-11 11:47:51,439 - prod_util - ERROR  - system_log - 
Error: time data '\xa0' does not match format '%B %d, %Y'
Function Name: _strptime
Data Corruption:
('\xa0', 'WINNIPEG A CS', ' MANITOBA ', '\xa0', '\xa0', '\xa0')


2024-04-11 11:47:51,440 - prod_util - ERROR  - system_log - 
Error: time data '\xa0' does not match format '%B %d, %Y'
Function Name: _strptime
Data Corruption:
('\xa0', 'WINNIPEG A CS', ' MANITOBA ', '\xa0', '\xa0', '\xa0')


2024-04-11 11:47:51,440 - prod_util - ERROR  - system_log - 
Error: time data '\xa0' does not match format '%B %d, %Y'
Function Name: _strptime
Data Corruption:
('\xa0', 'WINNIPEG A CS', ' MANITOBA ', '\xa0', '\xa0', '\xa0')


2024-04-11 11:47:51,440 - prod_util - ERROR  - system_log - 
Error: time data '\xa0' does not match format '%B %d, %Y'
Function Name: _strptime
Data Corruption:
('\xa0', 'WINNIPEG A CS', ' MANITOBA ', '\xa0', '\xa0', '\xa0')


2024-04-11 11:47:51,441 - prod_util - ERROR  - system_log - 
Error: time data '\xa0' does not match format '%B %d, %Y'
Function Name: _strptime
Data Corruption:
('\xa0', 'WINNIPEG A CS', ' MANITOBA ', '\xa0', '\xa0', '\xa0')


2024-04-11 11:47:51,441 - prod_util - ERROR  - system_log - 
Error: time data '\xa0' does not match format '%B %d, %Y'
Function Name: _strptime
Data Corruption:
('\xa0', 'WINNIPEG A CS', ' MANITOBA ', '\xa0', '\xa0', '\xa0')


2024-04-11 11:47:51,442 - prod_util - ERROR  - system_log - 
Error: time data '\xa0' does not match format '%B %d, %Y'
Function Name: _strptime
Data Corruption:
('\xa0', 'WINNIPEG A CS', ' MANITOBA ', '\xa0', '\xa0', '\xa0')


2024-04-11 11:47:51,442 - prod_util - ERROR  - system_log - 
Error: time data '\xa0' does not match format '%B %d, %Y'
Function Name: _strptime
Data Corruption:
('\xa0', 'WINNIPEG A CS', ' MANITOBA ', '\xa0', '\xa0', '\xa0')


2024-04-11 11:47:51,442 - prod_util - ERROR  - system_log - 
Error: time data '\xa0' does not match format '%B %d, %Y'
Function Name: _strptime
Data Corruption:
('\xa0', 'WINNIPEG A CS', ' MANITOBA ', '\xa0', '\xa0', '\xa0')


2024-04-11 11:47:51,443 - prod_util - ERROR  - system_log - 
Error: time data '\xa0' does not match format '%B %d, %Y'
Function Name: _strptime
Data Corruption:
('\xa0', 'WINNIPEG A CS', ' MANITOBA ', '\xa0', '\xa0', '\xa0')


2024-04-11 11:47:51,443 - prod_util - ERROR  - system_log - 
Error: time data '\xa0' does not match format '%B %d, %Y'
Function Name: _strptime
Data Corruption:
('\xa0', 'WINNIPEG A CS', ' MANITOBA ', '\xa0', '\xa0', '\xa0')


2024-04-11 11:47:51,444 - prod_util - ERROR  - system_log - 
Error: could not convert string to float: 'September 20, 2011'
Function Name: _format_payload_for_insert
Data Corruption:
('\xa0', 'WINNIPEG A CS', ' MANITOBA ', '\xa0', '\xa0', 'September 19, 2011')


2024-04-11 11:47:51,444 - prod_util - ERROR  - system_log - 
Error: time data '\xa0' does not match format '%B %d, %Y'
Function Name: _strptime
Data Corruption:
('12.7', 'WINNIPEG A CS', ' MANITOBA ', '9.3', '11.0', '\xa0')


2024-04-11 11:47:51,445 - prod_util - ERROR  - system_log - 
Error: time data '\xa0' does not match format '%B %d, %Y'
Function Name: _strptime
Data Corruption:
('9.3', 'WINNIPEG A CS', ' MANITOBA ', '11.0', '\xa0', '\xa0')


2024-04-11 11:47:51,445 - prod_util - ERROR  - system_log - 
Error: time data '\xa0' does not match format '%B %d, %Y'
Function Name: _strptime
Data Corruption:
('11.0', 'WINNIPEG A CS', ' MANITOBA ', '\xa0', '\xa0', '\xa0')


2024-04-11 11:47:51,445 - prod_util - ERROR  - system_log - 
Error: time data '\xa0' does not match format '%B %d, %Y'
Function Name: _strptime
Data Corruption:
('13.5', 'WINNIPEG A CS', ' MANITOBA ', '-1.3', '6.1', '\xa0')


2024-04-11 11:47:51,446 - prod_util - ERROR  - system_log - 
Error: time data '\xa0' does not match format '%B %d, %Y'
Function Name: _strptime
Data Corruption:
('-1.3', 'WINNIPEG A CS', ' MANITOBA ', '6.1', '\xa0', '\xa0')


2024-04-11 11:47:51,446 - prod_util - ERROR  - system_log - 
Error: time data '\xa0' does not match format '%B %d, %Y'
Function Name: _strptime
Data Corruption:
('6.1', 'WINNIPEG A CS', ' MANITOBA ', '\xa0', '\xa0', '\xa0')


2024-04-11 11:47:51,447 - prod_util - ERROR  - system_log - 
Error: time data '\xa0' does not match format '%B %d, %Y'
Function Name: _strptime
Data Corruption:
('\xa0', 'WINNIPEG A CS', ' MANITOBA ', '\xa0', '\xa0', '\xa0')


2024-04-11 11:47:51,447 - prod_util - ERROR  - system_log - 
Error: time data '\xa0' does not match format '%B %d, %Y'
Function Name: _strptime
Data Corruption:
('\xa0', 'WINNIPEG A CS', ' MANITOBA ', '\xa0', '\xa0', '\xa0')


2024-04-11 11:47:51,448 - prod_util - ERROR  - system_log - 
Error: time data '\xa0' does not match format '%B %d, %Y'
Function Name: _strptime
Data Corruption:
('\xa0', 'WINNIPEG A CS', ' MANITOBA ', '\xa0', '\xa0', '\xa0')


2024-04-11 11:47:51,448 - prod_util - ERROR  - system_log - 
Error: time data '\xa0' does not match format '%B %d, %Y'
Function Name: _strptime
Data Corruption:
('22.0', 'WINNIPEG A CS', ' MANITOBA ', '9.7', '15.9', '\xa0')


2024-04-11 11:47:51,449 - prod_util - ERROR  - system_log - 
Error: time data '\xa0' does not match format '%B %d, %Y'
Function Name: _strptime
Data Corruption:
('9.7', 'WINNIPEG A CS', ' MANITOBA ', '15.9', '\xa0', '\xa0')


2024-04-11 11:47:51,450 - prod_util - ERROR  - system_log - 
Error: time data '\xa0' does not match format '%B %d, %Y'
Function Name: _strptime
Data Corruption:
('15.9', 'WINNIPEG A CS', ' MANITOBA ', '\xa0', '\xa0', '\xa0')


2024-04-11 11:47:51,450 - prod_util - ERROR  - system_log - 
Error: time data '\xa0' does not match format '%B %d, %Y'
Function Name: _strptime
Data Corruption:
('23.7', 'WINNIPEG A CS', ' MANITOBA ', '9.8', '16.8', '\xa0')


2024-04-11 11:47:51,451 - prod_util - ERROR  - system_log - 
Error: time data '\xa0' does not match format '%B %d, %Y'
Function Name: _strptime
Data Corruption:
('9.8', 'WINNIPEG A CS', ' MANITOBA ', '16.8', '\xa0', '\xa0')


2024-04-11 11:47:51,451 - prod_util - ERROR  - system_log - 
Error: time data '\xa0' does not match format '%B %d, %Y'
Function Name: _strptime
Data Corruption:
('16.8', 'WINNIPEG A CS', ' MANITOBA ', '\xa0', '\xa0', '\xa0')


2024-04-11 11:47:51,452 - prod_util - ERROR  - system_log - 
Error: time data '\xa0' does not match format '%B %d, %Y'
Function Name: _strptime
Data Corruption:
('\xa0', 'WINNIPEG A CS', ' MANITOBA ', '\xa0', '\xa0', '\xa0')


2024-04-11 11:47:51,452 - prod_util - ERROR  - system_log - 
Error: time data '\xa0' does not match format '%B %d, %Y'
Function Name: _strptime
Data Corruption:
('\xa0', 'WINNIPEG A CS', ' MANITOBA ', '\xa0', '\xa0', '\xa0')


2024-04-11 11:47:51,453 - prod_util - ERROR  - system_log - 
Error: time data '\xa0' does not match format '%B %d, %Y'
Function Name: _strptime
Data Corruption:
('\xa0', 'WINNIPEG A CS', ' MANITOBA ', '\xa0', '\xa0', '\xa0')


2024-04-11 11:47:51,454 - prod_util - ERROR  - system_log - 
Error: time data '\xa0' does not match format '%B %d, %Y'
Function Name: _strptime
Data Corruption:
('31.3', 'WINNIPEG A CS', ' MANITOBA ', '17.7', '24.5', '\xa0')


2024-04-11 11:47:51,455 - prod_util - ERROR  - system_log - 
Error: time data '\xa0' does not match format '%B %d, %Y'
Function Name: _strptime
Data Corruption:
('17.7', 'WINNIPEG A CS', ' MANITOBA ', '24.5', '\xa0', '\xa0')


2024-04-11 11:47:51,455 - prod_util - ERROR  - system_log - 
Error: time data '\xa0' does not match format '%B %d, %Y'
Function Name: _strptime
Data Corruption:
('24.5', 'WINNIPEG A CS', ' MANITOBA ', '\xa0', '\xa0', '\xa0')


2024-04-11 11:47:51,460 - prod_util - ERROR  - system_log - 
Error: could not convert string to float: 'May 13, 2011'
Function Name: _format_payload_for_insert
Data Corruption:
('12.7', 'WINNIPEG A CS', ' MANITOBA ', '5.4', '9.1', 'May 12, 2011')


2024-04-11 11:47:51,461 - prod_util - ERROR  - system_log - 
Error: time data '3.8' does not match format '%B %d, %Y'
Function Name: _strptime
Data Corruption:
('5.4', 'WINNIPEG A CS', ' MANITOBA ', '9.1', 'May 12, 2011', '3.8')


2024-04-11 11:47:51,461 - prod_util - ERROR  - system_log - 
Error: time data '\xa0' does not match format '%B %d, %Y'
Function Name: _strptime
Data Corruption:
('9.3', 'WINNIPEG A CS', ' MANITOBA ', '1.2', '5.3', '\xa0')


2024-04-11 11:47:51,462 - prod_util - ERROR  - system_log - 
Error: time data '\xa0' does not match format '%B %d, %Y'
Function Name: _strptime
Data Corruption:
('1.2', 'WINNIPEG A CS', ' MANITOBA ', '5.3', '\xa0', '\xa0')


2024-04-11 11:47:51,462 - prod_util - ERROR  - system_log - 
Error: time data '\xa0' does not match format '%B %d, %Y'
Function Name: _strptime
Data Corruption:
('5.3', 'WINNIPEG A CS', ' MANITOBA ', '\xa0', '\xa0', '\xa0')


2024-04-11 11:47:51,463 - prod_util - ERROR  - system_log - 
Error: time data '\xa0' does not match format '%B %d, %Y'
Function Name: _strptime
Data Corruption:
('\xa0', 'WINNIPEG A CS', ' MANITOBA ', '\xa0', '\xa0', '\xa0')


2024-04-11 11:47:51,463 - prod_util - ERROR  - system_log - 
Error: time data '\xa0' does not match format '%B %d, %Y'
Function Name: _strptime
Data Corruption:
('\xa0', 'WINNIPEG A CS', ' MANITOBA ', '\xa0', '\xa0', '\xa0')


2024-04-11 11:47:51,464 - prod_util - ERROR  - system_log - 
Error: time data '\xa0' does not match format '%B %d, %Y'
Function Name: _strptime
Data Corruption:
('\xa0', 'WINNIPEG A CS', ' MANITOBA ', '\xa0', '\xa0', '\xa0')


2024-04-11 11:47:51,467 - prod_util - ERROR  - system_log - 
Error: could not convert string to float: 'April 6, 2011'
Function Name: _format_payload_for_insert
Data Corruption:
('5.1', 'WINNIPEG A CS', ' MANITOBA ', '-2.5', '1.3', 'April 5, 2011')


2024-04-11 11:47:51,467 - prod_util - ERROR  - system_log - 
Error: time data '-4.1' does not match format '%B %d, %Y'
Function Name: _strptime
Data Corruption:
('-2.5', 'WINNIPEG A CS', ' MANITOBA ', '1.3', 'April 5, 2011', '-4.1')


2024-04-11 11:47:51,468 - prod_util - ERROR  - system_log - 
Error: time data '\xa0' does not match format '%B %d, %Y'
Function Name: _strptime
Data Corruption:
('6.4', 'WINNIPEG A CS', ' MANITOBA ', '-1.4', '2.5', '\xa0')


2024-04-11 11:47:51,468 - prod_util - ERROR  - system_log - 
Error: time data '\xa0' does not match format '%B %d, %Y'
Function Name: _strptime
Data Corruption:
('-1.4', 'WINNIPEG A CS', ' MANITOBA ', '2.5', '\xa0', '\xa0')


2024-04-11 11:47:51,469 - prod_util - ERROR  - system_log - 
Error: time data '\xa0' does not match format '%B %d, %Y'
Function Name: _strptime
Data Corruption:
('2.5', 'WINNIPEG A CS', ' MANITOBA ', '\xa0', '\xa0', '\xa0')


2024-04-11 11:47:51,470 - prod_util - ERROR  - system_log - 
Error: time data '\xa0' does not match format '%B %d, %Y'
Function Name: _strptime
Data Corruption:
('10.6', 'WINNIPEG A CS', ' MANITOBA ', '1.7', '6.2', '\xa0')


2024-04-11 11:47:51,470 - prod_util - ERROR  - system_log - 
Error: time data '\xa0' does not match format '%B %d, %Y'
Function Name: _strptime
Data Corruption:
('1.7', 'WINNIPEG A CS', ' MANITOBA ', '6.2', '\xa0', '\xa0')


2024-04-11 11:47:51,471 - prod_util - ERROR  - system_log - 
Error: time data '\xa0' does not match format '%B %d, %Y'
Function Name: _strptime
Data Corruption:
('6.2', 'WINNIPEG A CS', ' MANITOBA ', '\xa0', '\xa0', '\xa0')


2024-04-11 11:47:51,471 - prod_util - ERROR  - system_log - 
Error: time data '\xa0' does not match format '%B %d, %Y'
Function Name: _strptime
Data Corruption:
('\xa0', 'WINNIPEG A CS', ' MANITOBA ', '\xa0', '\xa0', '\xa0')


2024-04-11 11:47:51,471 - prod_util - ERROR  - system_log - 
Error: time data '\xa0' does not match format '%B %d, %Y'
Function Name: _strptime
Data Corruption:
('\xa0', 'WINNIPEG A CS', ' MANITOBA ', '\xa0', '\xa0', '\xa0')


2024-04-11 11:47:51,472 - prod_util - ERROR  - system_log - 
Error: time data '\xa0' does not match format '%B %d, %Y'
Function Name: _strptime
Data Corruption:
('\xa0', 'WINNIPEG A CS', ' MANITOBA ', '\xa0', '\xa0', '\xa0')


2024-04-11 11:47:51,472 - prod_util - ERROR  - system_log - 
Error: time data '\xa0' does not match format '%B %d, %Y'
Function Name: _strptime
Data Corruption:
('\xa0', 'WINNIPEG A CS', ' MANITOBA ', '\xa0', '\xa0', '\xa0')


2024-04-11 11:47:51,473 - prod_util - ERROR  - system_log - 
Error: time data '\xa0' does not match format '%B %d, %Y'
Function Name: _strptime
Data Corruption:
('\xa0', 'WINNIPEG A CS', ' MANITOBA ', '\xa0', '\xa0', '\xa0')


2024-04-11 11:47:51,473 - prod_util - ERROR  - system_log - 
Error: time data '\xa0' does not match format '%B %d, %Y'
Function Name: _strptime
Data Corruption:
('\xa0', 'WINNIPEG A CS', ' MANITOBA ', '\xa0', '\xa0', '\xa0')


2024-04-11 11:47:51,474 - prod_util - ERROR  - system_log - 
Error: time data '\xa0' does not match format '%B %d, %Y'
Function Name: _strptime
Data Corruption:
('9.9', 'WINNIPEG A CS', ' MANITOBA ', '-2.6', '3.7', '\xa0')


2024-04-11 11:47:51,474 - prod_util - ERROR  - system_log - 
Error: time data '\xa0' does not match format '%B %d, %Y'
Function Name: _strptime
Data Corruption:
('-2.6', 'WINNIPEG A CS', ' MANITOBA ', '3.7', '\xa0', '\xa0')


2024-04-11 11:47:51,475 - prod_util - ERROR  - system_log - 
Error: time data '\xa0' does not match format '%B %d, %Y'
Function Name: _strptime
Data Corruption:
('3.7', 'WINNIPEG A CS', ' MANITOBA ', '\xa0', '\xa0', '\xa0')


2024-04-11 11:47:51,476 - prod_util - ERROR  - system_log - 
Error: time data '\xa0' does not match format '%B %d, %Y'
Function Name: _strptime
Data Corruption:
('14.1', 'WINNIPEG A CS', ' MANITOBA ', '-2.8', '5.7', '\xa0')


2024-04-11 11:47:51,476 - prod_util - ERROR  - system_log - 
Error: time data '\xa0' does not match format '%B %d, %Y'
Function Name: _strptime
Data Corruption:
('-2.8', 'WINNIPEG A CS', ' MANITOBA ', '5.7', '\xa0', '\xa0')


2024-04-11 11:47:51,477 - prod_util - ERROR  - system_log - 
Error: time data '\xa0' does not match format '%B %d, %Y'
Function Name: _strptime
Data Corruption:
('5.7', 'WINNIPEG A CS', ' MANITOBA ', '\xa0', '\xa0', '\xa0')


2024-04-11 11:47:51,479 - prod_util - ERROR  - system_log - 
Error: time data '\xa0' does not match format '%B %d, %Y'
Function Name: _strptime
Data Corruption:
('2.4', 'WINNIPEG A CS', ' MANITOBA ', '0.2', '1.3', '\xa0')


2024-04-11 11:47:51,480 - prod_util - ERROR  - system_log - 
Error: time data '\xa0' does not match format '%B %d, %Y'
Function Name: _strptime
Data Corruption:
('0.2', 'WINNIPEG A CS', ' MANITOBA ', '1.3', '\xa0', '\xa0')


2024-04-11 11:47:51,480 - prod_util - ERROR  - system_log - 
Error: time data '\xa0' does not match format '%B %d, %Y'
Function Name: _strptime
Data Corruption:
('1.3', 'WINNIPEG A CS', ' MANITOBA ', '\xa0', '\xa0', '\xa0')


2024-04-11 11:47:51,496 - urllib3.connectionpool - DEBUG  - _make_request - https://climate.weather.gc.ca:443 "GET /climate_data/daily_data_e.html?StationID=27174&timeframe=2&StartYear=1840&EndYear=2018&Year=2017&Month=2 HTTP/1.1" 200 8555
2024-04-11 11:47:51,510 - urllib3.connectionpool - DEBUG  - _new_conn - Starting new HTTPS connection (1): climate.weather.gc.ca:443
2024-04-11 11:47:51,952 - urllib3.connectionpool - DEBUG  - _make_request - https://climate.weather.gc.ca:443 "GET /climate_data/daily_data_e.html?StationID=27174&timeframe=2&StartYear=1840&EndYear=2018&Year=2013&Month=2 HTTP/1.1" 200 8388
2024-04-11 11:47:51,961 - urllib3.connectionpool - DEBUG  - _new_conn - Starting new HTTPS connection (1): climate.weather.gc.ca:443
2024-04-11 11:47:52,013 - urllib3.connectionpool - DEBUG  - _make_request - https://climate.weather.gc.ca:443 "GET /climate_data/daily_data_e.html?StationID=27174&timeframe=2&StartYear=1840&EndYear=2018&Year=2022&Month=1 HTTP/1.1" 200 8685
2024-04-11 11:47:52,024 - urllib3.connectionpool - DEBUG  - _new_conn - Starting new HTTPS connection (1): climate.weather.gc.ca:443
2024-04-11 11:47:52,029 - prod_util - ERROR  - system_log - 
Error: could not convert string to float: 'September 28, 2022'
Function Name: _format_payload_for_insert
Data Corruption:
('15.9', 'WINNIPEG A CS', ' MANITOBA ', '1.2', '8.6', 'September 27, 2022')


2024-04-11 11:47:52,375 - urllib3.connectionpool - DEBUG  - _make_request - https://climate.weather.gc.ca:443 "GET /climate_data/daily_data_e.html?StationID=27174&timeframe=2&StartYear=1840&EndYear=2018&Year=2008&Month=2 HTTP/1.1" 200 8395
2024-04-11 11:47:52,422 - urllib3.connectionpool - DEBUG  - _new_conn - Starting new HTTPS connection (1): climate.weather.gc.ca:443
2024-04-11 11:47:52,461 - urllib3.connectionpool - DEBUG  - _make_request - https://climate.weather.gc.ca:443 "GET /climate_data/daily_data_e.html?StationID=27174&timeframe=2&StartYear=1840&EndYear=2018&Year=2020&Month=1 HTTP/1.1" 200 8623
2024-04-11 11:47:52,470 - urllib3.connectionpool - DEBUG  - _new_conn - Starting new HTTPS connection (1): climate.weather.gc.ca:443
2024-04-11 11:47:52,471 - prod_util - ERROR  - system_log - 
Error: could not convert string to float: 'November 6, 2020'
Function Name: _format_payload_for_insert
Data Corruption:
('18.5', 'WINNIPEG A CS', ' MANITOBA ', '-3.2', '7.7', 'November 5, 2020')


2024-04-11 11:47:52,472 - prod_util - ERROR  - system_log - 
Error: could not convert string to float: 'November 11, 2020'
Function Name: _format_payload_for_insert
Data Corruption:
('2.6', 'WINNIPEG A CS', ' MANITOBA ', '-8.8', '-3.1', 'November 10, 2020')


2024-04-11 11:47:52,474 - prod_util - ERROR  - system_log - 
Error: could not convert string to float: 'September 3, 2020'
Function Name: _format_payload_for_insert
Data Corruption:
('21.7', 'WINNIPEG A CS', ' MANITOBA ', '6.1', '13.9', 'September 2, 2020')


2024-04-11 11:47:52,475 - prod_util - ERROR  - system_log - 
Error: could not convert string to float: 'August 7, 2020'
Function Name: _format_payload_for_insert
Data Corruption:
('28.8', 'WINNIPEG A CS', ' MANITOBA ', '13.6', '21.2', 'August 6, 2020')


2024-04-11 11:47:52,514 - urllib3.connectionpool - DEBUG  - _make_request - https://climate.weather.gc.ca:443 "GET /climate_data/daily_data_e.html?StationID=27174&timeframe=2&StartYear=1840&EndYear=2018&Year=2005&Month=1 HTTP/1.1" 200 8249
2024-04-11 11:47:52,517 - urllib3.connectionpool - DEBUG  - _make_request - https://climate.weather.gc.ca:443 "GET /climate_data/daily_data_e.html?StationID=27174&timeframe=2&StartYear=1840&EndYear=2018&Year=2012&Month=1 HTTP/1.1" 200 8521
2024-04-11 11:47:52,522 - urllib3.connectionpool - DEBUG  - _make_request - https://climate.weather.gc.ca:443 "GET /climate_data/daily_data_e.html?StationID=27174&timeframe=2&StartYear=1840&EndYear=2018&Year=2015&Month=1 HTTP/1.1" 200 8695
2024-04-11 11:47:52,525 - urllib3.connectionpool - DEBUG  - _make_request - https://climate.weather.gc.ca:443 "GET /climate_data/daily_data_e.html?StationID=27174&timeframe=2&StartYear=1840&EndYear=2018&Year=2018&Month=3 HTTP/1.1" 200 8665
2024-04-11 11:47:52,530 - urllib3.connectionpool - DEBUG  - _new_conn - Starting new HTTPS connection (1): climate.weather.gc.ca:443
2024-04-11 11:47:52,544 - prod_util - ERROR  - system_log - 
Error: could not convert string to float: 'November 30, 2012'
Function Name: _format_payload_for_insert
Data Corruption:
('-7.3', 'WINNIPEG A CS', ' MANITOBA ', '-20.8', '-14.1', 'November 29, 2012')


2024-04-11 11:47:52,544 - prod_util - ERROR  - system_log - 
Error: time data '-17.8' does not match format '%B %d, %Y'
Function Name: _strptime
Data Corruption:
('-20.8', 'WINNIPEG A CS', ' MANITOBA ', '-14.1', 'November 29, 2012', '-17.8')


2024-04-11 11:47:52,546 - prod_util - ERROR  - system_log - 
Error: could not convert string to float: 'October 22, 2012'
Function Name: _format_payload_for_insert
Data Corruption:
('8.4', 'WINNIPEG A CS', ' MANITOBA ', '4.6', '6.5', 'October 21, 2012')


2024-04-11 11:47:52,548 - urllib3.connectionpool - DEBUG  - _new_conn - Starting new HTTPS connection (1): climate.weather.gc.ca:443
2024-04-11 11:47:52,549 - prod_util - ERROR  - system_log - 
Error: time data '\xa0' does not match format '%B %d, %Y'
Function Name: _strptime
Data Corruption:
('26.6', 'WINNIPEG A CS', ' MANITOBA ', '16.4', '21.5', '\xa0')


2024-04-11 11:47:52,549 - prod_util - ERROR  - system_log - 
Error: time data '\xa0' does not match format '%B %d, %Y'
Function Name: _strptime
Data Corruption:
('16.4', 'WINNIPEG A CS', ' MANITOBA ', '21.5', '\xa0', '\xa0')


2024-04-11 11:47:52,550 - prod_util - ERROR  - system_log - 
Error: time data '\xa0' does not match format '%B %d, %Y'
Function Name: _strptime
Data Corruption:
('21.5', 'WINNIPEG A CS', ' MANITOBA ', '\xa0', '\xa0', '\xa0')


2024-04-11 11:47:52,550 - prod_util - ERROR  - system_log - 
Error: time data '\xa0' does not match format '%B %d, %Y'
Function Name: _strptime
Data Corruption:
('31.9', 'WINNIPEG A CS', ' MANITOBA ', '13.5', '22.7', '\xa0')


2024-04-11 11:47:52,550 - prod_util - ERROR  - system_log - 
Error: time data '\xa0' does not match format '%B %d, %Y'
Function Name: _strptime
Data Corruption:
('13.5', 'WINNIPEG A CS', ' MANITOBA ', '22.7', '\xa0', '\xa0')


2024-04-11 11:47:52,551 - prod_util - ERROR  - system_log - 
Error: time data '\xa0' does not match format '%B %d, %Y'
Function Name: _strptime
Data Corruption:
('22.7', 'WINNIPEG A CS', ' MANITOBA ', '\xa0', '\xa0', '\xa0')


2024-04-11 11:47:52,552 - prod_util - ERROR  - system_log - 
Error: time data '\xa0' does not match format '%B %d, %Y'
Function Name: _strptime
Data Corruption:
('27.8', 'WINNIPEG A CS', ' MANITOBA ', '18.7', '23.3', '\xa0')


2024-04-11 11:47:52,553 - prod_util - ERROR  - system_log - 
Error: time data '\xa0' does not match format '%B %d, %Y'
Function Name: _strptime
Data Corruption:
('18.7', 'WINNIPEG A CS', ' MANITOBA ', '23.3', '\xa0', '\xa0')


2024-04-11 11:47:52,553 - prod_util - ERROR  - system_log - 
Error: time data '\xa0' does not match format '%B %d, %Y'
Function Name: _strptime
Data Corruption:
('23.3', 'WINNIPEG A CS', ' MANITOBA ', '\xa0', '\xa0', '\xa0')


2024-04-11 11:47:52,555 - prod_util - ERROR  - system_log - 
Error: could not convert string to float: '\xa0'
Function Name: _format_payload_for_insert
Data Corruption:
('13.9', 'WINNIPEG A CS', ' MANITOBA ', '6.8', '10.4', 'May 8, 2012')


2024-04-11 11:47:52,556 - prod_util - ERROR  - system_log - 
Error: time data '6.9' does not match format '%B %d, %Y'
Function Name: _strptime
Data Corruption:
('6.8', 'WINNIPEG A CS', ' MANITOBA ', '10.4', 'May 8, 2012', '6.9')


2024-04-11 11:47:52,556 - prod_util - ERROR  - system_log - 
Error: time data '\xa0' does not match format '%B %d, %Y'
Function Name: _strptime
Data Corruption:
('10.4', 'WINNIPEG A CS', ' MANITOBA ', 'May 8, 2012', '6.9', '\xa0')


2024-04-11 11:47:52,556 - prod_util - ERROR  - system_log - 
Error: time data '\xa0' does not match format '%B %d, %Y'
Function Name: _strptime
Data Corruption:
('May 8, 2012', 'WINNIPEG A CS', ' MANITOBA ', '6.9', '\xa0', '\xa0')


2024-04-11 11:47:52,557 - prod_util - ERROR  - system_log - 
Error: time data '\xa0' does not match format '%B %d, %Y'
Function Name: _strptime
Data Corruption:
('6.9', 'WINNIPEG A CS', ' MANITOBA ', '\xa0', '\xa0', '\xa0')


2024-04-11 11:47:52,557 - prod_util - ERROR  - system_log - 
Error: time data '\xa0' does not match format '%B %d, %Y'
Function Name: _strptime
Data Corruption:
('\xa0', 'WINNIPEG A CS', ' MANITOBA ', '\xa0', '\xa0', '\xa0')


2024-04-11 11:47:52,558 - prod_util - ERROR  - system_log - 
Error: time data '\xa0' does not match format '%B %d, %Y'
Function Name: _strptime
Data Corruption:
('\xa0', 'WINNIPEG A CS', ' MANITOBA ', '\xa0', '\xa0', '\xa0')


2024-04-11 11:47:52,558 - prod_util - ERROR  - system_log - 
Error: time data '\xa0' does not match format '%B %d, %Y'
Function Name: _strptime
Data Corruption:
('\xa0', 'WINNIPEG A CS', ' MANITOBA ', '\xa0', '\xa0', '\xa0')


2024-04-11 11:47:52,558 - prod_util - ERROR  - system_log - 
Error: could not convert string to float: 'May 18, 2012'
Function Name: _format_payload_for_insert
Data Corruption:
('19.8', 'WINNIPEG A CS', ' MANITOBA ', '-1.1', '9.4', 'May 17, 2012')


2024-04-11 11:47:52,559 - prod_util - ERROR  - system_log - 
Error: time data '11.5' does not match format '%B %d, %Y'
Function Name: _strptime
Data Corruption:
('-1.1', 'WINNIPEG A CS', ' MANITOBA ', '9.4', 'May 17, 2012', '11.5')


2024-04-11 11:47:52,559 - prod_util - ERROR  - system_log - 
Error: could not convert string to float: 'May 19, 2012'
Function Name: _format_payload_for_insert
Data Corruption:
('9.4', 'WINNIPEG A CS', ' MANITOBA ', 'May 17, 2012', '11.5', 'May 18, 2012')


2024-04-11 11:47:52,561 - prod_util - ERROR  - system_log - 
Error: time data '\xa0' does not match format '%B %d, %Y'
Function Name: _strptime
Data Corruption:
('17.7', 'WINNIPEG A CS', ' MANITOBA ', '5.8', '11.8', '\xa0')


2024-04-11 11:47:52,561 - prod_util - ERROR  - system_log - 
Error: time data '\xa0' does not match format '%B %d, %Y'
Function Name: _strptime
Data Corruption:
('5.8', 'WINNIPEG A CS', ' MANITOBA ', '11.8', '\xa0', '\xa0')


2024-04-11 11:47:52,561 - prod_util - ERROR  - system_log - 
Error: time data '\xa0' does not match format '%B %d, %Y'
Function Name: _strptime
Data Corruption:
('11.8', 'WINNIPEG A CS', ' MANITOBA ', '\xa0', '\xa0', '\xa0')


2024-04-11 11:47:52,568 - prod_util - ERROR  - system_log - 
Error: could not convert string to float: 'November 5, 2015'
Function Name: _format_payload_for_insert
Data Corruption:
('5.3', 'WINNIPEG A CS', ' MANITOBA ', '3.2', '4.3', 'November 4, 2015')


2024-04-11 11:47:52,568 - prod_util - ERROR  - system_log - 
Error: time data '4.2' does not match format '%B %d, %Y'
Function Name: _strptime
Data Corruption:
('3.2', 'WINNIPEG A CS', ' MANITOBA ', '4.3', 'November 4, 2015', '4.2')


2024-04-11 11:47:52,568 - prod_util - ERROR  - system_log - 
Error: could not convert string to float: 'November 11, 2015'
Function Name: _format_payload_for_insert
Data Corruption:
('12.1', 'WINNIPEG A CS', ' MANITOBA ', '-1.5', '5.3', 'November 10, 2015')


2024-04-11 11:47:52,569 - prod_util - ERROR  - system_log - 
Error: time data '1.9' does not match format '%B %d, %Y'
Function Name: _strptime
Data Corruption:
('-1.5', 'WINNIPEG A CS', ' MANITOBA ', '5.3', 'November 10, 2015', '1.9')


2024-04-11 11:47:52,569 - prod_util - ERROR  - system_log - 
Error: could not convert string to float: 'November 25, 2015'
Function Name: _format_payload_for_insert
Data Corruption:
('1.7', 'WINNIPEG A CS', ' MANITOBA ', '-11.8', '-5.1', 'November 24, 2015')


2024-04-11 11:47:52,570 - prod_util - ERROR  - system_log - 
Error: time data '-11.8' does not match format '%B %d, %Y'
Function Name: _strptime
Data Corruption:
('-11.8', 'WINNIPEG A CS', ' MANITOBA ', '-5.1', 'November 24, 2015', '-11.8')


2024-04-11 11:47:52,703 - urllib3.connectionpool - DEBUG  - _make_request - https://climate.weather.gc.ca:443 "GET /climate_data/daily_data_e.html?StationID=27174&timeframe=2&StartYear=1840&EndYear=2018&Year=2001&Month=12 HTTP/1.1" 200 8199
2024-04-11 11:47:52,709 - urllib3.connectionpool - DEBUG  - _new_conn - Starting new HTTPS connection (1): climate.weather.gc.ca:443
2024-04-11 11:47:52,793 - urllib3.connectionpool - DEBUG  - _make_request - https://climate.weather.gc.ca:443 "GET /climate_data/daily_data_e.html?StationID=27174&timeframe=2&StartYear=1840&EndYear=2018&Year=2007&Month=1 HTTP/1.1" 200 8279
2024-04-11 11:47:53,008 - urllib3.connectionpool - DEBUG  - _make_request - https://climate.weather.gc.ca:443 "GET /climate_data/daily_data_e.html?StationID=27174&timeframe=2&StartYear=1840&EndYear=2018&Year=2002&Month=12 HTTP/1.1" 200 8176
2024-04-11 11:47:53,014 - urllib3.connectionpool - DEBUG  - _new_conn - Starting new HTTPS connection (1): climate.weather.gc.ca:443
2024-04-11 11:47:53,014 - urllib3.connectionpool - DEBUG  - _make_request - https://climate.weather.gc.ca:443 "GET /climate_data/daily_data_e.html?StationID=27174&timeframe=2&StartYear=1840&EndYear=2018&Year=2014&Month=1 HTTP/1.1" 200 8741
2024-04-11 11:47:53,024 - prod_util - ERROR  - system_log - 
Error: could not convert string to float: 'December 30, 2014'
Function Name: _format_payload_for_insert
Data Corruption:
('-22.3', 'WINNIPEG A CS', ' MANITOBA ', '-30.9', '-26.6', 'December 29, 2014')


2024-04-11 11:47:53,024 - prod_util - ERROR  - system_log - 
Error: time data '-20.8' does not match format '%B %d, %Y'
Function Name: _strptime
Data Corruption:
('-30.9', 'WINNIPEG A CS', ' MANITOBA ', '-26.6', 'December 29, 2014', '-20.8')


2024-04-11 11:47:53,027 - prod_util - ERROR  - system_log - 
Error: could not convert string to float: 'October 23, 2014'
Function Name: _format_payload_for_insert
Data Corruption:
('16.6', 'WINNIPEG A CS', ' MANITOBA ', '3.7', '10.2', 'October 22, 2014')


2024-04-11 11:47:53,027 - prod_util - ERROR  - system_log - 
Error: time data '11.5' does not match format '%B %d, %Y'
Function Name: _strptime
Data Corruption:
('3.7', 'WINNIPEG A CS', ' MANITOBA ', '10.2', 'October 22, 2014', '11.5')


2024-04-11 11:47:53,031 - prod_util - ERROR  - system_log - 
Error: could not convert string to float: 'July 4, 2014'
Function Name: _format_payload_for_insert
Data Corruption:
('22.1', 'WINNIPEG A CS', ' MANITOBA ', '7.6', '14.9', 'July 3, 2014')


2024-04-11 11:47:53,031 - prod_util - ERROR  - system_log - 
Error: time data '9.0' does not match format '%B %d, %Y'
Function Name: _strptime
Data Corruption:
('7.6', 'WINNIPEG A CS', ' MANITOBA ', '14.9', 'July 3, 2014', '9.0')


2024-04-11 11:47:53,203 - urllib3.connectionpool - DEBUG  - _make_request - https://climate.weather.gc.ca:443 "GET /climate_data/daily_data_e.html?StationID=27174&timeframe=2&StartYear=1840&EndYear=2018&Year=2008&Month=1 HTTP/1.1" 200 8475
2024-04-11 11:47:53,224 - prod_util - ERROR  - system_log - 
Error: could not convert string to float: '\xa0'
Function Name: _format_payload_for_insert
Data Corruption:
('-14.4', 'WINNIPEG A CS', ' MANITOBA ', '-28.0', '-21.2', 'March 6, 2008')


2024-04-11 11:47:53,224 - prod_util - ERROR  - system_log - 
Error: time data '-32.1' does not match format '%B %d, %Y'
Function Name: _strptime
Data Corruption:
('-28.0', 'WINNIPEG A CS', ' MANITOBA ', '-21.2', 'March 6, 2008', '-32.1')


2024-04-11 11:47:53,225 - prod_util - ERROR  - system_log - 
Error: time data '\xa0' does not match format '%B %d, %Y'
Function Name: _strptime
Data Corruption:
('-21.2', 'WINNIPEG A CS', ' MANITOBA ', 'March 6, 2008', '-32.1', '\xa0')


2024-04-11 11:47:53,225 - prod_util - ERROR  - system_log - 
Error: time data '\xa0' does not match format '%B %d, %Y'
Function Name: _strptime
Data Corruption:
('March 6, 2008', 'WINNIPEG A CS', ' MANITOBA ', '-32.1', '\xa0', '\xa0')


2024-04-11 11:47:53,225 - prod_util - ERROR  - system_log - 
Error: time data '\xa0' does not match format '%B %d, %Y'
Function Name: _strptime
Data Corruption:
('-32.1', 'WINNIPEG A CS', ' MANITOBA ', '\xa0', '\xa0', '\xa0')


2024-04-11 11:47:53,226 - prod_util - ERROR  - system_log - 
Error: time data '\xa0' does not match format '%B %d, %Y'
Function Name: _strptime
Data Corruption:
('\xa0', 'WINNIPEG A CS', ' MANITOBA ', '\xa0', '\xa0', '\xa0')


2024-04-11 11:47:53,226 - prod_util - ERROR  - system_log - 
Error: time data '\xa0' does not match format '%B %d, %Y'
Function Name: _strptime
Data Corruption:
('\xa0', 'WINNIPEG A CS', ' MANITOBA ', '\xa0', '\xa0', '\xa0')


2024-04-11 11:47:53,227 - prod_util - ERROR  - system_log - 
Error: time data '\xa0' does not match format '%B %d, %Y'
Function Name: _strptime
Data Corruption:
('\xa0', 'WINNIPEG A CS', ' MANITOBA ', '\xa0', '\xa0', '\xa0')


2024-04-11 11:47:53,227 - prod_util - ERROR  - system_log - 
Error: time data '\xa0' does not match format '%B %d, %Y'
Function Name: _strptime
Data Corruption:
('\xa0', 'WINNIPEG A CS', ' MANITOBA ', '\xa0', '\xa0', '\xa0')


2024-04-11 11:47:53,227 - prod_util - ERROR  - system_log - 
Error: time data '\xa0' does not match format '%B %d, %Y'
Function Name: _strptime
Data Corruption:
('\xa0', 'WINNIPEG A CS', ' MANITOBA ', '\xa0', '\xa0', '\xa0')


2024-04-11 11:47:53,228 - prod_util - ERROR  - system_log - 
Error: time data '\xa0' does not match format '%B %d, %Y'
Function Name: _strptime
Data Corruption:
('\xa0', 'WINNIPEG A CS', ' MANITOBA ', '\xa0', '\xa0', '\xa0')


2024-04-11 11:47:53,228 - prod_util - ERROR  - system_log - 
Error: time data '\xa0' does not match format '%B %d, %Y'
Function Name: _strptime
Data Corruption:
('\xa0', 'WINNIPEG A CS', ' MANITOBA ', '\xa0', '\xa0', '\xa0')


2024-04-11 11:47:53,229 - prod_util - ERROR  - system_log - 
Error: time data '\xa0' does not match format '%B %d, %Y'
Function Name: _strptime
Data Corruption:
('\xa0', 'WINNIPEG A CS', ' MANITOBA ', '\xa0', '\xa0', '\xa0')


2024-04-11 11:47:53,229 - prod_util - ERROR  - system_log - 
Error: time data '\xa0' does not match format '%B %d, %Y'
Function Name: _strptime
Data Corruption:
('\xa0', 'WINNIPEG A CS', ' MANITOBA ', '\xa0', '\xa0', '\xa0')


2024-04-11 11:47:53,294 - urllib3.connectionpool - DEBUG  - _make_request - https://climate.weather.gc.ca:443 "GET /climate_data/daily_data_e.html?StationID=27174&timeframe=2&StartYear=1840&EndYear=2018&Year=2009&Month=2 HTTP/1.1" 200 8417
2024-04-11 11:47:53,301 - urllib3.connectionpool - DEBUG  - _make_request - https://climate.weather.gc.ca:443 "GET /climate_data/daily_data_e.html?StationID=27174&timeframe=2&StartYear=1840&EndYear=2018&Year=2004&Month=5 HTTP/1.1" 200 8293
2024-04-11 11:47:53,302 - urllib3.connectionpool - DEBUG  - _new_conn - Starting new HTTPS connection (1): climate.weather.gc.ca:443
2024-04-11 11:47:53,306 - urllib3.connectionpool - DEBUG  - _make_request - https://climate.weather.gc.ca:443 "GET /climate_data/daily_data_e.html?StationID=27174&timeframe=2&StartYear=1840&EndYear=2018&Year=1999&Month=12 HTTP/1.1" 200 8192
2024-04-11 11:47:53,308 - urllib3.connectionpool - DEBUG  - _new_conn - Starting new HTTPS connection (1): climate.weather.gc.ca:443
2024-04-11 11:47:53,312 - urllib3.connectionpool - DEBUG  - _new_conn - Starting new HTTPS connection (1): climate.weather.gc.ca:443
2024-04-11 11:47:53,325 - urllib3.connectionpool - DEBUG  - _make_request - https://climate.weather.gc.ca:443 "GET /climate_data/daily_data_e.html?StationID=27174&timeframe=2&StartYear=1840&EndYear=2018&Year=2003&Month=11 HTTP/1.1" 200 8180
2024-04-11 11:47:53,331 - urllib3.connectionpool - DEBUG  - _new_conn - Starting new HTTPS connection (1): climate.weather.gc.ca:443
2024-04-11 11:47:54,005 - urllib3.connectionpool - DEBUG  - _make_request - https://climate.weather.gc.ca:443 "GET /climate_data/daily_data_e.html?StationID=27174&timeframe=2&StartYear=1840&EndYear=2018&Year=2016&Month=2 HTTP/1.1" 200 8579
2024-04-11 11:47:54,011 - urllib3.connectionpool - DEBUG  - _new_conn - Starting new HTTPS connection (1): climate.weather.gc.ca:443
2024-04-11 11:47:54,063 - urllib3.connectionpool - DEBUG  - _make_request - https://climate.weather.gc.ca:443 "GET /climate_data/daily_data_e.html?StationID=27174&timeframe=2&StartYear=1840&EndYear=2018&Year=2010&Month=1 HTTP/1.1" 200 8466
2024-04-11 11:47:54,114 - prod_util - ERROR  - system_log - 
Error: time data '\xa0' does not match format '%B %d, %Y'
Function Name: _strptime
Data Corruption:
('-18.2', 'WINNIPEG A CS', ' MANITOBA ', '-22.5', '-20.4', '\xa0')


2024-04-11 11:47:54,115 - prod_util - ERROR  - system_log - 
Error: time data '\xa0' does not match format '%B %d, %Y'
Function Name: _strptime
Data Corruption:
('-22.5', 'WINNIPEG A CS', ' MANITOBA ', '-20.4', '\xa0', '\xa0')


2024-04-11 11:47:54,115 - prod_util - ERROR  - system_log - 
Error: time data '\xa0' does not match format '%B %d, %Y'
Function Name: _strptime
Data Corruption:
('-20.4', 'WINNIPEG A CS', ' MANITOBA ', '\xa0', '\xa0', '\xa0')


2024-04-11 11:47:54,115 - prod_util - ERROR  - system_log - 
Error: time data '\xa0' does not match format '%B %d, %Y'
Function Name: _strptime
Data Corruption:
('\xa0', 'WINNIPEG A CS', ' MANITOBA ', '\xa0', '\xa0', '\xa0')


2024-04-11 11:47:54,116 - prod_util - ERROR  - system_log - 
Error: time data '\xa0' does not match format '%B %d, %Y'
Function Name: _strptime
Data Corruption:
('\xa0', 'WINNIPEG A CS', ' MANITOBA ', '\xa0', '\xa0', '\xa0')


2024-04-11 11:47:54,116 - prod_util - ERROR  - system_log - 
Error: time data '\xa0' does not match format '%B %d, %Y'
Function Name: _strptime
Data Corruption:
('\xa0', 'WINNIPEG A CS', ' MANITOBA ', '\xa0', '\xa0', '\xa0')


2024-04-11 11:47:54,116 - prod_util - ERROR  - system_log - 
Error: time data '\xa0' does not match format '%B %d, %Y'
Function Name: _strptime
Data Corruption:
('\xa0', 'WINNIPEG A CS', ' MANITOBA ', '\xa0', '\xa0', '\xa0')


2024-04-11 11:47:54,117 - prod_util - ERROR  - system_log - 
Error: time data '\xa0' does not match format '%B %d, %Y'
Function Name: _strptime
Data Corruption:
('\xa0', 'WINNIPEG A CS', ' MANITOBA ', '\xa0', '\xa0', '\xa0')


2024-04-11 11:47:54,117 - prod_util - ERROR  - system_log - 
Error: time data '\xa0' does not match format '%B %d, %Y'
Function Name: _strptime
Data Corruption:
('\xa0', 'WINNIPEG A CS', ' MANITOBA ', '\xa0', '\xa0', '\xa0')


2024-04-11 11:47:54,117 - prod_util - ERROR  - system_log - 
Error: time data '\xa0' does not match format '%B %d, %Y'
Function Name: _strptime
Data Corruption:
('\xa0', 'WINNIPEG A CS', ' MANITOBA ', '\xa0', '\xa0', '\xa0')


2024-04-11 11:47:54,118 - prod_util - ERROR  - system_log - 
Error: time data '\xa0' does not match format '%B %d, %Y'
Function Name: _strptime
Data Corruption:
('\xa0', 'WINNIPEG A CS', ' MANITOBA ', '\xa0', '\xa0', '\xa0')


2024-04-11 11:47:54,118 - prod_util - ERROR  - system_log - 
Error: time data '\xa0' does not match format '%B %d, %Y'
Function Name: _strptime
Data Corruption:
('\xa0', 'WINNIPEG A CS', ' MANITOBA ', '\xa0', '\xa0', '\xa0')


2024-04-11 11:47:54,118 - prod_util - ERROR  - system_log - 
Error: time data '\xa0' does not match format '%B %d, %Y'
Function Name: _strptime
Data Corruption:
('\xa0', 'WINNIPEG A CS', ' MANITOBA ', '\xa0', '\xa0', '\xa0')


2024-04-11 11:47:54,118 - prod_util - ERROR  - system_log - 
Error: time data '\xa0' does not match format '%B %d, %Y'
Function Name: _strptime
Data Corruption:
('\xa0', 'WINNIPEG A CS', ' MANITOBA ', '\xa0', '\xa0', '\xa0')


2024-04-11 11:47:54,119 - prod_util - ERROR  - system_log - 
Error: time data '\xa0' does not match format '%B %d, %Y'
Function Name: _strptime
Data Corruption:
('\xa0', 'WINNIPEG A CS', ' MANITOBA ', '\xa0', '\xa0', '\xa0')


2024-04-11 11:47:54,119 - prod_util - ERROR  - system_log - 
Error: time data '\xa0' does not match format '%B %d, %Y'
Function Name: _strptime
Data Corruption:
('\xa0', 'WINNIPEG A CS', ' MANITOBA ', '\xa0', '\xa0', '\xa0')


2024-04-11 11:47:54,119 - prod_util - ERROR  - system_log - 
Error: time data '\xa0' does not match format '%B %d, %Y'
Function Name: _strptime
Data Corruption:
('\xa0', 'WINNIPEG A CS', ' MANITOBA ', '\xa0', '\xa0', '\xa0')


2024-04-11 11:47:54,120 - prod_util - ERROR  - system_log - 
Error: time data '\xa0' does not match format '%B %d, %Y'
Function Name: _strptime
Data Corruption:
('\xa0', 'WINNIPEG A CS', ' MANITOBA ', '\xa0', '\xa0', '\xa0')


2024-04-11 11:47:54,120 - prod_util - ERROR  - system_log - 
Error: time data '\xa0' does not match format '%B %d, %Y'
Function Name: _strptime
Data Corruption:
('\xa0', 'WINNIPEG A CS', ' MANITOBA ', '\xa0', '\xa0', '\xa0')


2024-04-11 11:47:54,120 - prod_util - ERROR  - system_log - 
Error: time data '\xa0' does not match format '%B %d, %Y'
Function Name: _strptime
Data Corruption:
('\xa0', 'WINNIPEG A CS', ' MANITOBA ', '\xa0', '\xa0', '\xa0')


2024-04-11 11:47:54,120 - prod_util - ERROR  - system_log - 
Error: time data '\xa0' does not match format '%B %d, %Y'
Function Name: _strptime
Data Corruption:
('\xa0', 'WINNIPEG A CS', ' MANITOBA ', '\xa0', '\xa0', '\xa0')


2024-04-11 11:47:54,121 - prod_util - ERROR  - system_log - 
Error: time data '\xa0' does not match format '%B %d, %Y'
Function Name: _strptime
Data Corruption:
('\xa0', 'WINNIPEG A CS', ' MANITOBA ', '\xa0', '\xa0', '\xa0')


2024-04-11 11:47:54,121 - prod_util - ERROR  - system_log - 
Error: time data '\xa0' does not match format '%B %d, %Y'
Function Name: _strptime
Data Corruption:
('\xa0', 'WINNIPEG A CS', ' MANITOBA ', '\xa0', '\xa0', '\xa0')


2024-04-11 11:47:54,121 - prod_util - ERROR  - system_log - 
Error: time data '\xa0' does not match format '%B %d, %Y'
Function Name: _strptime
Data Corruption:
('\xa0', 'WINNIPEG A CS', ' MANITOBA ', '\xa0', '\xa0', '\xa0')


2024-04-11 11:47:54,122 - prod_util - ERROR  - system_log - 
Error: time data '\xa0' does not match format '%B %d, %Y'
Function Name: _strptime
Data Corruption:
('\xa0', 'WINNIPEG A CS', ' MANITOBA ', '\xa0', '\xa0', '\xa0')


2024-04-11 11:47:54,122 - prod_util - ERROR  - system_log - 
Error: time data '\xa0' does not match format '%B %d, %Y'
Function Name: _strptime
Data Corruption:
('\xa0', 'WINNIPEG A CS', ' MANITOBA ', '\xa0', '\xa0', '\xa0')


2024-04-11 11:47:54,122 - prod_util - ERROR  - system_log - 
Error: time data '\xa0' does not match format '%B %d, %Y'
Function Name: _strptime
Data Corruption:
('\xa0', 'WINNIPEG A CS', ' MANITOBA ', '\xa0', '\xa0', '\xa0')


2024-04-11 11:47:54,123 - prod_util - ERROR  - system_log - 
Error: time data '\xa0' does not match format '%B %d, %Y'
Function Name: _strptime
Data Corruption:
('\xa0', 'WINNIPEG A CS', ' MANITOBA ', '\xa0', '\xa0', '\xa0')


2024-04-11 11:47:54,123 - prod_util - ERROR  - system_log - 
Error: time data '\xa0' does not match format '%B %d, %Y'
Function Name: _strptime
Data Corruption:
('\xa0', 'WINNIPEG A CS', ' MANITOBA ', '\xa0', '\xa0', '\xa0')


2024-04-11 11:47:54,123 - prod_util - ERROR  - system_log - 
Error: time data '\xa0' does not match format '%B %d, %Y'
Function Name: _strptime
Data Corruption:
('\xa0', 'WINNIPEG A CS', ' MANITOBA ', '\xa0', '\xa0', '\xa0')


2024-04-11 11:47:54,123 - prod_util - ERROR  - system_log - 
Error: time data '\xa0' does not match format '%B %d, %Y'
Function Name: _strptime
Data Corruption:
('\xa0', 'WINNIPEG A CS', ' MANITOBA ', '\xa0', '\xa0', '\xa0')


2024-04-11 11:47:54,124 - prod_util - ERROR  - system_log - 
Error: time data '\xa0' does not match format '%B %d, %Y'
Function Name: _strptime
Data Corruption:
('\xa0', 'WINNIPEG A CS', ' MANITOBA ', '\xa0', '\xa0', '\xa0')


2024-04-11 11:47:54,124 - prod_util - ERROR  - system_log - 
Error: time data '\xa0' does not match format '%B %d, %Y'
Function Name: _strptime
Data Corruption:
('\xa0', 'WINNIPEG A CS', ' MANITOBA ', '\xa0', '\xa0', '\xa0')


2024-04-11 11:47:54,124 - prod_util - ERROR  - system_log - 
Error: time data '\xa0' does not match format '%B %d, %Y'
Function Name: _strptime
Data Corruption:
('\xa0', 'WINNIPEG A CS', ' MANITOBA ', '\xa0', '\xa0', '\xa0')


2024-04-11 11:47:54,125 - prod_util - ERROR  - system_log - 
Error: time data '\xa0' does not match format '%B %d, %Y'
Function Name: _strptime
Data Corruption:
('\xa0', 'WINNIPEG A CS', ' MANITOBA ', '\xa0', '\xa0', '\xa0')


2024-04-11 11:47:54,125 - prod_util - ERROR  - system_log - 
Error: time data '\xa0' does not match format '%B %d, %Y'
Function Name: _strptime
Data Corruption:
('\xa0', 'WINNIPEG A CS', ' MANITOBA ', '\xa0', '\xa0', '\xa0')


2024-04-11 11:47:54,125 - prod_util - ERROR  - system_log - 
Error: time data '\xa0' does not match format '%B %d, %Y'
Function Name: _strptime
Data Corruption:
('\xa0', 'WINNIPEG A CS', ' MANITOBA ', '\xa0', '\xa0', '\xa0')


2024-04-11 11:47:54,126 - prod_util - ERROR  - system_log - 
Error: time data '\xa0' does not match format '%B %d, %Y'
Function Name: _strptime
Data Corruption:
('\xa0', 'WINNIPEG A CS', ' MANITOBA ', '\xa0', '\xa0', '\xa0')


2024-04-11 11:47:54,126 - prod_util - ERROR  - system_log - 
Error: time data '\xa0' does not match format '%B %d, %Y'
Function Name: _strptime
Data Corruption:
('\xa0', 'WINNIPEG A CS', ' MANITOBA ', '\xa0', '\xa0', '\xa0')


2024-04-11 11:47:54,126 - prod_util - ERROR  - system_log - 
Error: time data '\xa0' does not match format '%B %d, %Y'
Function Name: _strptime
Data Corruption:
('\xa0', 'WINNIPEG A CS', ' MANITOBA ', '\xa0', '\xa0', '\xa0')


2024-04-11 11:47:54,126 - prod_util - ERROR  - system_log - 
Error: time data '\xa0' does not match format '%B %d, %Y'
Function Name: _strptime
Data Corruption:
('\xa0', 'WINNIPEG A CS', ' MANITOBA ', '\xa0', '\xa0', '\xa0')


2024-04-11 11:47:54,127 - prod_util - ERROR  - system_log - 
Error: time data '\xa0' does not match format '%B %d, %Y'
Function Name: _strptime
Data Corruption:
('\xa0', 'WINNIPEG A CS', ' MANITOBA ', '\xa0', '\xa0', '\xa0')


2024-04-11 11:47:54,127 - prod_util - ERROR  - system_log - 
Error: time data '\xa0' does not match format '%B %d, %Y'
Function Name: _strptime
Data Corruption:
('\xa0', 'WINNIPEG A CS', ' MANITOBA ', '\xa0', '\xa0', '\xa0')


2024-04-11 11:47:54,127 - prod_util - ERROR  - system_log - 
Error: time data '\xa0' does not match format '%B %d, %Y'
Function Name: _strptime
Data Corruption:
('\xa0', 'WINNIPEG A CS', ' MANITOBA ', '\xa0', '\xa0', '\xa0')


2024-04-11 11:47:54,128 - prod_util - ERROR  - system_log - 
Error: time data '\xa0' does not match format '%B %d, %Y'
Function Name: _strptime
Data Corruption:
('\xa0', 'WINNIPEG A CS', ' MANITOBA ', '\xa0', '\xa0', '\xa0')


2024-04-11 11:47:54,128 - prod_util - ERROR  - system_log - 
Error: time data '\xa0' does not match format '%B %d, %Y'
Function Name: _strptime
Data Corruption:
('\xa0', 'WINNIPEG A CS', ' MANITOBA ', '\xa0', '\xa0', '\xa0')


2024-04-11 11:47:54,128 - prod_util - ERROR  - system_log - 
Error: time data '\xa0' does not match format '%B %d, %Y'
Function Name: _strptime
Data Corruption:
('\xa0', 'WINNIPEG A CS', ' MANITOBA ', '\xa0', '\xa0', '\xa0')


2024-04-11 11:47:54,129 - prod_util - ERROR  - system_log - 
Error: time data '\xa0' does not match format '%B %d, %Y'
Function Name: _strptime
Data Corruption:
('\xa0', 'WINNIPEG A CS', ' MANITOBA ', '\xa0', '\xa0', '\xa0')


2024-04-11 11:47:54,129 - prod_util - ERROR  - system_log - 
Error: could not convert string to float: 'December 18, 2010'
Function Name: _format_payload_for_insert
Data Corruption:
('\xa0', 'WINNIPEG A CS', ' MANITOBA ', '\xa0', '\xa0', 'December 17, 2010')


2024-04-11 11:47:54,130 - prod_util - ERROR  - system_log - 
Error: could not convert string to float: '\xa0'
Function Name: _format_payload_for_insert
Data Corruption:
('-4.4', 'WINNIPEG A CS', ' MANITOBA ', '-15.5', '-10.0', 'November 26, 2010')


2024-04-11 11:47:54,131 - prod_util - ERROR  - system_log - 
Error: time data '-18.8' does not match format '%B %d, %Y'
Function Name: _strptime
Data Corruption:
('-15.5', 'WINNIPEG A CS', ' MANITOBA ', '-10.0', 'November 26, 2010', '-18.8')


2024-04-11 11:47:54,131 - prod_util - ERROR  - system_log - 
Error: time data '\xa0' does not match format '%B %d, %Y'
Function Name: _strptime
Data Corruption:
('-10.0', 'WINNIPEG A CS', ' MANITOBA ', 'November 26, 2010', '-18.8', '\xa0')


2024-04-11 11:47:54,131 - prod_util - ERROR  - system_log - 
Error: time data '\xa0' does not match format '%B %d, %Y'
Function Name: _strptime
Data Corruption:
('November 26, 2010', 'WINNIPEG A CS', ' MANITOBA ', '-18.8', '\xa0', '\xa0')


2024-04-11 11:47:54,132 - prod_util - ERROR  - system_log - 
Error: time data '\xa0' does not match format '%B %d, %Y'
Function Name: _strptime
Data Corruption:
('-18.8', 'WINNIPEG A CS', ' MANITOBA ', '\xa0', '\xa0', '\xa0')


2024-04-11 11:47:54,132 - prod_util - ERROR  - system_log - 
Error: time data '\xa0' does not match format '%B %d, %Y'
Function Name: _strptime
Data Corruption:
('\xa0', 'WINNIPEG A CS', ' MANITOBA ', '\xa0', '\xa0', '\xa0')


2024-04-11 11:47:54,132 - prod_util - ERROR  - system_log - 
Error: time data '\xa0' does not match format '%B %d, %Y'
Function Name: _strptime
Data Corruption:
('\xa0', 'WINNIPEG A CS', ' MANITOBA ', '\xa0', '\xa0', '\xa0')


2024-04-11 11:47:54,133 - prod_util - ERROR  - system_log - 
Error: time data '\xa0' does not match format '%B %d, %Y'
Function Name: _strptime
Data Corruption:
('\xa0', 'WINNIPEG A CS', ' MANITOBA ', '\xa0', '\xa0', '\xa0')


2024-04-11 11:47:54,133 - prod_util - ERROR  - system_log - 
Error: time data '\xa0' does not match format '%B %d, %Y'
Function Name: _strptime
Data Corruption:
('\xa0', 'WINNIPEG A CS', ' MANITOBA ', '\xa0', '\xa0', '\xa0')


2024-04-11 11:47:54,133 - prod_util - ERROR  - system_log - 
Error: time data '\xa0' does not match format '%B %d, %Y'
Function Name: _strptime
Data Corruption:
('\xa0', 'WINNIPEG A CS', ' MANITOBA ', '\xa0', '\xa0', '\xa0')


2024-04-11 11:47:54,134 - prod_util - ERROR  - system_log - 
Error: time data '\xa0' does not match format '%B %d, %Y'
Function Name: _strptime
Data Corruption:
('\xa0', 'WINNIPEG A CS', ' MANITOBA ', '\xa0', '\xa0', '\xa0')


2024-04-11 11:47:54,134 - prod_util - ERROR  - system_log - 
Error: time data '\xa0' does not match format '%B %d, %Y'
Function Name: _strptime
Data Corruption:
('\xa0', 'WINNIPEG A CS', ' MANITOBA ', '\xa0', '\xa0', '\xa0')


2024-04-11 11:47:54,134 - prod_util - ERROR  - system_log - 
Error: time data '\xa0' does not match format '%B %d, %Y'
Function Name: _strptime
Data Corruption:
('\xa0', 'WINNIPEG A CS', ' MANITOBA ', '\xa0', '\xa0', '\xa0')


2024-04-11 11:47:54,134 - prod_util - ERROR  - system_log - 
Error: time data '\xa0' does not match format '%B %d, %Y'
Function Name: _strptime
Data Corruption:
('\xa0', 'WINNIPEG A CS', ' MANITOBA ', '\xa0', '\xa0', '\xa0')


2024-04-11 11:47:54,137 - prod_util - ERROR  - system_log - 
Error: could not convert string to float: 'September 17, 2010'
Function Name: _format_payload_for_insert
Data Corruption:
('16.4', 'WINNIPEG A CS', ' MANITOBA ', '7.4', '11.9', 'September 16, 2010')


2024-04-11 11:47:54,138 - prod_util - ERROR  - system_log - 
Error: time data '8.7' does not match format '%B %d, %Y'
Function Name: _strptime
Data Corruption:
('7.4', 'WINNIPEG A CS', ' MANITOBA ', '11.9', 'September 16, 2010', '8.7')


2024-04-11 11:47:54,138 - prod_util - ERROR  - system_log - 
Error: could not convert string to float: 'September 18, 2010'
Function Name: _format_payload_for_insert
Data Corruption:
('11.9', 'WINNIPEG A CS', ' MANITOBA ', 'September 16, 2010', '8.7', 'September 17, 2010')


2024-04-11 11:47:54,138 - prod_util - ERROR  - system_log - 
Error: time data '4.5' does not match format '%B %d, %Y'
Function Name: _strptime
Data Corruption:
('September 16, 2010', 'WINNIPEG A CS', ' MANITOBA ', '8.7', 'September 17, 2010', '4.5')


2024-04-11 11:47:54,144 - prod_util - ERROR  - system_log - 
Error: could not convert string to float: 'April 22, 2010'
Function Name: _format_payload_for_insert
Data Corruption:
('15.4', 'WINNIPEG A CS', ' MANITOBA ', '0.4', '7.9', 'April 21, 2010')


2024-04-11 11:47:54,145 - prod_util - ERROR  - system_log - 
Error: time data '-4.8' does not match format '%B %d, %Y'
Function Name: _strptime
Data Corruption:
('0.4', 'WINNIPEG A CS', ' MANITOBA ', '7.9', 'April 21, 2010', '-4.8')


2024-04-11 11:47:54,210 - urllib3.connectionpool - DEBUG  - _make_request - https://climate.weather.gc.ca:443 "GET /climate_data/daily_data_e.html?StationID=27174&timeframe=2&StartYear=1840&EndYear=2018&Year=2000&Month=12 HTTP/1.1" 200 8195
2024-04-11 11:47:54,211 - urllib3.connectionpool - DEBUG  - _make_request - https://climate.weather.gc.ca:443 "GET /climate_data/daily_data_e.html?StationID=27174&timeframe=2&StartYear=1840&EndYear=2018&Year=1997&Month=12 HTTP/1.1" 200 8283
2024-04-11 11:47:54,213 - urllib3.connectionpool - DEBUG  - _make_request - https://climate.weather.gc.ca:443 "GET /climate_data/daily_data_e.html?StationID=27174&timeframe=2&StartYear=1840&EndYear=2018&Year=2017&Month=1 HTTP/1.1" 200 8709
2024-04-11 11:47:54,218 - urllib3.connectionpool - DEBUG  - _new_conn - Starting new HTTPS connection (1): climate.weather.gc.ca:443
2024-04-11 11:47:54,221 - urllib3.connectionpool - DEBUG  - _new_conn - Starting new HTTPS connection (1): climate.weather.gc.ca:443
2024-04-11 11:47:54,273 - prod_util - ERROR  - system_log - 
Error: could not convert string to float: 'October 28, 2017'
Function Name: _format_payload_for_insert
Data Corruption:
('4.8', 'WINNIPEG A CS', ' MANITOBA ', '-2.2', '1.3', 'October 27, 2017')


2024-04-11 11:47:54,274 - prod_util - ERROR  - system_log - 
Error: time data '-6.4' does not match format '%B %d, %Y'
Function Name: _strptime
Data Corruption:
('-2.2', 'WINNIPEG A CS', ' MANITOBA ', '1.3', 'October 27, 2017', '-6.4')


2024-04-11 11:47:54,276 - prod_util - ERROR  - system_log - 
Error: could not convert string to float: 'August 9, 2017'
Function Name: _format_payload_for_insert
Data Corruption:
('28.6', 'WINNIPEG A CS', ' MANITOBA ', '9.4', '19.0', 'August 8, 2017')


2024-04-11 11:47:54,276 - prod_util - ERROR  - system_log - 
Error: time data '13.0' does not match format '%B %d, %Y'
Function Name: _strptime
Data Corruption:
('9.4', 'WINNIPEG A CS', ' MANITOBA ', '19.0', 'August 8, 2017', '13.0')


2024-04-11 11:47:54,277 - prod_util - ERROR  - system_log - 
Error: could not convert string to float: 'August 10, 2017'
Function Name: _format_payload_for_insert
Data Corruption:
('19.0', 'WINNIPEG A CS', ' MANITOBA ', 'August 8, 2017', '13.0', 'August 9, 2017')


2024-04-11 11:47:54,278 - prod_util - ERROR  - system_log - 
Error: could not convert string to float: 'July 19, 2017'
Function Name: _format_payload_for_insert
Data Corruption:
('25.7', 'WINNIPEG A CS', ' MANITOBA ', '13.0', '19.4', 'July 18, 2017')


2024-04-11 11:47:54,278 - prod_util - ERROR  - system_log - 
Error: time data '11.1' does not match format '%B %d, %Y'
Function Name: _strptime
Data Corruption:
('13.0', 'WINNIPEG A CS', ' MANITOBA ', '19.4', 'July 18, 2017', '11.1')


2024-04-11 11:47:54,279 - prod_util - ERROR  - system_log - 
Error: could not convert string to float: 'July 20, 2017'
Function Name: _format_payload_for_insert
Data Corruption:
('19.4', 'WINNIPEG A CS', ' MANITOBA ', 'July 18, 2017', '11.1', 'July 19, 2017')


2024-04-11 11:47:54,279 - prod_util - ERROR  - system_log - 
Error: time data '11.1' does not match format '%B %d, %Y'
Function Name: _strptime
Data Corruption:
('July 18, 2017', 'WINNIPEG A CS', ' MANITOBA ', '11.1', 'July 19, 2017', '11.1')


2024-04-11 11:47:54,279 - prod_util - ERROR  - system_log - 
Error: could not convert string to float: 'July 21, 2017'
Function Name: _format_payload_for_insert
Data Corruption:
('11.1', 'WINNIPEG A CS', ' MANITOBA ', 'July 19, 2017', '11.1', 'July 20, 2017')


2024-04-11 11:47:54,280 - prod_util - ERROR  - system_log - 
Error: time data '8.0' does not match format '%B %d, %Y'
Function Name: _strptime
Data Corruption:
('July 19, 2017', 'WINNIPEG A CS', ' MANITOBA ', '11.1', 'July 20, 2017', '8.0')


2024-04-11 11:47:54,281 - prod_util - ERROR  - system_log - 
Error: could not convert string to float: 'June 16, 2017'
Function Name: _format_payload_for_insert
Data Corruption:
('23.7', 'WINNIPEG A CS', ' MANITOBA ', '14.1', '18.9', 'June 15, 2017')


2024-04-11 11:47:54,281 - prod_util - ERROR  - system_log - 
Error: time data '12.7' does not match format '%B %d, %Y'
Function Name: _strptime
Data Corruption:
('14.1', 'WINNIPEG A CS', ' MANITOBA ', '18.9', 'June 15, 2017', '12.7')


2024-04-11 11:47:54,288 - prod_util - ERROR  - system_log - 
Error: could not convert string to float: 'January 25, 2017'
Function Name: _format_payload_for_insert
Data Corruption:
('-0.1', 'WINNIPEG A CS', ' MANITOBA ', '-3.2', '-1.7', 'January 24, 2017')


2024-04-11 11:47:54,288 - prod_util - ERROR  - system_log - 
Error: time data '-3.7' does not match format '%B %d, %Y'
Function Name: _strptime
Data Corruption:
('-3.2', 'WINNIPEG A CS', ' MANITOBA ', '-1.7', 'January 24, 2017', '-3.7')


2024-04-11 11:47:54,288 - urllib3.connectionpool - DEBUG  - _make_request - https://climate.weather.gc.ca:443 "GET /climate_data/daily_data_e.html?StationID=27174&timeframe=2&StartYear=1840&EndYear=2018&Year=2018&Month=2 HTTP/1.1" 200 8533
2024-04-11 11:47:54,298 - urllib3.connectionpool - DEBUG  - _new_conn - Starting new HTTPS connection (1): climate.weather.gc.ca:443
2024-04-11 11:47:54,409 - urllib3.connectionpool - DEBUG  - _make_request - https://climate.weather.gc.ca:443 "GET /climate_data/daily_data_e.html?StationID=27174&timeframe=2&StartYear=1840&EndYear=2018&Year=2001&Month=11 HTTP/1.1" 200 8269
2024-04-11 11:47:54,418 - urllib3.connectionpool - DEBUG  - _new_conn - Starting new HTTPS connection (1): climate.weather.gc.ca:443
2024-04-11 11:47:54,481 - urllib3.connectionpool - DEBUG  - _make_request - https://climate.weather.gc.ca:443 "GET /climate_data/daily_data_e.html?StationID=27174&timeframe=2&StartYear=1840&EndYear=2018&Year=1996&Month=12 HTTP/1.1" 200 6443
2024-04-11 11:47:54,485 - urllib3.connectionpool - DEBUG  - _new_conn - Starting new HTTPS connection (1): climate.weather.gc.ca:443
2024-04-11 11:47:54,632 - urllib3.connectionpool - DEBUG  - _make_request - https://climate.weather.gc.ca:443 "GET /climate_data/daily_data_e.html?StationID=27174&timeframe=2&StartYear=1840&EndYear=2018&Year=2013&Month=1 HTTP/1.1" 200 8542
2024-04-11 11:47:54,636 - urllib3.connectionpool - DEBUG  - _make_request - https://climate.weather.gc.ca:443 "GET /climate_data/daily_data_e.html?StationID=27174&timeframe=2&StartYear=1840&EndYear=2018&Year=2002&Month=11 HTTP/1.1" 200 8158
2024-04-11 11:47:54,645 - prod_util - ERROR  - system_log - 
Error: could not convert string to float: 'November 16, 2013'
Function Name: _format_payload_for_insert
Data Corruption:
('1.7', 'WINNIPEG A CS', ' MANITOBA ', '-5.3', '-1.8', 'November 15, 2013')


2024-04-11 11:47:54,645 - prod_util - ERROR  - system_log - 
Error: time data '-2.8' does not match format '%B %d, %Y'
Function Name: _strptime
Data Corruption:
('-5.3', 'WINNIPEG A CS', ' MANITOBA ', '-1.8', 'November 15, 2013', '-2.8')


2024-04-11 11:47:54,649 - prod_util - ERROR  - system_log - 
Error: time data '\xa0' does not match format '%B %d, %Y'
Function Name: _strptime
Data Corruption:
('21.2', 'WINNIPEG A CS', ' MANITOBA ', '2.5', '11.9', '\xa0')


2024-04-11 11:47:54,649 - urllib3.connectionpool - DEBUG  - _new_conn - Starting new HTTPS connection (1): climate.weather.gc.ca:443
2024-04-11 11:47:54,650 - prod_util - ERROR  - system_log - 
Error: time data '\xa0' does not match format '%B %d, %Y'
Function Name: _strptime
Data Corruption:
('2.5', 'WINNIPEG A CS', ' MANITOBA ', '11.9', '\xa0', '\xa0')


2024-04-11 11:47:54,650 - prod_util - ERROR  - system_log - 
Error: time data '\xa0' does not match format '%B %d, %Y'
Function Name: _strptime
Data Corruption:
('11.9', 'WINNIPEG A CS', ' MANITOBA ', '\xa0', '\xa0', '\xa0')


2024-04-11 11:47:54,655 - prod_util - ERROR  - system_log - 
Error: time data '\xa0' does not match format '%B %d, %Y'
Function Name: _strptime
Data Corruption:
('12.8', 'WINNIPEG A CS', ' MANITOBA ', '1.5', '7.2', '\xa0')


2024-04-11 11:47:54,656 - prod_util - ERROR  - system_log - 
Error: time data '\xa0' does not match format '%B %d, %Y'
Function Name: _strptime
Data Corruption:
('1.5', 'WINNIPEG A CS', ' MANITOBA ', '7.2', '\xa0', '\xa0')


2024-04-11 11:47:54,656 - prod_util - ERROR  - system_log - 
Error: time data '\xa0' does not match format '%B %d, %Y'
Function Name: _strptime
Data Corruption:
('7.2', 'WINNIPEG A CS', ' MANITOBA ', '\xa0', '\xa0', '\xa0')


2024-04-11 11:47:54,661 - prod_util - ERROR  - system_log - 
Error: time data '\xa0' does not match format '%B %d, %Y'
Function Name: _strptime
Data Corruption:
('-6.4', 'WINNIPEG A CS', ' MANITOBA ', '-19.4', '-12.9', '\xa0')


2024-04-11 11:47:54,662 - prod_util - ERROR  - system_log - 
Error: time data '\xa0' does not match format '%B %d, %Y'
Function Name: _strptime
Data Corruption:
('-19.4', 'WINNIPEG A CS', ' MANITOBA ', '-12.9', '\xa0', '\xa0')


2024-04-11 11:47:54,662 - prod_util - ERROR  - system_log - 
Error: time data '\xa0' does not match format '%B %d, %Y'
Function Name: _strptime
Data Corruption:
('-12.9', 'WINNIPEG A CS', ' MANITOBA ', '\xa0', '\xa0', '\xa0')


2024-04-11 11:47:54,672 - urllib3.connectionpool - DEBUG  - _make_request - https://climate.weather.gc.ca:443 "GET /climate_data/daily_data_e.html?StationID=27174&timeframe=2&StartYear=1840&EndYear=2018&Year=1998&Month=12 HTTP/1.1" 200 8282
2024-04-11 11:47:54,679 - urllib3.connectionpool - DEBUG  - _new_conn - Starting new HTTPS connection (1): climate.weather.gc.ca:443
2024-04-11 11:47:55,049 - urllib3.connectionpool - DEBUG  - _make_request - https://climate.weather.gc.ca:443 "GET /climate_data/daily_data_e.html?StationID=27174&timeframe=2&StartYear=1840&EndYear=2018&Year=2004&Month=4 HTTP/1.1" 200 8249
2024-04-11 11:47:55,056 - urllib3.connectionpool - DEBUG  - _new_conn - Starting new HTTPS connection (1): climate.weather.gc.ca:443
2024-04-11 11:47:55,071 - urllib3.connectionpool - DEBUG  - _make_request - https://climate.weather.gc.ca:443 "GET /climate_data/daily_data_e.html?StationID=27174&timeframe=2&StartYear=1840&EndYear=2018&Year=1999&Month=11 HTTP/1.1" 200 8185
2024-04-11 11:47:55,079 - urllib3.connectionpool - DEBUG  - _new_conn - Starting new HTTPS connection (1): climate.weather.gc.ca:443
2024-04-11 11:47:56,022 - urllib3.connectionpool - DEBUG  - _make_request - https://climate.weather.gc.ca:443 "GET /climate_data/daily_data_e.html?StationID=27174&timeframe=2&StartYear=1840&EndYear=2018&Year=2009&Month=1 HTTP/1.1" 200 8497
2024-04-11 11:47:56,049 - urllib3.connectionpool - DEBUG  - _make_request - https://climate.weather.gc.ca:443 "GET /climate_data/daily_data_e.html?StationID=27174&timeframe=2&StartYear=1840&EndYear=2018&Year=2003&Month=10 HTTP/1.1" 200 8263
2024-04-11 11:47:56,058 - urllib3.connectionpool - DEBUG  - _new_conn - Starting new HTTPS connection (1): climate.weather.gc.ca:443
2024-04-11 11:47:56,170 - urllib3.connectionpool - DEBUG  - _make_request - https://climate.weather.gc.ca:443 "GET /climate_data/daily_data_e.html?StationID=27174&timeframe=2&StartYear=1840&EndYear=2018&Year=2001&Month=10 HTTP/1.1" 200 8276
2024-04-11 11:47:56,176 - urllib3.connectionpool - DEBUG  - _new_conn - Starting new HTTPS connection (1): climate.weather.gc.ca:443
2024-04-11 11:47:56,177 - urllib3.connectionpool - DEBUG  - _make_request - https://climate.weather.gc.ca:443 "GET /climate_data/daily_data_e.html?StationID=27174&timeframe=2&StartYear=1840&EndYear=2018&Year=1996&Month=11 HTTP/1.1" 200 8224
2024-04-11 11:47:56,183 - urllib3.connectionpool - DEBUG  - _new_conn - Starting new HTTPS connection (1): climate.weather.gc.ca:443
2024-04-11 11:47:56,329 - urllib3.connectionpool - DEBUG  - _make_request - https://climate.weather.gc.ca:443 "GET /climate_data/daily_data_e.html?StationID=27174&timeframe=2&StartYear=1840&EndYear=2018&Year=1997&Month=11 HTTP/1.1" 200 8253
2024-04-11 11:47:56,329 - urllib3.connectionpool - DEBUG  - _make_request - https://climate.weather.gc.ca:443 "GET /climate_data/daily_data_e.html?StationID=27174&timeframe=2&StartYear=1840&EndYear=2018&Year=2004&Month=3 HTTP/1.1" 200 8186
2024-04-11 11:47:56,334 - urllib3.connectionpool - DEBUG  - _make_request - https://climate.weather.gc.ca:443 "GET /climate_data/daily_data_e.html?StationID=27174&timeframe=2&StartYear=1840&EndYear=2018&Year=2016&Month=1 HTTP/1.1" 200 8631
2024-04-11 11:47:56,334 - urllib3.connectionpool - DEBUG  - _make_request - https://climate.weather.gc.ca:443 "GET /climate_data/daily_data_e.html?StationID=27174&timeframe=2&StartYear=1840&EndYear=2018&Year=2018&Month=1 HTTP/1.1" 200 8660
2024-04-11 11:47:56,339 - urllib3.connectionpool - DEBUG  - _new_conn - Starting new HTTPS connection (1): climate.weather.gc.ca:443
2024-04-11 11:47:56,349 - prod_util - ERROR  - system_log - 
Error: could not convert string to float: 'November 9, 2018'
Function Name: _format_payload_for_insert
Data Corruption:
('-4.6', 'WINNIPEG A CS', ' MANITOBA ', '-7.2', '-5.9', 'November 8, 2018')


2024-04-11 11:47:56,349 - prod_util - ERROR  - system_log - 
Error: could not convert string to float: 'November 10, 2018'
Function Name: _format_payload_for_insert
Data Corruption:
('-7.2', 'WINNIPEG A CS', ' MANITOBA ', '-5.9', 'November 8, 2018', 'November 9, 2018')


2024-04-11 11:47:56,359 - urllib3.connectionpool - DEBUG  - _make_request - https://climate.weather.gc.ca:443 "GET /climate_data/daily_data_e.html?StationID=27174&timeframe=2&StartYear=1840&EndYear=2018&Year=2002&Month=10 HTTP/1.1" 200 8277
2024-04-11 11:47:56,360 - prod_util - ERROR  - system_log - 
Error: could not convert string to float: 'May 15, 2018'
Function Name: _format_payload_for_insert
Data Corruption:
('28.1', 'WINNIPEG A CS', ' MANITOBA ', '10.7', '19.4', 'May 14, 2018')


2024-04-11 11:47:56,362 - prod_util - ERROR  - system_log - 
Error: time data '1.8' does not match format '%B %d, %Y'
Function Name: _strptime
Data Corruption:
('10.7', 'WINNIPEG A CS', ' MANITOBA ', '19.4', 'May 14, 2018', '1.8')


2024-04-11 11:47:56,362 - prod_util - ERROR  - system_log - 
Error: could not convert string to float: 'May 16, 2018'
Function Name: _format_payload_for_insert
Data Corruption:
('19.4', 'WINNIPEG A CS', ' MANITOBA ', 'May 14, 2018', '1.8', 'May 15, 2018')


2024-04-11 11:47:56,362 - prod_util - ERROR  - system_log - 
Error: time data '31.3' does not match format '%B %d, %Y'
Function Name: _strptime
Data Corruption:
('May 14, 2018', 'WINNIPEG A CS', ' MANITOBA ', '1.8', 'May 15, 2018', '31.3')


2024-04-11 11:47:56,363 - prod_util - ERROR  - system_log - 
Error: could not convert string to float: 'May 30, 2018'
Function Name: _format_payload_for_insert
Data Corruption:
('27.7', 'WINNIPEG A CS', ' MANITOBA ', '10.6', '19.2', 'May 29, 2018')


2024-04-11 11:47:56,363 - prod_util - ERROR  - system_log - 
Error: time data '13.8' does not match format '%B %d, %Y'
Function Name: _strptime
Data Corruption:
('10.6', 'WINNIPEG A CS', ' MANITOBA ', '19.2', 'May 29, 2018', '13.8')


2024-04-11 11:47:56,363 - prod_util - ERROR  - system_log - 
Error: could not convert string to float: 'May 31, 2018'
Function Name: _format_payload_for_insert
Data Corruption:
('19.2', 'WINNIPEG A CS', ' MANITOBA ', 'May 29, 2018', '13.8', 'May 30, 2018')


2024-04-11 11:47:56,363 - prod_util - ERROR  - system_log - 
Error: list index out of range
Function Name: _format_payload_for_insert
Data Corruption:
('May 29, 2018', 'WINNIPEG A CS', ' MANITOBA ', '13.8', 'May 30, 2018', 'May 31, 2018')


2024-04-11 11:47:56,364 - prod_util - ERROR  - system_log - 
Error: time data '15.2' does not match format '%B %d, %Y'
Function Name: _strptime
Data Corruption:
('13.8', 'WINNIPEG A CS', ' MANITOBA ', 'May 30, 2018', 'May 31, 2018', '15.2')


2024-04-11 11:47:56,367 - prod_util - ERROR  - system_log - 
Error: could not convert string to float: 'March 7, 2018'
Function Name: _format_payload_for_insert
Data Corruption:
('1.9', 'WINNIPEG A CS', ' MANITOBA ', '-6.2', '-2.2', 'March 6, 2018')


2024-04-11 11:47:56,367 - urllib3.connectionpool - DEBUG  - _new_conn - Starting new HTTPS connection (1): climate.weather.gc.ca:443
2024-04-11 11:47:56,367 - prod_util - ERROR  - system_log - 
Error: time data '-12.7' does not match format '%B %d, %Y'
Function Name: _strptime
Data Corruption:
('-6.2', 'WINNIPEG A CS', ' MANITOBA ', '-2.2', 'March 6, 2018', '-12.7')


2024-04-11 11:47:56,382 - prod_util - ERROR  - system_log - 
Error: could not convert string to float: 'July 19, 2016'
Function Name: _format_payload_for_insert
Data Corruption:
('23.4', 'WINNIPEG A CS', ' MANITOBA ', '12.2', '17.8', 'July 18, 2016')


2024-04-11 11:47:56,383 - prod_util - ERROR  - system_log - 
Error: time data '9.7' does not match format '%B %d, %Y'
Function Name: _strptime
Data Corruption:
('12.2', 'WINNIPEG A CS', ' MANITOBA ', '17.8', 'July 18, 2016', '9.7')


2024-04-11 11:47:56,385 - prod_util - ERROR  - system_log - 
Error: could not convert string to float: 'June 3, 2016'
Function Name: _format_payload_for_insert
Data Corruption:
('12.8', 'WINNIPEG A CS', ' MANITOBA ', '6.4', '9.6', 'June 2, 2016')


2024-04-11 11:47:56,386 - prod_util - ERROR  - system_log - 
Error: time data '3.9' does not match format '%B %d, %Y'
Function Name: _strptime
Data Corruption:
('6.4', 'WINNIPEG A CS', ' MANITOBA ', '9.6', 'June 2, 2016', '3.9')


2024-04-11 11:47:56,386 - urllib3.connectionpool - DEBUG  - _new_conn - Starting new HTTPS connection (1): climate.weather.gc.ca:443
2024-04-11 11:47:56,943 - urllib3.connectionpool - DEBUG  - _make_request - https://climate.weather.gc.ca:443 "GET /climate_data/daily_data_e.html?StationID=27174&timeframe=2&StartYear=1840&EndYear=2018&Year=2000&Month=11 HTTP/1.1" 200 8346
2024-04-11 11:47:56,950 - urllib3.connectionpool - DEBUG  - _new_conn - Starting new HTTPS connection (1): climate.weather.gc.ca:443
2024-04-11 11:47:57,346 - urllib3.connectionpool - DEBUG  - _make_request - https://climate.weather.gc.ca:443 "GET /climate_data/daily_data_e.html?StationID=27174&timeframe=2&StartYear=1840&EndYear=2018&Year=1998&Month=11 HTTP/1.1" 200 8303
2024-04-11 11:47:57,353 - urllib3.connectionpool - DEBUG  - _new_conn - Starting new HTTPS connection (1): climate.weather.gc.ca:443
2024-04-11 11:47:57,746 - urllib3.connectionpool - DEBUG  - _make_request - https://climate.weather.gc.ca:443 "GET /climate_data/daily_data_e.html?StationID=27174&timeframe=2&StartYear=1840&EndYear=2018&Year=1999&Month=10 HTTP/1.1" 200 8256
2024-04-11 11:47:57,752 - urllib3.connectionpool - DEBUG  - _new_conn - Starting new HTTPS connection (1): climate.weather.gc.ca:443
2024-04-11 11:47:58,020 - urllib3.connectionpool - DEBUG  - _make_request - https://climate.weather.gc.ca:443 "GET /climate_data/daily_data_e.html?StationID=27174&timeframe=2&StartYear=1840&EndYear=2018&Year=2001&Month=9 HTTP/1.1" 200 8228
2024-04-11 11:47:58,026 - urllib3.connectionpool - DEBUG  - _new_conn - Starting new HTTPS connection (1): climate.weather.gc.ca:443
2024-04-11 11:47:58,661 - urllib3.connectionpool - DEBUG  - _make_request - https://climate.weather.gc.ca:443 "GET /climate_data/daily_data_e.html?StationID=27174&timeframe=2&StartYear=1840&EndYear=2018&Year=1996&Month=10 HTTP/1.1" 200 8141
2024-04-11 11:47:58,668 - urllib3.connectionpool - DEBUG  - _new_conn - Starting new HTTPS connection (1): climate.weather.gc.ca:443
2024-04-11 11:47:58,679 - urllib3.connectionpool - DEBUG  - _make_request - https://climate.weather.gc.ca:443 "GET /climate_data/daily_data_e.html?StationID=27174&timeframe=2&StartYear=1840&EndYear=2018&Year=2003&Month=9 HTTP/1.1" 200 8248
2024-04-11 11:47:58,687 - urllib3.connectionpool - DEBUG  - _new_conn - Starting new HTTPS connection (1): climate.weather.gc.ca:443
2024-04-11 11:47:58,720 - urllib3.connectionpool - DEBUG  - _make_request - https://climate.weather.gc.ca:443 "GET /climate_data/daily_data_e.html?StationID=27174&timeframe=2&StartYear=1840&EndYear=2018&Year=2002&Month=9 HTTP/1.1" 200 8185
2024-04-11 11:47:58,724 - urllib3.connectionpool - DEBUG  - _make_request - https://climate.weather.gc.ca:443 "GET /climate_data/daily_data_e.html?StationID=27174&timeframe=2&StartYear=1840&EndYear=2018&Year=1997&Month=10 HTTP/1.1" 200 8280
2024-04-11 11:47:58,726 - urllib3.connectionpool - DEBUG  - _make_request - https://climate.weather.gc.ca:443 "GET /climate_data/daily_data_e.html?StationID=27174&timeframe=2&StartYear=1840&EndYear=2018&Year=2004&Month=2 HTTP/1.1" 200 8212
2024-04-11 11:47:58,736 - urllib3.connectionpool - DEBUG  - _new_conn - Starting new HTTPS connection (1): climate.weather.gc.ca:443
2024-04-11 11:47:58,738 - urllib3.connectionpool - DEBUG  - _new_conn - Starting new HTTPS connection (1): climate.weather.gc.ca:443
2024-04-11 11:47:58,739 - urllib3.connectionpool - DEBUG  - _new_conn - Starting new HTTPS connection (1): climate.weather.gc.ca:443
2024-04-11 11:47:58,962 - urllib3.connectionpool - DEBUG  - _make_request - https://climate.weather.gc.ca:443 "GET /climate_data/daily_data_e.html?StationID=27174&timeframe=2&StartYear=1840&EndYear=2018&Year=1998&Month=10 HTTP/1.1" 200 8244
2024-04-11 11:47:58,969 - urllib3.connectionpool - DEBUG  - _new_conn - Starting new HTTPS connection (1): climate.weather.gc.ca:443
2024-04-11 11:47:59,310 - urllib3.connectionpool - DEBUG  - _make_request - https://climate.weather.gc.ca:443 "GET /climate_data/daily_data_e.html?StationID=27174&timeframe=2&StartYear=1840&EndYear=2018&Year=1999&Month=9 HTTP/1.1" 200 8224
2024-04-11 11:47:59,316 - urllib3.connectionpool - DEBUG  - _new_conn - Starting new HTTPS connection (1): climate.weather.gc.ca:443
2024-04-11 11:47:59,550 - urllib3.connectionpool - DEBUG  - _make_request - https://climate.weather.gc.ca:443 "GET /climate_data/daily_data_e.html?StationID=27174&timeframe=2&StartYear=1840&EndYear=2018&Year=2000&Month=10 HTTP/1.1" 200 8190
2024-04-11 11:47:59,557 - urllib3.connectionpool - DEBUG  - _new_conn - Starting new HTTPS connection (1): climate.weather.gc.ca:443
2024-04-11 11:47:59,600 - urllib3.connectionpool - DEBUG  - _make_request - https://climate.weather.gc.ca:443 "GET /climate_data/daily_data_e.html?StationID=27174&timeframe=2&StartYear=1840&EndYear=2018&Year=2001&Month=8 HTTP/1.1" 200 8249
2024-04-11 11:47:59,607 - urllib3.connectionpool - DEBUG  - _new_conn - Starting new HTTPS connection (1): climate.weather.gc.ca:443
2024-04-11 11:47:59,790 - urllib3.connectionpool - DEBUG  - _make_request - https://climate.weather.gc.ca:443 "GET /climate_data/daily_data_e.html?StationID=27174&timeframe=2&StartYear=1840&EndYear=2018&Year=1998&Month=9 HTTP/1.1" 200 8268
2024-04-11 11:47:59,798 - urllib3.connectionpool - DEBUG  - _new_conn - Starting new HTTPS connection (1): climate.weather.gc.ca:443
2024-04-11 11:48:00,735 - urllib3.connectionpool - DEBUG  - _make_request - https://climate.weather.gc.ca:443 "GET /climate_data/daily_data_e.html?StationID=27174&timeframe=2&StartYear=1840&EndYear=2018&Year=1996&Month=9 HTTP/1.1" 200 8141
2024-04-11 11:48:00,798 - urllib3.connectionpool - DEBUG  - _make_request - https://climate.weather.gc.ca:443 "GET /climate_data/daily_data_e.html?StationID=27174&timeframe=2&StartYear=1840&EndYear=2018&Year=2004&Month=1 HTTP/1.1" 200 8215
2024-04-11 11:48:00,801 - urllib3.connectionpool - DEBUG  - _make_request - https://climate.weather.gc.ca:443 "GET /climate_data/daily_data_e.html?StationID=27174&timeframe=2&StartYear=1840&EndYear=2018&Year=2003&Month=8 HTTP/1.1" 200 8270
2024-04-11 11:48:00,809 - prod_util - ERROR  - system_log - 
Error: could not convert string to float: '\xa0'
Function Name: _format_payload_for_insert
Data Corruption:
('December 31, 2004', 'WINNIPEG A CS', ' MANITOBA ', '\xa0', '\xa0', 'December 1, 2004')


2024-04-11 11:48:00,810 - urllib3.connectionpool - DEBUG  - _new_conn - Starting new HTTPS connection (1): climate.weather.gc.ca:443
2024-04-11 11:48:00,810 - prod_util - ERROR  - system_log - 
Error: time data '\xa0' does not match format '%B %d, %Y'
Function Name: _strptime
Data Corruption:
('\xa0', 'WINNIPEG A CS', ' MANITOBA ', '\xa0', 'December 1, 2004', '\xa0')


2024-04-11 11:48:00,811 - prod_util - ERROR  - system_log - 
Error: time data '\xa0' does not match format '%B %d, %Y'
Function Name: _strptime
Data Corruption:
('\xa0', 'WINNIPEG A CS', ' MANITOBA ', 'December 1, 2004', '\xa0', '\xa0')


2024-04-11 11:48:00,811 - prod_util - ERROR  - system_log - 
Error: could not convert string to float: '\xa0'
Function Name: _format_payload_for_insert
Data Corruption:
('December 1, 2004', 'WINNIPEG A CS', ' MANITOBA ', '\xa0', '\xa0', 'December 2, 2004')


2024-04-11 11:48:00,811 - prod_util - ERROR  - system_log - 
Error: time data '\xa0' does not match format '%B %d, %Y'
Function Name: _strptime
Data Corruption:
('\xa0', 'WINNIPEG A CS', ' MANITOBA ', '\xa0', 'December 2, 2004', '\xa0')


2024-04-11 11:48:00,811 - prod_util - ERROR  - system_log - 
Error: time data '\xa0' does not match format '%B %d, %Y'
Function Name: _strptime
Data Corruption:
('\xa0', 'WINNIPEG A CS', ' MANITOBA ', 'December 2, 2004', '\xa0', '\xa0')


2024-04-11 11:48:00,812 - prod_util - ERROR  - system_log - 
Error: could not convert string to float: '\xa0'
Function Name: _format_payload_for_insert
Data Corruption:
('December 2, 2004', 'WINNIPEG A CS', ' MANITOBA ', '\xa0', '\xa0', 'December 3, 2004')


2024-04-11 11:48:00,812 - prod_util - ERROR  - system_log - 
Error: time data '\xa0' does not match format '%B %d, %Y'
Function Name: _strptime
Data Corruption:
('\xa0', 'WINNIPEG A CS', ' MANITOBA ', '\xa0', 'December 3, 2004', '\xa0')


2024-04-11 11:48:00,812 - prod_util - ERROR  - system_log - 
Error: time data '\xa0' does not match format '%B %d, %Y'
Function Name: _strptime
Data Corruption:
('\xa0', 'WINNIPEG A CS', ' MANITOBA ', 'December 3, 2004', '\xa0', '\xa0')


2024-04-11 11:48:00,812 - prod_util - ERROR  - system_log - 
Error: could not convert string to float: '\xa0'
Function Name: _format_payload_for_insert
Data Corruption:
('December 3, 2004', 'WINNIPEG A CS', ' MANITOBA ', '\xa0', '\xa0', 'December 4, 2004')


2024-04-11 11:48:00,813 - prod_util - ERROR  - system_log - 
Error: time data '\xa0' does not match format '%B %d, %Y'
Function Name: _strptime
Data Corruption:
('\xa0', 'WINNIPEG A CS', ' MANITOBA ', '\xa0', 'December 4, 2004', '\xa0')


2024-04-11 11:48:00,813 - prod_util - ERROR  - system_log - 
Error: time data '\xa0' does not match format '%B %d, %Y'
Function Name: _strptime
Data Corruption:
('\xa0', 'WINNIPEG A CS', ' MANITOBA ', 'December 4, 2004', '\xa0', '\xa0')


2024-04-11 11:48:00,813 - prod_util - ERROR  - system_log - 
Error: could not convert string to float: '\xa0'
Function Name: _format_payload_for_insert
Data Corruption:
('December 4, 2004', 'WINNIPEG A CS', ' MANITOBA ', '\xa0', '\xa0', 'December 5, 2004')


2024-04-11 11:48:00,814 - prod_util - ERROR  - system_log - 
Error: time data '\xa0' does not match format '%B %d, %Y'
Function Name: _strptime
Data Corruption:
('\xa0', 'WINNIPEG A CS', ' MANITOBA ', '\xa0', 'December 5, 2004', '\xa0')


2024-04-11 11:48:00,814 - prod_util - ERROR  - system_log - 
Error: time data '\xa0' does not match format '%B %d, %Y'
Function Name: _strptime
Data Corruption:
('\xa0', 'WINNIPEG A CS', ' MANITOBA ', 'December 5, 2004', '\xa0', '\xa0')


2024-04-11 11:48:00,814 - prod_util - ERROR  - system_log - 
Error: could not convert string to float: '\xa0'
Function Name: _format_payload_for_insert
Data Corruption:
('December 5, 2004', 'WINNIPEG A CS', ' MANITOBA ', '\xa0', '\xa0', 'December 6, 2004')


2024-04-11 11:48:00,814 - prod_util - ERROR  - system_log - 
Error: time data '\xa0' does not match format '%B %d, %Y'
Function Name: _strptime
Data Corruption:
('\xa0', 'WINNIPEG A CS', ' MANITOBA ', '\xa0', 'December 6, 2004', '\xa0')


2024-04-11 11:48:00,815 - prod_util - ERROR  - system_log - 
Error: time data '\xa0' does not match format '%B %d, %Y'
Function Name: _strptime
Data Corruption:
('\xa0', 'WINNIPEG A CS', ' MANITOBA ', 'December 6, 2004', '\xa0', '\xa0')


2024-04-11 11:48:00,815 - prod_util - ERROR  - system_log - 
Error: could not convert string to float: '\xa0'
Function Name: _format_payload_for_insert
Data Corruption:
('December 6, 2004', 'WINNIPEG A CS', ' MANITOBA ', '\xa0', '\xa0', 'December 7, 2004')


2024-04-11 11:48:00,815 - prod_util - ERROR  - system_log - 
Error: time data '\xa0' does not match format '%B %d, %Y'
Function Name: _strptime
Data Corruption:
('\xa0', 'WINNIPEG A CS', ' MANITOBA ', '\xa0', 'December 7, 2004', '\xa0')


2024-04-11 11:48:00,816 - prod_util - ERROR  - system_log - 
Error: time data '\xa0' does not match format '%B %d, %Y'
Function Name: _strptime
Data Corruption:
('\xa0', 'WINNIPEG A CS', ' MANITOBA ', 'December 7, 2004', '\xa0', '\xa0')


2024-04-11 11:48:00,816 - prod_util - ERROR  - system_log - 
Error: could not convert string to float: '\xa0'
Function Name: _format_payload_for_insert
Data Corruption:
('December 7, 2004', 'WINNIPEG A CS', ' MANITOBA ', '\xa0', '\xa0', 'December 8, 2004')


2024-04-11 11:48:00,816 - prod_util - ERROR  - system_log - 
Error: time data '\xa0' does not match format '%B %d, %Y'
Function Name: _strptime
Data Corruption:
('\xa0', 'WINNIPEG A CS', ' MANITOBA ', '\xa0', 'December 8, 2004', '\xa0')


2024-04-11 11:48:00,817 - prod_util - ERROR  - system_log - 
Error: time data '\xa0' does not match format '%B %d, %Y'
Function Name: _strptime
Data Corruption:
('\xa0', 'WINNIPEG A CS', ' MANITOBA ', 'December 8, 2004', '\xa0', '\xa0')


2024-04-11 11:48:00,817 - prod_util - ERROR  - system_log - 
Error: could not convert string to float: '\xa0'
Function Name: _format_payload_for_insert
Data Corruption:
('December 8, 2004', 'WINNIPEG A CS', ' MANITOBA ', '\xa0', '\xa0', 'December 9, 2004')


2024-04-11 11:48:00,817 - prod_util - ERROR  - system_log - 
Error: time data '\xa0' does not match format '%B %d, %Y'
Function Name: _strptime
Data Corruption:
('\xa0', 'WINNIPEG A CS', ' MANITOBA ', '\xa0', 'December 9, 2004', '\xa0')


2024-04-11 11:48:00,817 - prod_util - ERROR  - system_log - 
Error: time data '\xa0' does not match format '%B %d, %Y'
Function Name: _strptime
Data Corruption:
('\xa0', 'WINNIPEG A CS', ' MANITOBA ', 'December 9, 2004', '\xa0', '\xa0')


2024-04-11 11:48:00,818 - prod_util - ERROR  - system_log - 
Error: could not convert string to float: '\xa0'
Function Name: _format_payload_for_insert
Data Corruption:
('December 9, 2004', 'WINNIPEG A CS', ' MANITOBA ', '\xa0', '\xa0', 'December 10, 2004')


2024-04-11 11:48:00,818 - prod_util - ERROR  - system_log - 
Error: time data '\xa0' does not match format '%B %d, %Y'
Function Name: _strptime
Data Corruption:
('\xa0', 'WINNIPEG A CS', ' MANITOBA ', '\xa0', 'December 10, 2004', '\xa0')


2024-04-11 11:48:00,818 - prod_util - ERROR  - system_log - 
Error: time data '\xa0' does not match format '%B %d, %Y'
Function Name: _strptime
Data Corruption:
('\xa0', 'WINNIPEG A CS', ' MANITOBA ', 'December 10, 2004', '\xa0', '\xa0')


2024-04-11 11:48:00,818 - prod_util - ERROR  - system_log - 
Error: could not convert string to float: '\xa0'
Function Name: _format_payload_for_insert
Data Corruption:
('December 10, 2004', 'WINNIPEG A CS', ' MANITOBA ', '\xa0', '\xa0', 'December 11, 2004')


2024-04-11 11:48:00,819 - prod_util - ERROR  - system_log - 
Error: time data '\xa0' does not match format '%B %d, %Y'
Function Name: _strptime
Data Corruption:
('\xa0', 'WINNIPEG A CS', ' MANITOBA ', '\xa0', 'December 11, 2004', '\xa0')


2024-04-11 11:48:00,819 - prod_util - ERROR  - system_log - 
Error: time data '\xa0' does not match format '%B %d, %Y'
Function Name: _strptime
Data Corruption:
('\xa0', 'WINNIPEG A CS', ' MANITOBA ', 'December 11, 2004', '\xa0', '\xa0')


2024-04-11 11:48:00,819 - prod_util - ERROR  - system_log - 
Error: could not convert string to float: '\xa0'
Function Name: _format_payload_for_insert
Data Corruption:
('December 11, 2004', 'WINNIPEG A CS', ' MANITOBA ', '\xa0', '\xa0', 'December 12, 2004')


2024-04-11 11:48:00,820 - prod_util - ERROR  - system_log - 
Error: time data '\xa0' does not match format '%B %d, %Y'
Function Name: _strptime
Data Corruption:
('\xa0', 'WINNIPEG A CS', ' MANITOBA ', '\xa0', 'December 12, 2004', '\xa0')


2024-04-11 11:48:00,820 - prod_util - ERROR  - system_log - 
Error: time data '\xa0' does not match format '%B %d, %Y'
Function Name: _strptime
Data Corruption:
('\xa0', 'WINNIPEG A CS', ' MANITOBA ', 'December 12, 2004', '\xa0', '\xa0')


2024-04-11 11:48:00,820 - prod_util - ERROR  - system_log - 
Error: could not convert string to float: '\xa0'
Function Name: _format_payload_for_insert
Data Corruption:
('December 12, 2004', 'WINNIPEG A CS', ' MANITOBA ', '\xa0', '\xa0', 'December 13, 2004')


2024-04-11 11:48:00,820 - prod_util - ERROR  - system_log - 
Error: time data '\xa0' does not match format '%B %d, %Y'
Function Name: _strptime
Data Corruption:
('\xa0', 'WINNIPEG A CS', ' MANITOBA ', '\xa0', 'December 13, 2004', '\xa0')


2024-04-11 11:48:00,821 - prod_util - ERROR  - system_log - 
Error: time data '\xa0' does not match format '%B %d, %Y'
Function Name: _strptime
Data Corruption:
('\xa0', 'WINNIPEG A CS', ' MANITOBA ', 'December 13, 2004', '\xa0', '\xa0')


2024-04-11 11:48:00,821 - prod_util - ERROR  - system_log - 
Error: could not convert string to float: '\xa0'
Function Name: _format_payload_for_insert
Data Corruption:
('December 13, 2004', 'WINNIPEG A CS', ' MANITOBA ', '\xa0', '\xa0', 'December 14, 2004')


2024-04-11 11:48:00,821 - prod_util - ERROR  - system_log - 
Error: time data '\xa0' does not match format '%B %d, %Y'
Function Name: _strptime
Data Corruption:
('\xa0', 'WINNIPEG A CS', ' MANITOBA ', '\xa0', 'December 14, 2004', '\xa0')


2024-04-11 11:48:00,822 - prod_util - ERROR  - system_log - 
Error: time data '\xa0' does not match format '%B %d, %Y'
Function Name: _strptime
Data Corruption:
('\xa0', 'WINNIPEG A CS', ' MANITOBA ', 'December 14, 2004', '\xa0', '\xa0')


2024-04-11 11:48:00,822 - prod_util - ERROR  - system_log - 
Error: could not convert string to float: '\xa0'
Function Name: _format_payload_for_insert
Data Corruption:
('December 14, 2004', 'WINNIPEG A CS', ' MANITOBA ', '\xa0', '\xa0', 'December 15, 2004')


2024-04-11 11:48:00,822 - prod_util - ERROR  - system_log - 
Error: time data '\xa0' does not match format '%B %d, %Y'
Function Name: _strptime
Data Corruption:
('\xa0', 'WINNIPEG A CS', ' MANITOBA ', '\xa0', 'December 15, 2004', '\xa0')


2024-04-11 11:48:00,822 - prod_util - ERROR  - system_log - 
Error: time data '\xa0' does not match format '%B %d, %Y'
Function Name: _strptime
Data Corruption:
('\xa0', 'WINNIPEG A CS', ' MANITOBA ', 'December 15, 2004', '\xa0', '\xa0')


2024-04-11 11:48:00,823 - prod_util - ERROR  - system_log - 
Error: could not convert string to float: '\xa0'
Function Name: _format_payload_for_insert
Data Corruption:
('December 15, 2004', 'WINNIPEG A CS', ' MANITOBA ', '\xa0', '\xa0', 'December 16, 2004')


2024-04-11 11:48:00,823 - prod_util - ERROR  - system_log - 
Error: time data '\xa0' does not match format '%B %d, %Y'
Function Name: _strptime
Data Corruption:
('\xa0', 'WINNIPEG A CS', ' MANITOBA ', '\xa0', 'December 16, 2004', '\xa0')


2024-04-11 11:48:00,823 - prod_util - ERROR  - system_log - 
Error: time data '\xa0' does not match format '%B %d, %Y'
Function Name: _strptime
Data Corruption:
('\xa0', 'WINNIPEG A CS', ' MANITOBA ', 'December 16, 2004', '\xa0', '\xa0')


2024-04-11 11:48:00,823 - prod_util - ERROR  - system_log - 
Error: could not convert string to float: '\xa0'
Function Name: _format_payload_for_insert
Data Corruption:
('December 16, 2004', 'WINNIPEG A CS', ' MANITOBA ', '\xa0', '\xa0', 'December 17, 2004')


2024-04-11 11:48:00,824 - prod_util - ERROR  - system_log - 
Error: time data '\xa0' does not match format '%B %d, %Y'
Function Name: _strptime
Data Corruption:
('\xa0', 'WINNIPEG A CS', ' MANITOBA ', '\xa0', 'December 17, 2004', '\xa0')


2024-04-11 11:48:00,824 - prod_util - ERROR  - system_log - 
Error: time data '\xa0' does not match format '%B %d, %Y'
Function Name: _strptime
Data Corruption:
('\xa0', 'WINNIPEG A CS', ' MANITOBA ', 'December 17, 2004', '\xa0', '\xa0')


2024-04-11 11:48:00,824 - prod_util - ERROR  - system_log - 
Error: could not convert string to float: '\xa0'
Function Name: _format_payload_for_insert
Data Corruption:
('December 17, 2004', 'WINNIPEG A CS', ' MANITOBA ', '\xa0', '\xa0', 'December 18, 2004')


2024-04-11 11:48:00,825 - prod_util - ERROR  - system_log - 
Error: time data '\xa0' does not match format '%B %d, %Y'
Function Name: _strptime
Data Corruption:
('\xa0', 'WINNIPEG A CS', ' MANITOBA ', '\xa0', 'December 18, 2004', '\xa0')


2024-04-11 11:48:00,825 - prod_util - ERROR  - system_log - 
Error: time data '\xa0' does not match format '%B %d, %Y'
Function Name: _strptime
Data Corruption:
('\xa0', 'WINNIPEG A CS', ' MANITOBA ', 'December 18, 2004', '\xa0', '\xa0')


2024-04-11 11:48:00,825 - prod_util - ERROR  - system_log - 
Error: could not convert string to float: '\xa0'
Function Name: _format_payload_for_insert
Data Corruption:
('December 18, 2004', 'WINNIPEG A CS', ' MANITOBA ', '\xa0', '\xa0', 'December 19, 2004')


2024-04-11 11:48:00,825 - prod_util - ERROR  - system_log - 
Error: time data '\xa0' does not match format '%B %d, %Y'
Function Name: _strptime
Data Corruption:
('\xa0', 'WINNIPEG A CS', ' MANITOBA ', '\xa0', 'December 19, 2004', '\xa0')


2024-04-11 11:48:00,826 - prod_util - ERROR  - system_log - 
Error: time data '\xa0' does not match format '%B %d, %Y'
Function Name: _strptime
Data Corruption:
('\xa0', 'WINNIPEG A CS', ' MANITOBA ', 'December 19, 2004', '\xa0', '\xa0')


2024-04-11 11:48:00,826 - prod_util - ERROR  - system_log - 
Error: could not convert string to float: '\xa0'
Function Name: _format_payload_for_insert
Data Corruption:
('December 19, 2004', 'WINNIPEG A CS', ' MANITOBA ', '\xa0', '\xa0', 'December 20, 2004')


2024-04-11 11:48:00,826 - prod_util - ERROR  - system_log - 
Error: time data '\xa0' does not match format '%B %d, %Y'
Function Name: _strptime
Data Corruption:
('\xa0', 'WINNIPEG A CS', ' MANITOBA ', '\xa0', 'December 20, 2004', '\xa0')


2024-04-11 11:48:00,826 - prod_util - ERROR  - system_log - 
Error: time data '\xa0' does not match format '%B %d, %Y'
Function Name: _strptime
Data Corruption:
('\xa0', 'WINNIPEG A CS', ' MANITOBA ', 'December 20, 2004', '\xa0', '\xa0')


2024-04-11 11:48:00,827 - prod_util - ERROR  - system_log - 
Error: could not convert string to float: '\xa0'
Function Name: _format_payload_for_insert
Data Corruption:
('December 20, 2004', 'WINNIPEG A CS', ' MANITOBA ', '\xa0', '\xa0', 'December 21, 2004')


2024-04-11 11:48:00,827 - prod_util - ERROR  - system_log - 
Error: time data '\xa0' does not match format '%B %d, %Y'
Function Name: _strptime
Data Corruption:
('\xa0', 'WINNIPEG A CS', ' MANITOBA ', '\xa0', 'December 21, 2004', '\xa0')


2024-04-11 11:48:00,827 - prod_util - ERROR  - system_log - 
Error: time data '\xa0' does not match format '%B %d, %Y'
Function Name: _strptime
Data Corruption:
('\xa0', 'WINNIPEG A CS', ' MANITOBA ', 'December 21, 2004', '\xa0', '\xa0')


2024-04-11 11:48:00,828 - prod_util - ERROR  - system_log - 
Error: could not convert string to float: '\xa0'
Function Name: _format_payload_for_insert
Data Corruption:
('December 21, 2004', 'WINNIPEG A CS', ' MANITOBA ', '\xa0', '\xa0', 'December 22, 2004')


2024-04-11 11:48:00,828 - prod_util - ERROR  - system_log - 
Error: time data '\xa0' does not match format '%B %d, %Y'
Function Name: _strptime
Data Corruption:
('\xa0', 'WINNIPEG A CS', ' MANITOBA ', '\xa0', 'December 22, 2004', '\xa0')


2024-04-11 11:48:00,828 - prod_util - ERROR  - system_log - 
Error: time data '\xa0' does not match format '%B %d, %Y'
Function Name: _strptime
Data Corruption:
('\xa0', 'WINNIPEG A CS', ' MANITOBA ', 'December 22, 2004', '\xa0', '\xa0')


2024-04-11 11:48:00,829 - prod_util - ERROR  - system_log - 
Error: could not convert string to float: '\xa0'
Function Name: _format_payload_for_insert
Data Corruption:
('December 22, 2004', 'WINNIPEG A CS', ' MANITOBA ', '\xa0', '\xa0', 'December 23, 2004')


2024-04-11 11:48:00,829 - prod_util - ERROR  - system_log - 
Error: time data '\xa0' does not match format '%B %d, %Y'
Function Name: _strptime
Data Corruption:
('\xa0', 'WINNIPEG A CS', ' MANITOBA ', '\xa0', 'December 23, 2004', '\xa0')


2024-04-11 11:48:00,829 - prod_util - ERROR  - system_log - 
Error: time data '\xa0' does not match format '%B %d, %Y'
Function Name: _strptime
Data Corruption:
('\xa0', 'WINNIPEG A CS', ' MANITOBA ', 'December 23, 2004', '\xa0', '\xa0')


2024-04-11 11:48:00,829 - prod_util - ERROR  - system_log - 
Error: could not convert string to float: '\xa0'
Function Name: _format_payload_for_insert
Data Corruption:
('December 23, 2004', 'WINNIPEG A CS', ' MANITOBA ', '\xa0', '\xa0', 'December 24, 2004')


2024-04-11 11:48:00,830 - prod_util - ERROR  - system_log - 
Error: time data '\xa0' does not match format '%B %d, %Y'
Function Name: _strptime
Data Corruption:
('\xa0', 'WINNIPEG A CS', ' MANITOBA ', '\xa0', 'December 24, 2004', '\xa0')


2024-04-11 11:48:00,830 - prod_util - ERROR  - system_log - 
Error: time data '\xa0' does not match format '%B %d, %Y'
Function Name: _strptime
Data Corruption:
('\xa0', 'WINNIPEG A CS', ' MANITOBA ', 'December 24, 2004', '\xa0', '\xa0')


2024-04-11 11:48:00,830 - prod_util - ERROR  - system_log - 
Error: could not convert string to float: '\xa0'
Function Name: _format_payload_for_insert
Data Corruption:
('December 24, 2004', 'WINNIPEG A CS', ' MANITOBA ', '\xa0', '\xa0', 'December 25, 2004')


2024-04-11 11:48:00,831 - prod_util - ERROR  - system_log - 
Error: time data '\xa0' does not match format '%B %d, %Y'
Function Name: _strptime
Data Corruption:
('\xa0', 'WINNIPEG A CS', ' MANITOBA ', '\xa0', 'December 25, 2004', '\xa0')


2024-04-11 11:48:00,831 - prod_util - ERROR  - system_log - 
Error: time data '\xa0' does not match format '%B %d, %Y'
Function Name: _strptime
Data Corruption:
('\xa0', 'WINNIPEG A CS', ' MANITOBA ', 'December 25, 2004', '\xa0', '\xa0')


2024-04-11 11:48:00,831 - prod_util - ERROR  - system_log - 
Error: could not convert string to float: '\xa0'
Function Name: _format_payload_for_insert
Data Corruption:
('December 25, 2004', 'WINNIPEG A CS', ' MANITOBA ', '\xa0', '\xa0', 'December 26, 2004')


2024-04-11 11:48:00,832 - prod_util - ERROR  - system_log - 
Error: time data '\xa0' does not match format '%B %d, %Y'
Function Name: _strptime
Data Corruption:
('\xa0', 'WINNIPEG A CS', ' MANITOBA ', '\xa0', 'December 26, 2004', '\xa0')


2024-04-11 11:48:00,832 - prod_util - ERROR  - system_log - 
Error: time data '\xa0' does not match format '%B %d, %Y'
Function Name: _strptime
Data Corruption:
('\xa0', 'WINNIPEG A CS', ' MANITOBA ', 'December 26, 2004', '\xa0', '\xa0')


2024-04-11 11:48:00,832 - prod_util - ERROR  - system_log - 
Error: could not convert string to float: '\xa0'
Function Name: _format_payload_for_insert
Data Corruption:
('December 26, 2004', 'WINNIPEG A CS', ' MANITOBA ', '\xa0', '\xa0', 'December 27, 2004')


2024-04-11 11:48:00,833 - prod_util - ERROR  - system_log - 
Error: time data '\xa0' does not match format '%B %d, %Y'
Function Name: _strptime
Data Corruption:
('\xa0', 'WINNIPEG A CS', ' MANITOBA ', '\xa0', 'December 27, 2004', '\xa0')


2024-04-11 11:48:00,833 - prod_util - ERROR  - system_log - 
Error: time data '\xa0' does not match format '%B %d, %Y'
Function Name: _strptime
Data Corruption:
('\xa0', 'WINNIPEG A CS', ' MANITOBA ', 'December 27, 2004', '\xa0', '\xa0')


2024-04-11 11:48:00,833 - prod_util - ERROR  - system_log - 
Error: could not convert string to float: '\xa0'
Function Name: _format_payload_for_insert
Data Corruption:
('December 27, 2004', 'WINNIPEG A CS', ' MANITOBA ', '\xa0', '\xa0', 'December 28, 2004')


2024-04-11 11:48:00,833 - prod_util - ERROR  - system_log - 
Error: time data '\xa0' does not match format '%B %d, %Y'
Function Name: _strptime
Data Corruption:
('\xa0', 'WINNIPEG A CS', ' MANITOBA ', '\xa0', 'December 28, 2004', '\xa0')


2024-04-11 11:48:00,834 - prod_util - ERROR  - system_log - 
Error: time data '\xa0' does not match format '%B %d, %Y'
Function Name: _strptime
Data Corruption:
('\xa0', 'WINNIPEG A CS', ' MANITOBA ', 'December 28, 2004', '\xa0', '\xa0')


2024-04-11 11:48:00,834 - prod_util - ERROR  - system_log - 
Error: could not convert string to float: '\xa0'
Function Name: _format_payload_for_insert
Data Corruption:
('December 28, 2004', 'WINNIPEG A CS', ' MANITOBA ', '\xa0', '\xa0', 'December 29, 2004')


2024-04-11 11:48:00,834 - prod_util - ERROR  - system_log - 
Error: time data '\xa0' does not match format '%B %d, %Y'
Function Name: _strptime
Data Corruption:
('\xa0', 'WINNIPEG A CS', ' MANITOBA ', '\xa0', 'December 29, 2004', '\xa0')


2024-04-11 11:48:00,835 - prod_util - ERROR  - system_log - 
Error: time data '\xa0' does not match format '%B %d, %Y'
Function Name: _strptime
Data Corruption:
('\xa0', 'WINNIPEG A CS', ' MANITOBA ', 'December 29, 2004', '\xa0', '\xa0')


2024-04-11 11:48:00,835 - prod_util - ERROR  - system_log - 
Error: could not convert string to float: '\xa0'
Function Name: _format_payload_for_insert
Data Corruption:
('December 29, 2004', 'WINNIPEG A CS', ' MANITOBA ', '\xa0', '\xa0', 'December 30, 2004')


2024-04-11 11:48:00,835 - prod_util - ERROR  - system_log - 
Error: time data '\xa0' does not match format '%B %d, %Y'
Function Name: _strptime
Data Corruption:
('\xa0', 'WINNIPEG A CS', ' MANITOBA ', '\xa0', 'December 30, 2004', '\xa0')


2024-04-11 11:48:00,836 - prod_util - ERROR  - system_log - 
Error: time data '\xa0' does not match format '%B %d, %Y'
Function Name: _strptime
Data Corruption:
('\xa0', 'WINNIPEG A CS', ' MANITOBA ', 'December 30, 2004', '\xa0', '\xa0')


2024-04-11 11:48:00,836 - prod_util - ERROR  - system_log - 
Error: could not convert string to float: '\xa0'
Function Name: _format_payload_for_insert
Data Corruption:
('December 30, 2004', 'WINNIPEG A CS', ' MANITOBA ', '\xa0', '\xa0', 'December 31, 2004')


2024-04-11 11:48:00,836 - prod_util - ERROR  - system_log - 
Error: time data '\xa0' does not match format '%B %d, %Y'
Function Name: _strptime
Data Corruption:
('\xa0', 'WINNIPEG A CS', ' MANITOBA ', '\xa0', 'December 31, 2004', '\xa0')


2024-04-11 11:48:00,836 - prod_util - ERROR  - system_log - 
Error: time data '\xa0' does not match format '%B %d, %Y'
Function Name: _strptime
Data Corruption:
('\xa0', 'WINNIPEG A CS', ' MANITOBA ', 'December 31, 2004', '\xa0', '\xa0')


2024-04-11 11:48:00,838 - prod_util - ERROR  - system_log - 
Error: could not convert string to float: 'October 2, 2004'
Function Name: _format_payload_for_insert
Data Corruption:
('\xa0', 'WINNIPEG A CS', ' MANITOBA ', '\xa0', '\xa0', 'October 1, 2004')


2024-04-11 11:48:00,839 - prod_util - ERROR  - system_log - 
Error: could not convert string to float: 'October 3, 2004'
Function Name: _format_payload_for_insert
Data Corruption:
('\xa0', 'WINNIPEG A CS', ' MANITOBA ', '\xa0', 'October 1, 2004', 'October 2, 2004')


2024-04-11 11:48:00,839 - prod_util - ERROR  - system_log - 
Error: could not convert string to float: 'October 4, 2004'
Function Name: _format_payload_for_insert
Data Corruption:
('\xa0', 'WINNIPEG A CS', ' MANITOBA ', 'October 1, 2004', 'October 2, 2004', 'October 3, 2004')


2024-04-11 11:48:00,839 - prod_util - ERROR  - system_log - 
Error: could not convert string to float: 'October 5, 2004'
Function Name: _format_payload_for_insert
Data Corruption:
('October 1, 2004', 'WINNIPEG A CS', ' MANITOBA ', 'October 2, 2004', 'October 3, 2004', 'October 4, 2004')


2024-04-11 11:48:00,839 - prod_util - ERROR  - system_log - 
Error: could not convert string to float: 'October 6, 2004'
Function Name: _format_payload_for_insert
Data Corruption:
('October 2, 2004', 'WINNIPEG A CS', ' MANITOBA ', 'October 3, 2004', 'October 4, 2004', 'October 5, 2004')


2024-04-11 11:48:00,840 - prod_util - ERROR  - system_log - 
Error: could not convert string to float: 'October 7, 2004'
Function Name: _format_payload_for_insert
Data Corruption:
('October 3, 2004', 'WINNIPEG A CS', ' MANITOBA ', 'October 4, 2004', 'October 5, 2004', 'October 6, 2004')


2024-04-11 11:48:00,840 - prod_util - ERROR  - system_log - 
Error: could not convert string to float: 'October 8, 2004'
Function Name: _format_payload_for_insert
Data Corruption:
('October 4, 2004', 'WINNIPEG A CS', ' MANITOBA ', 'October 5, 2004', 'October 6, 2004', 'October 7, 2004')


2024-04-11 11:48:00,840 - prod_util - ERROR  - system_log - 
Error: could not convert string to float: 'October 9, 2004'
Function Name: _format_payload_for_insert
Data Corruption:
('October 5, 2004', 'WINNIPEG A CS', ' MANITOBA ', 'October 6, 2004', 'October 7, 2004', 'October 8, 2004')


2024-04-11 11:48:00,840 - prod_util - ERROR  - system_log - 
Error: could not convert string to float: 'October 10, 2004'
Function Name: _format_payload_for_insert
Data Corruption:
('October 6, 2004', 'WINNIPEG A CS', ' MANITOBA ', 'October 7, 2004', 'October 8, 2004', 'October 9, 2004')


2024-04-11 11:48:00,840 - prod_util - ERROR  - system_log - 
Error: could not convert string to float: 'October 11, 2004'
Function Name: _format_payload_for_insert
Data Corruption:
('October 7, 2004', 'WINNIPEG A CS', ' MANITOBA ', 'October 8, 2004', 'October 9, 2004', 'October 10, 2004')


2024-04-11 11:48:00,841 - prod_util - ERROR  - system_log - 
Error: could not convert string to float: 'October 12, 2004'
Function Name: _format_payload_for_insert
Data Corruption:
('October 8, 2004', 'WINNIPEG A CS', ' MANITOBA ', 'October 9, 2004', 'October 10, 2004', 'October 11, 2004')


2024-04-11 11:48:00,841 - prod_util - ERROR  - system_log - 
Error: could not convert string to float: 'October 13, 2004'
Function Name: _format_payload_for_insert
Data Corruption:
('October 9, 2004', 'WINNIPEG A CS', ' MANITOBA ', 'October 10, 2004', 'October 11, 2004', 'October 12, 2004')


2024-04-11 11:48:00,841 - prod_util - ERROR  - system_log - 
Error: could not convert string to float: 'October 14, 2004'
Function Name: _format_payload_for_insert
Data Corruption:
('October 10, 2004', 'WINNIPEG A CS', ' MANITOBA ', 'October 11, 2004', 'October 12, 2004', 'October 13, 2004')


2024-04-11 11:48:00,841 - prod_util - ERROR  - system_log - 
Error: could not convert string to float: '\xa0'
Function Name: _format_payload_for_insert
Data Corruption:
('October 11, 2004', 'WINNIPEG A CS', ' MANITOBA ', 'October 12, 2004', 'October 13, 2004', 'October 14, 2004')


2024-04-11 11:48:00,841 - prod_util - ERROR  - system_log - 
Error: time data '\xa0' does not match format '%B %d, %Y'
Function Name: _strptime
Data Corruption:
('October 12, 2004', 'WINNIPEG A CS', ' MANITOBA ', 'October 13, 2004', 'October 14, 2004', '\xa0')


2024-04-11 11:48:00,842 - prod_util - ERROR  - system_log - 
Error: time data '\xa0' does not match format '%B %d, %Y'
Function Name: _strptime
Data Corruption:
('October 13, 2004', 'WINNIPEG A CS', ' MANITOBA ', 'October 14, 2004', '\xa0', '\xa0')


2024-04-11 11:48:00,842 - prod_util - ERROR  - system_log - 
Error: time data '\xa0' does not match format '%B %d, %Y'
Function Name: _strptime
Data Corruption:
('October 14, 2004', 'WINNIPEG A CS', ' MANITOBA ', '\xa0', '\xa0', '\xa0')


2024-04-11 11:48:00,842 - prod_util - ERROR  - system_log - 
Error: time data '\xa0' does not match format '%B %d, %Y'
Function Name: _strptime
Data Corruption:
('\xa0', 'WINNIPEG A CS', ' MANITOBA ', '\xa0', '\xa0', '\xa0')


2024-04-11 11:48:00,843 - prod_util - ERROR  - system_log - 
Error: time data '\xa0' does not match format '%B %d, %Y'
Function Name: _strptime
Data Corruption:
('\xa0', 'WINNIPEG A CS', ' MANITOBA ', '\xa0', '\xa0', '\xa0')


2024-04-11 11:48:00,843 - prod_util - ERROR  - system_log - 
Error: time data '\xa0' does not match format '%B %d, %Y'
Function Name: _strptime
Data Corruption:
('\xa0', 'WINNIPEG A CS', ' MANITOBA ', '\xa0', '\xa0', '\xa0')


2024-04-11 11:48:00,843 - prod_util - ERROR  - system_log - 
Error: time data '\xa0' does not match format '%B %d, %Y'
Function Name: _strptime
Data Corruption:
('\xa0', 'WINNIPEG A CS', ' MANITOBA ', '\xa0', '\xa0', '\xa0')


2024-04-11 11:48:00,844 - prod_util - ERROR  - system_log - 
Error: time data '\xa0' does not match format '%B %d, %Y'
Function Name: _strptime
Data Corruption:
('\xa0', 'WINNIPEG A CS', ' MANITOBA ', '\xa0', '\xa0', '\xa0')


2024-04-11 11:48:00,844 - prod_util - ERROR  - system_log - 
Error: time data '\xa0' does not match format '%B %d, %Y'
Function Name: _strptime
Data Corruption:
('\xa0', 'WINNIPEG A CS', ' MANITOBA ', '\xa0', '\xa0', '\xa0')


2024-04-11 11:48:00,844 - prod_util - ERROR  - system_log - 
Error: time data '\xa0' does not match format '%B %d, %Y'
Function Name: _strptime
Data Corruption:
('\xa0', 'WINNIPEG A CS', ' MANITOBA ', '\xa0', '\xa0', '\xa0')


2024-04-11 11:48:00,845 - prod_util - ERROR  - system_log - 
Error: time data '\xa0' does not match format '%B %d, %Y'
Function Name: _strptime
Data Corruption:
('\xa0', 'WINNIPEG A CS', ' MANITOBA ', '\xa0', '\xa0', '\xa0')


2024-04-11 11:48:00,845 - prod_util - ERROR  - system_log - 
Error: time data '\xa0' does not match format '%B %d, %Y'
Function Name: _strptime
Data Corruption:
('\xa0', 'WINNIPEG A CS', ' MANITOBA ', '\xa0', '\xa0', '\xa0')


2024-04-11 11:48:00,846 - prod_util - ERROR  - system_log - 
Error: time data '\xa0' does not match format '%B %d, %Y'
Function Name: _strptime
Data Corruption:
('\xa0', 'WINNIPEG A CS', ' MANITOBA ', '\xa0', '\xa0', '\xa0')


2024-04-11 11:48:00,846 - prod_util - ERROR  - system_log - 
Error: time data '\xa0' does not match format '%B %d, %Y'
Function Name: _strptime
Data Corruption:
('\xa0', 'WINNIPEG A CS', ' MANITOBA ', '\xa0', '\xa0', '\xa0')


2024-04-11 11:48:00,846 - prod_util - ERROR  - system_log - 
Error: time data '\xa0' does not match format '%B %d, %Y'
Function Name: _strptime
Data Corruption:
('\xa0', 'WINNIPEG A CS', ' MANITOBA ', '\xa0', '\xa0', '\xa0')


2024-04-11 11:48:00,846 - prod_util - ERROR  - system_log - 
Error: time data '\xa0' does not match format '%B %d, %Y'
Function Name: _strptime
Data Corruption:
('\xa0', 'WINNIPEG A CS', ' MANITOBA ', '\xa0', '\xa0', '\xa0')


2024-04-11 11:48:00,847 - prod_util - ERROR  - system_log - 
Error: time data '\xa0' does not match format '%B %d, %Y'
Function Name: _strptime
Data Corruption:
('\xa0', 'WINNIPEG A CS', ' MANITOBA ', '\xa0', '\xa0', '\xa0')


2024-04-11 11:48:00,847 - prod_util - ERROR  - system_log - 
Error: time data '\xa0' does not match format '%B %d, %Y'
Function Name: _strptime
Data Corruption:
('\xa0', 'WINNIPEG A CS', ' MANITOBA ', '\xa0', '\xa0', '\xa0')


2024-04-11 11:48:00,847 - prod_util - ERROR  - system_log - 
Error: time data '\xa0' does not match format '%B %d, %Y'
Function Name: _strptime
Data Corruption:
('\xa0', 'WINNIPEG A CS', ' MANITOBA ', '\xa0', '\xa0', '\xa0')


2024-04-11 11:48:00,848 - prod_util - ERROR  - system_log - 
Error: time data '\xa0' does not match format '%B %d, %Y'
Function Name: _strptime
Data Corruption:
('\xa0', 'WINNIPEG A CS', ' MANITOBA ', '\xa0', '\xa0', '\xa0')


2024-04-11 11:48:00,848 - prod_util - ERROR  - system_log - 
Error: time data '\xa0' does not match format '%B %d, %Y'
Function Name: _strptime
Data Corruption:
('\xa0', 'WINNIPEG A CS', ' MANITOBA ', '\xa0', '\xa0', '\xa0')


2024-04-11 11:48:00,848 - prod_util - ERROR  - system_log - 
Error: time data '\xa0' does not match format '%B %d, %Y'
Function Name: _strptime
Data Corruption:
('\xa0', 'WINNIPEG A CS', ' MANITOBA ', '\xa0', '\xa0', '\xa0')


2024-04-11 11:48:00,849 - prod_util - ERROR  - system_log - 
Error: time data '\xa0' does not match format '%B %d, %Y'
Function Name: _strptime
Data Corruption:
('\xa0', 'WINNIPEG A CS', ' MANITOBA ', '\xa0', '\xa0', '\xa0')


2024-04-11 11:48:00,849 - prod_util - ERROR  - system_log - 
Error: time data '\xa0' does not match format '%B %d, %Y'
Function Name: _strptime
Data Corruption:
('\xa0', 'WINNIPEG A CS', ' MANITOBA ', '\xa0', '\xa0', '\xa0')


2024-04-11 11:48:00,849 - prod_util - ERROR  - system_log - 
Error: time data '\xa0' does not match format '%B %d, %Y'
Function Name: _strptime
Data Corruption:
('\xa0', 'WINNIPEG A CS', ' MANITOBA ', '\xa0', '\xa0', '\xa0')


2024-04-11 11:48:00,850 - prod_util - ERROR  - system_log - 
Error: time data '\xa0' does not match format '%B %d, %Y'
Function Name: _strptime
Data Corruption:
('\xa0', 'WINNIPEG A CS', ' MANITOBA ', '\xa0', '\xa0', '\xa0')


2024-04-11 11:48:00,850 - prod_util - ERROR  - system_log - 
Error: time data '\xa0' does not match format '%B %d, %Y'
Function Name: _strptime
Data Corruption:
('\xa0', 'WINNIPEG A CS', ' MANITOBA ', '\xa0', '\xa0', '\xa0')


2024-04-11 11:48:00,850 - prod_util - ERROR  - system_log - 
Error: time data '\xa0' does not match format '%B %d, %Y'
Function Name: _strptime
Data Corruption:
('\xa0', 'WINNIPEG A CS', ' MANITOBA ', '\xa0', '\xa0', '\xa0')


2024-04-11 11:48:00,851 - prod_util - ERROR  - system_log - 
Error: time data '\xa0' does not match format '%B %d, %Y'
Function Name: _strptime
Data Corruption:
('\xa0', 'WINNIPEG A CS', ' MANITOBA ', '\xa0', '\xa0', '\xa0')


2024-04-11 11:48:00,851 - prod_util - ERROR  - system_log - 
Error: time data '\xa0' does not match format '%B %d, %Y'
Function Name: _strptime
Data Corruption:
('\xa0', 'WINNIPEG A CS', ' MANITOBA ', '\xa0', '\xa0', '\xa0')


2024-04-11 11:48:00,851 - prod_util - ERROR  - system_log - 
Error: time data '\xa0' does not match format '%B %d, %Y'
Function Name: _strptime
Data Corruption:
('\xa0', 'WINNIPEG A CS', ' MANITOBA ', '\xa0', '\xa0', '\xa0')


2024-04-11 11:48:00,851 - prod_util - ERROR  - system_log - 
Error: time data '\xa0' does not match format '%B %d, %Y'
Function Name: _strptime
Data Corruption:
('\xa0', 'WINNIPEG A CS', ' MANITOBA ', '\xa0', '\xa0', '\xa0')


2024-04-11 11:48:00,852 - prod_util - ERROR  - system_log - 
Error: time data '\xa0' does not match format '%B %d, %Y'
Function Name: _strptime
Data Corruption:
('\xa0', 'WINNIPEG A CS', ' MANITOBA ', '\xa0', '\xa0', '\xa0')


2024-04-11 11:48:00,852 - prod_util - ERROR  - system_log - 
Error: time data '\xa0' does not match format '%B %d, %Y'
Function Name: _strptime
Data Corruption:
('\xa0', 'WINNIPEG A CS', ' MANITOBA ', '\xa0', '\xa0', '\xa0')


2024-04-11 11:48:00,852 - prod_util - ERROR  - system_log - 
Error: time data '\xa0' does not match format '%B %d, %Y'
Function Name: _strptime
Data Corruption:
('\xa0', 'WINNIPEG A CS', ' MANITOBA ', '\xa0', '\xa0', '\xa0')


2024-04-11 11:48:00,853 - prod_util - ERROR  - system_log - 
Error: time data '\xa0' does not match format '%B %d, %Y'
Function Name: _strptime
Data Corruption:
('\xa0', 'WINNIPEG A CS', ' MANITOBA ', '\xa0', '\xa0', '\xa0')


2024-04-11 11:48:00,853 - prod_util - ERROR  - system_log - 
Error: time data '\xa0' does not match format '%B %d, %Y'
Function Name: _strptime
Data Corruption:
('\xa0', 'WINNIPEG A CS', ' MANITOBA ', '\xa0', '\xa0', '\xa0')


2024-04-11 11:48:00,853 - prod_util - ERROR  - system_log - 
Error: time data '\xa0' does not match format '%B %d, %Y'
Function Name: _strptime
Data Corruption:
('\xa0', 'WINNIPEG A CS', ' MANITOBA ', '\xa0', '\xa0', '\xa0')


2024-04-11 11:48:00,854 - prod_util - ERROR  - system_log - 
Error: time data '\xa0' does not match format '%B %d, %Y'
Function Name: _strptime
Data Corruption:
('\xa0', 'WINNIPEG A CS', ' MANITOBA ', '\xa0', '\xa0', '\xa0')


2024-04-11 11:48:00,854 - prod_util - ERROR  - system_log - 
Error: time data '\xa0' does not match format '%B %d, %Y'
Function Name: _strptime
Data Corruption:
('\xa0', 'WINNIPEG A CS', ' MANITOBA ', '\xa0', '\xa0', '\xa0')


2024-04-11 11:48:00,854 - prod_util - ERROR  - system_log - 
Error: time data '\xa0' does not match format '%B %d, %Y'
Function Name: _strptime
Data Corruption:
('\xa0', 'WINNIPEG A CS', ' MANITOBA ', '\xa0', '\xa0', '\xa0')


2024-04-11 11:48:00,855 - prod_util - ERROR  - system_log - 
Error: time data '\xa0' does not match format '%B %d, %Y'
Function Name: _strptime
Data Corruption:
('\xa0', 'WINNIPEG A CS', ' MANITOBA ', '\xa0', '\xa0', '\xa0')


2024-04-11 11:48:00,855 - prod_util - ERROR  - system_log - 
Error: time data '\xa0' does not match format '%B %d, %Y'
Function Name: _strptime
Data Corruption:
('\xa0', 'WINNIPEG A CS', ' MANITOBA ', '\xa0', '\xa0', '\xa0')


2024-04-11 11:48:00,855 - prod_util - ERROR  - system_log - 
Error: time data '\xa0' does not match format '%B %d, %Y'
Function Name: _strptime
Data Corruption:
('\xa0', 'WINNIPEG A CS', ' MANITOBA ', '\xa0', '\xa0', '\xa0')


2024-04-11 11:48:00,855 - prod_util - ERROR  - system_log - 
Error: time data '\xa0' does not match format '%B %d, %Y'
Function Name: _strptime
Data Corruption:
('\xa0', 'WINNIPEG A CS', ' MANITOBA ', '\xa0', '\xa0', '\xa0')


2024-04-11 11:48:00,856 - prod_util - ERROR  - system_log - 
Error: time data '\xa0' does not match format '%B %d, %Y'
Function Name: _strptime
Data Corruption:
('\xa0', 'WINNIPEG A CS', ' MANITOBA ', '\xa0', '\xa0', '\xa0')


2024-04-11 11:48:00,856 - prod_util - ERROR  - system_log - 
Error: time data '\xa0' does not match format '%B %d, %Y'
Function Name: _strptime
Data Corruption:
('\xa0', 'WINNIPEG A CS', ' MANITOBA ', '\xa0', '\xa0', '\xa0')


2024-04-11 11:48:00,856 - prod_util - ERROR  - system_log - 
Error: time data '\xa0' does not match format '%B %d, %Y'
Function Name: _strptime
Data Corruption:
('\xa0', 'WINNIPEG A CS', ' MANITOBA ', '\xa0', '\xa0', '\xa0')


2024-04-11 11:48:00,857 - prod_util - ERROR  - system_log - 
Error: time data '\xa0' does not match format '%B %d, %Y'
Function Name: _strptime
Data Corruption:
('\xa0', 'WINNIPEG A CS', ' MANITOBA ', '\xa0', '\xa0', '\xa0')


2024-04-11 11:48:00,857 - prod_util - ERROR  - system_log - 
Error: time data '\xa0' does not match format '%B %d, %Y'
Function Name: _strptime
Data Corruption:
('\xa0', 'WINNIPEG A CS', ' MANITOBA ', '\xa0', '\xa0', '\xa0')


2024-04-11 11:48:00,857 - prod_util - ERROR  - system_log - 
Error: time data '\xa0' does not match format '%B %d, %Y'
Function Name: _strptime
Data Corruption:
('\xa0', 'WINNIPEG A CS', ' MANITOBA ', '\xa0', '\xa0', '\xa0')


2024-04-11 11:48:00,859 - prod_util - ERROR  - system_log - 
Error: could not convert string to float: 'August 2, 2004'
Function Name: _format_payload_for_insert
Data Corruption:
('August 29, 2004', 'WINNIPEG A CS', ' MANITOBA ', 'August 30, 2004', 'August 31, 2004', 'August 1, 2004')


2024-04-11 11:48:00,860 - prod_util - ERROR  - system_log - 
Error: could not convert string to float: 'August 3, 2004'
Function Name: _format_payload_for_insert
Data Corruption:
('August 30, 2004', 'WINNIPEG A CS', ' MANITOBA ', 'August 31, 2004', 'August 1, 2004', 'August 2, 2004')


2024-04-11 11:48:00,860 - prod_util - ERROR  - system_log - 
Error: could not convert string to float: 'August 4, 2004'
Function Name: _format_payload_for_insert
Data Corruption:
('August 31, 2004', 'WINNIPEG A CS', ' MANITOBA ', 'August 1, 2004', 'August 2, 2004', 'August 3, 2004')


2024-04-11 11:48:00,860 - prod_util - ERROR  - system_log - 
Error: could not convert string to float: 'August 5, 2004'
Function Name: _format_payload_for_insert
Data Corruption:
('August 1, 2004', 'WINNIPEG A CS', ' MANITOBA ', 'August 2, 2004', 'August 3, 2004', 'August 4, 2004')


2024-04-11 11:48:00,860 - prod_util - ERROR  - system_log - 
Error: could not convert string to float: 'August 6, 2004'
Function Name: _format_payload_for_insert
Data Corruption:
('August 2, 2004', 'WINNIPEG A CS', ' MANITOBA ', 'August 3, 2004', 'August 4, 2004', 'August 5, 2004')


2024-04-11 11:48:00,861 - prod_util - ERROR  - system_log - 
Error: could not convert string to float: 'August 7, 2004'
Function Name: _format_payload_for_insert
Data Corruption:
('August 3, 2004', 'WINNIPEG A CS', ' MANITOBA ', 'August 4, 2004', 'August 5, 2004', 'August 6, 2004')


2024-04-11 11:48:00,861 - prod_util - ERROR  - system_log - 
Error: could not convert string to float: 'August 8, 2004'
Function Name: _format_payload_for_insert
Data Corruption:
('August 4, 2004', 'WINNIPEG A CS', ' MANITOBA ', 'August 5, 2004', 'August 6, 2004', 'August 7, 2004')


2024-04-11 11:48:00,861 - prod_util - ERROR  - system_log - 
Error: could not convert string to float: 'August 9, 2004'
Function Name: _format_payload_for_insert
Data Corruption:
('August 5, 2004', 'WINNIPEG A CS', ' MANITOBA ', 'August 6, 2004', 'August 7, 2004', 'August 8, 2004')


2024-04-11 11:48:00,862 - prod_util - ERROR  - system_log - 
Error: could not convert string to float: 'August 10, 2004'
Function Name: _format_payload_for_insert
Data Corruption:
('August 6, 2004', 'WINNIPEG A CS', ' MANITOBA ', 'August 7, 2004', 'August 8, 2004', 'August 9, 2004')


2024-04-11 11:48:00,862 - prod_util - ERROR  - system_log - 
Error: could not convert string to float: 'August 11, 2004'
Function Name: _format_payload_for_insert
Data Corruption:
('August 7, 2004', 'WINNIPEG A CS', ' MANITOBA ', 'August 8, 2004', 'August 9, 2004', 'August 10, 2004')


2024-04-11 11:48:00,862 - prod_util - ERROR  - system_log - 
Error: could not convert string to float: 'August 12, 2004'
Function Name: _format_payload_for_insert
Data Corruption:
('August 8, 2004', 'WINNIPEG A CS', ' MANITOBA ', 'August 9, 2004', 'August 10, 2004', 'August 11, 2004')


2024-04-11 11:48:00,862 - prod_util - ERROR  - system_log - 
Error: could not convert string to float: 'August 13, 2004'
Function Name: _format_payload_for_insert
Data Corruption:
('August 9, 2004', 'WINNIPEG A CS', ' MANITOBA ', 'August 10, 2004', 'August 11, 2004', 'August 12, 2004')


2024-04-11 11:48:00,862 - prod_util - ERROR  - system_log - 
Error: could not convert string to float: 'August 14, 2004'
Function Name: _format_payload_for_insert
Data Corruption:
('August 10, 2004', 'WINNIPEG A CS', ' MANITOBA ', 'August 11, 2004', 'August 12, 2004', 'August 13, 2004')


2024-04-11 11:48:00,863 - prod_util - ERROR  - system_log - 
Error: could not convert string to float: 'August 15, 2004'
Function Name: _format_payload_for_insert
Data Corruption:
('August 11, 2004', 'WINNIPEG A CS', ' MANITOBA ', 'August 12, 2004', 'August 13, 2004', 'August 14, 2004')


2024-04-11 11:48:00,863 - prod_util - ERROR  - system_log - 
Error: could not convert string to float: 'August 16, 2004'
Function Name: _format_payload_for_insert
Data Corruption:
('August 12, 2004', 'WINNIPEG A CS', ' MANITOBA ', 'August 13, 2004', 'August 14, 2004', 'August 15, 2004')


2024-04-11 11:48:00,863 - prod_util - ERROR  - system_log - 
Error: could not convert string to float: 'August 17, 2004'
Function Name: _format_payload_for_insert
Data Corruption:
('August 13, 2004', 'WINNIPEG A CS', ' MANITOBA ', 'August 14, 2004', 'August 15, 2004', 'August 16, 2004')


2024-04-11 11:48:00,863 - prod_util - ERROR  - system_log - 
Error: could not convert string to float: 'August 18, 2004'
Function Name: _format_payload_for_insert
Data Corruption:
('August 14, 2004', 'WINNIPEG A CS', ' MANITOBA ', 'August 15, 2004', 'August 16, 2004', 'August 17, 2004')


2024-04-11 11:48:00,864 - prod_util - ERROR  - system_log - 
Error: could not convert string to float: 'August 19, 2004'
Function Name: _format_payload_for_insert
Data Corruption:
('August 15, 2004', 'WINNIPEG A CS', ' MANITOBA ', 'August 16, 2004', 'August 17, 2004', 'August 18, 2004')


2024-04-11 11:48:00,864 - prod_util - ERROR  - system_log - 
Error: could not convert string to float: 'August 20, 2004'
Function Name: _format_payload_for_insert
Data Corruption:
('August 16, 2004', 'WINNIPEG A CS', ' MANITOBA ', 'August 17, 2004', 'August 18, 2004', 'August 19, 2004')


2024-04-11 11:48:00,864 - prod_util - ERROR  - system_log - 
Error: could not convert string to float: 'August 21, 2004'
Function Name: _format_payload_for_insert
Data Corruption:
('August 17, 2004', 'WINNIPEG A CS', ' MANITOBA ', 'August 18, 2004', 'August 19, 2004', 'August 20, 2004')


2024-04-11 11:48:00,864 - prod_util - ERROR  - system_log - 
Error: could not convert string to float: 'August 22, 2004'
Function Name: _format_payload_for_insert
Data Corruption:
('August 18, 2004', 'WINNIPEG A CS', ' MANITOBA ', 'August 19, 2004', 'August 20, 2004', 'August 21, 2004')


2024-04-11 11:48:00,864 - prod_util - ERROR  - system_log - 
Error: could not convert string to float: 'August 23, 2004'
Function Name: _format_payload_for_insert
Data Corruption:
('August 19, 2004', 'WINNIPEG A CS', ' MANITOBA ', 'August 20, 2004', 'August 21, 2004', 'August 22, 2004')


2024-04-11 11:48:00,865 - prod_util - ERROR  - system_log - 
Error: could not convert string to float: 'August 24, 2004'
Function Name: _format_payload_for_insert
Data Corruption:
('August 20, 2004', 'WINNIPEG A CS', ' MANITOBA ', 'August 21, 2004', 'August 22, 2004', 'August 23, 2004')


2024-04-11 11:48:00,865 - prod_util - ERROR  - system_log - 
Error: could not convert string to float: 'August 25, 2004'
Function Name: _format_payload_for_insert
Data Corruption:
('August 21, 2004', 'WINNIPEG A CS', ' MANITOBA ', 'August 22, 2004', 'August 23, 2004', 'August 24, 2004')


2024-04-11 11:48:00,865 - prod_util - ERROR  - system_log - 
Error: could not convert string to float: 'August 26, 2004'
Function Name: _format_payload_for_insert
Data Corruption:
('August 22, 2004', 'WINNIPEG A CS', ' MANITOBA ', 'August 23, 2004', 'August 24, 2004', 'August 25, 2004')


2024-04-11 11:48:00,865 - prod_util - ERROR  - system_log - 
Error: could not convert string to float: 'August 27, 2004'
Function Name: _format_payload_for_insert
Data Corruption:
('August 23, 2004', 'WINNIPEG A CS', ' MANITOBA ', 'August 24, 2004', 'August 25, 2004', 'August 26, 2004')


2024-04-11 11:48:00,866 - prod_util - ERROR  - system_log - 
Error: could not convert string to float: 'August 28, 2004'
Function Name: _format_payload_for_insert
Data Corruption:
('August 24, 2004', 'WINNIPEG A CS', ' MANITOBA ', 'August 25, 2004', 'August 26, 2004', 'August 27, 2004')


2024-04-11 11:48:00,866 - prod_util - ERROR  - system_log - 
Error: could not convert string to float: 'August 29, 2004'
Function Name: _format_payload_for_insert
Data Corruption:
('August 25, 2004', 'WINNIPEG A CS', ' MANITOBA ', 'August 26, 2004', 'August 27, 2004', 'August 28, 2004')


2024-04-11 11:48:00,866 - prod_util - ERROR  - system_log - 
Error: could not convert string to float: 'August 30, 2004'
Function Name: _format_payload_for_insert
Data Corruption:
('August 26, 2004', 'WINNIPEG A CS', ' MANITOBA ', 'August 27, 2004', 'August 28, 2004', 'August 29, 2004')


2024-04-11 11:48:00,866 - prod_util - ERROR  - system_log - 
Error: could not convert string to float: 'August 31, 2004'
Function Name: _format_payload_for_insert
Data Corruption:
('August 27, 2004', 'WINNIPEG A CS', ' MANITOBA ', 'August 28, 2004', 'August 29, 2004', 'August 30, 2004')


2024-04-11 11:48:00,866 - prod_util - ERROR  - system_log - 
Error: list index out of range
Function Name: _format_payload_for_insert
Data Corruption:
('August 28, 2004', 'WINNIPEG A CS', ' MANITOBA ', 'August 29, 2004', 'August 30, 2004', 'August 31, 2004')


2024-04-11 11:48:00,896 - urllib3.connectionpool - DEBUG  - _make_request - https://climate.weather.gc.ca:443 "GET /climate_data/daily_data_e.html?StationID=27174&timeframe=2&StartYear=1840&EndYear=2018&Year=1999&Month=8 HTTP/1.1" 200 8251
2024-04-11 11:48:00,902 - urllib3.connectionpool - DEBUG  - _new_conn - Starting new HTTPS connection (1): climate.weather.gc.ca:443
2024-04-11 11:48:01,098 - urllib3.connectionpool - DEBUG  - _make_request - https://climate.weather.gc.ca:443 "GET /climate_data/daily_data_e.html?StationID=27174&timeframe=2&StartYear=1840&EndYear=2018&Year=2000&Month=9 HTTP/1.1" 200 8230
2024-04-11 11:48:01,106 - urllib3.connectionpool - DEBUG  - _new_conn - Starting new HTTPS connection (1): climate.weather.gc.ca:443
2024-04-11 11:48:01,510 - urllib3.connectionpool - DEBUG  - _make_request - https://climate.weather.gc.ca:443 "GET /climate_data/daily_data_e.html?StationID=27174&timeframe=2&StartYear=1840&EndYear=2018&Year=1997&Month=9 HTTP/1.1" 200 8228
2024-04-11 11:48:01,513 - urllib3.connectionpool - DEBUG  - _make_request - https://climate.weather.gc.ca:443 "GET /climate_data/daily_data_e.html?StationID=27174&timeframe=2&StartYear=1840&EndYear=2018&Year=2002&Month=8 HTTP/1.1" 200 8277
2024-04-11 11:48:01,520 - urllib3.connectionpool - DEBUG  - _new_conn - Starting new HTTPS connection (1): climate.weather.gc.ca:443
2024-04-11 11:48:01,521 - urllib3.connectionpool - DEBUG  - _new_conn - Starting new HTTPS connection (1): climate.weather.gc.ca:443
2024-04-11 11:48:02,266 - urllib3.connectionpool - DEBUG  - _make_request - https://climate.weather.gc.ca:443 "GET /climate_data/daily_data_e.html?StationID=27174&timeframe=2&StartYear=1840&EndYear=2018&Year=2001&Month=7 HTTP/1.1" 200 8248
2024-04-11 11:48:02,273 - urllib3.connectionpool - DEBUG  - _new_conn - Starting new HTTPS connection (1): climate.weather.gc.ca:443
2024-04-11 11:48:02,433 - urllib3.connectionpool - DEBUG  - _make_request - https://climate.weather.gc.ca:443 "GET /climate_data/daily_data_e.html?StationID=27174&timeframe=2&StartYear=1840&EndYear=2018&Year=1998&Month=8 HTTP/1.1" 200 8281
2024-04-11 11:48:02,441 - urllib3.connectionpool - DEBUG  - _new_conn - Starting new HTTPS connection (1): climate.weather.gc.ca:443
2024-04-11 11:48:02,698 - urllib3.connectionpool - DEBUG  - _make_request - https://climate.weather.gc.ca:443 "GET /climate_data/daily_data_e.html?StationID=27174&timeframe=2&StartYear=1840&EndYear=2018&Year=2000&Month=8 HTTP/1.1" 200 8264
2024-04-11 11:48:02,704 - urllib3.connectionpool - DEBUG  - _new_conn - Starting new HTTPS connection (1): climate.weather.gc.ca:443
2024-04-11 11:48:02,934 - urllib3.connectionpool - DEBUG  - _make_request - https://climate.weather.gc.ca:443 "GET /climate_data/daily_data_e.html?StationID=27174&timeframe=2&StartYear=1840&EndYear=2018&Year=2001&Month=6 HTTP/1.1" 200 8242
2024-04-11 11:48:02,935 - urllib3.connectionpool - DEBUG  - _make_request - https://climate.weather.gc.ca:443 "GET /climate_data/daily_data_e.html?StationID=27174&timeframe=2&StartYear=1840&EndYear=2018&Year=2003&Month=7 HTTP/1.1" 200 8267
2024-04-11 11:48:02,945 - urllib3.connectionpool - DEBUG  - _new_conn - Starting new HTTPS connection (1): climate.weather.gc.ca:443
2024-04-11 11:48:02,947 - urllib3.connectionpool - DEBUG  - _new_conn - Starting new HTTPS connection (1): climate.weather.gc.ca:443
2024-04-11 11:48:03,562 - urllib3.connectionpool - DEBUG  - _make_request - https://climate.weather.gc.ca:443 "GET /climate_data/daily_data_e.html?StationID=27174&timeframe=2&StartYear=1840&EndYear=2018&Year=1999&Month=7 HTTP/1.1" 200 8262
2024-04-11 11:48:03,568 - urllib3.connectionpool - DEBUG  - _new_conn - Starting new HTTPS connection (1): climate.weather.gc.ca:443
2024-04-11 11:48:04,015 - urllib3.connectionpool - DEBUG  - _make_request - https://climate.weather.gc.ca:443 "GET /climate_data/daily_data_e.html?StationID=27174&timeframe=2&StartYear=1840&EndYear=2018&Year=1998&Month=7 HTTP/1.1" 200 8257
2024-04-11 11:48:04,021 - urllib3.connectionpool - DEBUG  - _new_conn - Starting new HTTPS connection (1): climate.weather.gc.ca:443
2024-04-11 11:48:04,145 - urllib3.connectionpool - DEBUG  - _make_request - https://climate.weather.gc.ca:443 "GET /climate_data/daily_data_e.html?StationID=27174&timeframe=2&StartYear=1840&EndYear=2018&Year=1997&Month=8 HTTP/1.1" 200 8263
2024-04-11 11:48:04,152 - urllib3.connectionpool - DEBUG  - _new_conn - Starting new HTTPS connection (1): climate.weather.gc.ca:443
2024-04-11 11:48:04,153 - urllib3.connectionpool - DEBUG  - _make_request - https://climate.weather.gc.ca:443 "GET /climate_data/daily_data_e.html?StationID=27174&timeframe=2&StartYear=1840&EndYear=2018&Year=2002&Month=7 HTTP/1.1" 200 8256
2024-04-11 11:48:04,159 - urllib3.connectionpool - DEBUG  - _new_conn - Starting new HTTPS connection (1): climate.weather.gc.ca:443
2024-04-11 11:48:04,326 - urllib3.connectionpool - DEBUG  - _make_request - https://climate.weather.gc.ca:443 "GET /climate_data/daily_data_e.html?StationID=27174&timeframe=2&StartYear=1840&EndYear=2018&Year=1999&Month=6 HTTP/1.1" 200 8275
2024-04-11 11:48:04,335 - urllib3.connectionpool - DEBUG  - _new_conn - Starting new HTTPS connection (1): climate.weather.gc.ca:443
2024-04-11 11:48:04,588 - urllib3.connectionpool - DEBUG  - _make_request - https://climate.weather.gc.ca:443 "GET /climate_data/daily_data_e.html?StationID=27174&timeframe=2&StartYear=1840&EndYear=2018&Year=2001&Month=5 HTTP/1.1" 200 8253
2024-04-11 11:48:04,595 - urllib3.connectionpool - DEBUG  - _new_conn - Starting new HTTPS connection (1): climate.weather.gc.ca:443
2024-04-11 11:48:05,337 - urllib3.connectionpool - DEBUG  - _make_request - https://climate.weather.gc.ca:443 "GET /climate_data/daily_data_e.html?StationID=27174&timeframe=2&StartYear=1840&EndYear=2018&Year=2003&Month=6 HTTP/1.1" 200 8219
2024-04-11 11:48:05,340 - urllib3.connectionpool - DEBUG  - _make_request - https://climate.weather.gc.ca:443 "GET /climate_data/daily_data_e.html?StationID=27174&timeframe=2&StartYear=1840&EndYear=2018&Year=2000&Month=7 HTTP/1.1" 200 8251
2024-04-11 11:48:05,348 - urllib3.connectionpool - DEBUG  - _new_conn - Starting new HTTPS connection (1): climate.weather.gc.ca:443
2024-04-11 11:48:05,352 - urllib3.connectionpool - DEBUG  - _new_conn - Starting new HTTPS connection (1): climate.weather.gc.ca:443
2024-04-11 11:48:05,827 - urllib3.connectionpool - DEBUG  - _make_request - https://climate.weather.gc.ca:443 "GET /climate_data/daily_data_e.html?StationID=27174&timeframe=2&StartYear=1840&EndYear=2018&Year=2002&Month=6 HTTP/1.1" 200 8251
2024-04-11 11:48:05,833 - urllib3.connectionpool - DEBUG  - _new_conn - Starting new HTTPS connection (1): climate.weather.gc.ca:443
2024-04-11 11:48:06,192 - urllib3.connectionpool - DEBUG  - _make_request - https://climate.weather.gc.ca:443 "GET /climate_data/daily_data_e.html?StationID=27174&timeframe=2&StartYear=1840&EndYear=2018&Year=1998&Month=6 HTTP/1.1" 200 8277
2024-04-11 11:48:06,192 - urllib3.connectionpool - DEBUG  - _make_request - https://climate.weather.gc.ca:443 "GET /climate_data/daily_data_e.html?StationID=27174&timeframe=2&StartYear=1840&EndYear=2018&Year=1999&Month=5 HTTP/1.1" 200 8253
2024-04-11 11:48:06,193 - urllib3.connectionpool - DEBUG  - _make_request - https://climate.weather.gc.ca:443 "GET /climate_data/daily_data_e.html?StationID=27174&timeframe=2&StartYear=1840&EndYear=2018&Year=1997&Month=7 HTTP/1.1" 200 8363
2024-04-11 11:48:06,205 - urllib3.connectionpool - DEBUG  - _make_request - https://climate.weather.gc.ca:443 "GET /climate_data/daily_data_e.html?StationID=27174&timeframe=2&StartYear=1840&EndYear=2018&Year=2001&Month=4 HTTP/1.1" 200 8243
2024-04-11 11:48:06,208 - urllib3.connectionpool - DEBUG  - _new_conn - Starting new HTTPS connection (1): climate.weather.gc.ca:443
2024-04-11 11:48:06,209 - urllib3.connectionpool - DEBUG  - _new_conn - Starting new HTTPS connection (1): climate.weather.gc.ca:443
2024-04-11 11:48:06,211 - urllib3.connectionpool - DEBUG  - _new_conn - Starting new HTTPS connection (1): climate.weather.gc.ca:443
2024-04-11 11:48:06,215 - urllib3.connectionpool - DEBUG  - _new_conn - Starting new HTTPS connection (1): climate.weather.gc.ca:443
2024-04-11 11:48:06,975 - urllib3.connectionpool - DEBUG  - _make_request - https://climate.weather.gc.ca:443 "GET /climate_data/daily_data_e.html?StationID=27174&timeframe=2&StartYear=1840&EndYear=2018&Year=2003&Month=5 HTTP/1.1" 200 8237
2024-04-11 11:48:06,982 - urllib3.connectionpool - DEBUG  - _new_conn - Starting new HTTPS connection (1): climate.weather.gc.ca:443
2024-04-11 11:48:07,505 - urllib3.connectionpool - DEBUG  - _make_request - https://climate.weather.gc.ca:443 "GET /climate_data/daily_data_e.html?StationID=27174&timeframe=2&StartYear=1840&EndYear=2018&Year=2002&Month=5 HTTP/1.1" 200 8262
2024-04-11 11:48:07,511 - urllib3.connectionpool - DEBUG  - _new_conn - Starting new HTTPS connection (1): climate.weather.gc.ca:443
2024-04-11 11:48:07,909 - urllib3.connectionpool - DEBUG  - _make_request - https://climate.weather.gc.ca:443 "GET /climate_data/daily_data_e.html?StationID=27174&timeframe=2&StartYear=1840&EndYear=2018&Year=1999&Month=4 HTTP/1.1" 200 8223
2024-04-11 11:48:07,916 - urllib3.connectionpool - DEBUG  - _new_conn - Starting new HTTPS connection (1): climate.weather.gc.ca:443
2024-04-11 11:48:07,983 - urllib3.connectionpool - DEBUG  - _make_request - https://climate.weather.gc.ca:443 "GET /climate_data/daily_data_e.html?StationID=27174&timeframe=2&StartYear=1840&EndYear=2018&Year=2000&Month=6 HTTP/1.1" 200 8265
2024-04-11 11:48:07,990 - urllib3.connectionpool - DEBUG  - _new_conn - Starting new HTTPS connection (1): climate.weather.gc.ca:443
2024-04-11 11:48:08,533 - urllib3.connectionpool - DEBUG  - _make_request - https://climate.weather.gc.ca:443 "GET /climate_data/daily_data_e.html?StationID=27174&timeframe=2&StartYear=1840&EndYear=2018&Year=1997&Month=6 HTTP/1.1" 200 8224
2024-04-11 11:48:08,539 - urllib3.connectionpool - DEBUG  - _new_conn - Starting new HTTPS connection (1): climate.weather.gc.ca:443
2024-04-11 11:48:08,550 - urllib3.connectionpool - DEBUG  - _make_request - https://climate.weather.gc.ca:443 "GET /climate_data/daily_data_e.html?StationID=27174&timeframe=2&StartYear=1840&EndYear=2018&Year=2003&Month=4 HTTP/1.1" 200 8262
2024-04-11 11:48:08,558 - urllib3.connectionpool - DEBUG  - _new_conn - Starting new HTTPS connection (1): climate.weather.gc.ca:443
2024-04-11 11:48:08,926 - urllib3.connectionpool - DEBUG  - _make_request - https://climate.weather.gc.ca:443 "GET /climate_data/daily_data_e.html?StationID=27174&timeframe=2&StartYear=1840&EndYear=2018&Year=2001&Month=3 HTTP/1.1" 200 8260
2024-04-11 11:48:08,927 - urllib3.connectionpool - DEBUG  - _make_request - https://climate.weather.gc.ca:443 "GET /climate_data/daily_data_e.html?StationID=27174&timeframe=2&StartYear=1840&EndYear=2018&Year=1998&Month=5 HTTP/1.1" 200 8289
2024-04-11 11:48:08,937 - urllib3.connectionpool - DEBUG  - _new_conn - Starting new HTTPS connection (1): climate.weather.gc.ca:443
2024-04-11 11:48:08,939 - urllib3.connectionpool - DEBUG  - _new_conn - Starting new HTTPS connection (1): climate.weather.gc.ca:443
2024-04-11 11:48:09,074 - urllib3.connectionpool - DEBUG  - _make_request - https://climate.weather.gc.ca:443 "GET /climate_data/daily_data_e.html?StationID=27174&timeframe=2&StartYear=1840&EndYear=2018&Year=2002&Month=4 HTTP/1.1" 200 8273
2024-04-11 11:48:09,084 - urllib3.connectionpool - DEBUG  - _new_conn - Starting new HTTPS connection (1): climate.weather.gc.ca:443
2024-04-11 11:48:09,410 - urllib3.connectionpool - DEBUG  - _make_request - https://climate.weather.gc.ca:443 "GET /climate_data/daily_data_e.html?StationID=27174&timeframe=2&StartYear=1840&EndYear=2018&Year=1997&Month=5 HTTP/1.1" 200 8252
2024-04-11 11:48:09,418 - urllib3.connectionpool - DEBUG  - _new_conn - Starting new HTTPS connection (1): climate.weather.gc.ca:443
2024-04-11 11:48:09,450 - urllib3.connectionpool - DEBUG  - _make_request - https://climate.weather.gc.ca:443 "GET /climate_data/daily_data_e.html?StationID=27174&timeframe=2&StartYear=1840&EndYear=2018&Year=1999&Month=3 HTTP/1.1" 200 8278
2024-04-11 11:48:09,458 - urllib3.connectionpool - DEBUG  - _new_conn - Starting new HTTPS connection (1): climate.weather.gc.ca:443
2024-04-11 11:48:10,528 - urllib3.connectionpool - DEBUG  - _make_request - https://climate.weather.gc.ca:443 "GET /climate_data/daily_data_e.html?StationID=27174&timeframe=2&StartYear=1840&EndYear=2018&Year=2003&Month=3 HTTP/1.1" 200 8204
2024-04-11 11:48:10,535 - urllib3.connectionpool - DEBUG  - _new_conn - Starting new HTTPS connection (1): climate.weather.gc.ca:443
2024-04-11 11:48:10,582 - urllib3.connectionpool - DEBUG  - _make_request - https://climate.weather.gc.ca:443 "GET /climate_data/daily_data_e.html?StationID=27174&timeframe=2&StartYear=1840&EndYear=2018&Year=2001&Month=2 HTTP/1.1" 200 8151
2024-04-11 11:48:10,588 - urllib3.connectionpool - DEBUG  - _new_conn - Starting new HTTPS connection (1): climate.weather.gc.ca:443
2024-04-11 11:48:10,624 - urllib3.connectionpool - DEBUG  - _make_request - https://climate.weather.gc.ca:443 "GET /climate_data/daily_data_e.html?StationID=27174&timeframe=2&StartYear=1840&EndYear=2018&Year=1998&Month=4 HTTP/1.1" 200 8177
2024-04-11 11:48:10,631 - urllib3.connectionpool - DEBUG  - _new_conn - Starting new HTTPS connection (1): climate.weather.gc.ca:443
2024-04-11 11:48:10,645 - urllib3.connectionpool - DEBUG  - _make_request - https://climate.weather.gc.ca:443 "GET /climate_data/daily_data_e.html?StationID=27174&timeframe=2&StartYear=1840&EndYear=2018&Year=2000&Month=5 HTTP/1.1" 200 8218
2024-04-11 11:48:10,651 - urllib3.connectionpool - DEBUG  - _new_conn - Starting new HTTPS connection (1): climate.weather.gc.ca:443
2024-04-11 11:48:11,764 - urllib3.connectionpool - DEBUG  - _make_request - https://climate.weather.gc.ca:443 "GET /climate_data/daily_data_e.html?StationID=27174&timeframe=2&StartYear=1840&EndYear=2018&Year=2002&Month=3 HTTP/1.1" 200 8181
2024-04-11 11:48:11,771 - urllib3.connectionpool - DEBUG  - _new_conn - Starting new HTTPS connection (1): climate.weather.gc.ca:443
2024-04-11 11:48:11,992 - urllib3.connectionpool - DEBUG  - _make_request - https://climate.weather.gc.ca:443 "GET /climate_data/daily_data_e.html?StationID=27174&timeframe=2&StartYear=1840&EndYear=2018&Year=1997&Month=4 HTTP/1.1" 200 8305
2024-04-11 11:48:11,999 - urllib3.connectionpool - DEBUG  - _new_conn - Starting new HTTPS connection (1): climate.weather.gc.ca:443
2024-04-11 11:48:12,214 - urllib3.connectionpool - DEBUG  - _make_request - https://climate.weather.gc.ca:443 "GET /climate_data/daily_data_e.html?StationID=27174&timeframe=2&StartYear=1840&EndYear=2018&Year=2003&Month=2 HTTP/1.1" 200 8145
2024-04-11 11:48:12,221 - urllib3.connectionpool - DEBUG  - _new_conn - Starting new HTTPS connection (1): climate.weather.gc.ca:443
2024-04-11 11:48:12,276 - urllib3.connectionpool - DEBUG  - _make_request - https://climate.weather.gc.ca:443 "GET /climate_data/daily_data_e.html?StationID=27174&timeframe=2&StartYear=1840&EndYear=2018&Year=1999&Month=2 HTTP/1.1" 200 8127
2024-04-11 11:48:12,283 - urllib3.connectionpool - DEBUG  - _new_conn - Starting new HTTPS connection (1): climate.weather.gc.ca:443
2024-04-11 11:48:12,367 - urllib3.connectionpool - DEBUG  - _make_request - https://climate.weather.gc.ca:443 "GET /climate_data/daily_data_e.html?StationID=27174&timeframe=2&StartYear=1840&EndYear=2018&Year=1998&Month=3 HTTP/1.1" 200 8349
2024-04-11 11:48:12,376 - urllib3.connectionpool - DEBUG  - _new_conn - Starting new HTTPS connection (1): climate.weather.gc.ca:443
2024-04-11 11:48:12,625 - urllib3.connectionpool - DEBUG  - _make_request - https://climate.weather.gc.ca:443 "GET /climate_data/daily_data_e.html?StationID=27174&timeframe=2&StartYear=1840&EndYear=2018&Year=1997&Month=3 HTTP/1.1" 200 8314
2024-04-11 11:48:12,632 - urllib3.connectionpool - DEBUG  - _new_conn - Starting new HTTPS connection (1): climate.weather.gc.ca:443
2024-04-11 11:48:12,656 - urllib3.connectionpool - DEBUG  - _make_request - https://climate.weather.gc.ca:443 "GET /climate_data/daily_data_e.html?StationID=27174&timeframe=2&StartYear=1840&EndYear=2018&Year=2002&Month=2 HTTP/1.1" 200 8133
2024-04-11 11:48:12,663 - urllib3.connectionpool - DEBUG  - _new_conn - Starting new HTTPS connection (1): climate.weather.gc.ca:443
2024-04-11 11:48:13,318 - urllib3.connectionpool - DEBUG  - _make_request - https://climate.weather.gc.ca:443 "GET /climate_data/daily_data_e.html?StationID=27174&timeframe=2&StartYear=1840&EndYear=2018&Year=2001&Month=1 HTTP/1.1" 200 8200
2024-04-11 11:48:13,358 - urllib3.connectionpool - DEBUG  - _make_request - https://climate.weather.gc.ca:443 "GET /climate_data/daily_data_e.html?StationID=27174&timeframe=2&StartYear=1840&EndYear=2018&Year=2000&Month=4 HTTP/1.1" 200 8185
2024-04-11 11:48:13,365 - urllib3.connectionpool - DEBUG  - _new_conn - Starting new HTTPS connection (1): climate.weather.gc.ca:443
2024-04-11 11:48:13,785 - urllib3.connectionpool - DEBUG  - _make_request - https://climate.weather.gc.ca:443 "GET /climate_data/daily_data_e.html?StationID=27174&timeframe=2&StartYear=1840&EndYear=2018&Year=1998&Month=2 HTTP/1.1" 200 8062
2024-04-11 11:48:13,792 - urllib3.connectionpool - DEBUG  - _new_conn - Starting new HTTPS connection (1): climate.weather.gc.ca:443
2024-04-11 11:48:13,834 - urllib3.connectionpool - DEBUG  - _make_request - https://climate.weather.gc.ca:443 "GET /climate_data/daily_data_e.html?StationID=27174&timeframe=2&StartYear=1840&EndYear=2018&Year=1999&Month=1 HTTP/1.1" 200 8295
2024-04-11 11:48:13,844 - urllib3.connectionpool - DEBUG  - _make_request - https://climate.weather.gc.ca:443 "GET /climate_data/daily_data_e.html?StationID=27174&timeframe=2&StartYear=1840&EndYear=2018&Year=2003&Month=1 HTTP/1.1" 200 8229
2024-04-11 11:48:14,317 - urllib3.connectionpool - DEBUG  - _make_request - https://climate.weather.gc.ca:443 "GET /climate_data/daily_data_e.html?StationID=27174&timeframe=2&StartYear=1840&EndYear=2018&Year=1997&Month=2 HTTP/1.1" 200 8231
2024-04-11 11:48:14,328 - urllib3.connectionpool - DEBUG  - _new_conn - Starting new HTTPS connection (1): climate.weather.gc.ca:443
2024-04-11 11:48:14,866 - urllib3.connectionpool - DEBUG  - _make_request - https://climate.weather.gc.ca:443 "GET /climate_data/daily_data_e.html?StationID=27174&timeframe=2&StartYear=1840&EndYear=2018&Year=2002&Month=1 HTTP/1.1" 200 8204
2024-04-11 11:48:15,849 - urllib3.connectionpool - DEBUG  - _make_request - https://climate.weather.gc.ca:443 "GET /climate_data/daily_data_e.html?StationID=27174&timeframe=2&StartYear=1840&EndYear=2018&Year=2000&Month=3 HTTP/1.1" 200 8292
2024-04-11 11:48:15,856 - urllib3.connectionpool - DEBUG  - _new_conn - Starting new HTTPS connection (1): climate.weather.gc.ca:443
2024-04-11 11:48:16,388 - urllib3.connectionpool - DEBUG  - _make_request - https://climate.weather.gc.ca:443 "GET /climate_data/daily_data_e.html?StationID=27174&timeframe=2&StartYear=1840&EndYear=2018&Year=1998&Month=1 HTTP/1.1" 200 8371
2024-04-11 11:48:16,397 - prod_util - ERROR  - system_log - 
Error: could not convert string to float: 'November 7, 1998'
Function Name: _format_payload_for_insert
Data Corruption:
('-2.2', 'WINNIPEG A CS', ' MANITOBA ', '-5.6', '-3.9', 'November 6, 1998')


2024-04-11 11:48:16,398 - prod_util - ERROR  - system_log - 
Error: time data '-5.6' does not match format '%B %d, %Y'
Function Name: _strptime
Data Corruption:
('-5.6', 'WINNIPEG A CS', ' MANITOBA ', '-3.9', 'November 6, 1998', '-5.6')


2024-04-11 11:48:16,398 - prod_util - ERROR  - system_log - 
Error: could not convert string to float: '\xa0'
Function Name: _format_payload_for_insert
Data Corruption:
('6.9', 'WINNIPEG A CS', ' MANITOBA ', '-5.4', '0.8', 'November 24, 1998')


2024-04-11 11:48:16,398 - prod_util - ERROR  - system_log - 
Error: time data '-7.4' does not match format '%B %d, %Y'
Function Name: _strptime
Data Corruption:
('-5.4', 'WINNIPEG A CS', ' MANITOBA ', '0.8', 'November 24, 1998', '-7.4')


2024-04-11 11:48:16,399 - prod_util - ERROR  - system_log - 
Error: time data '\xa0' does not match format '%B %d, %Y'
Function Name: _strptime
Data Corruption:
('0.8', 'WINNIPEG A CS', ' MANITOBA ', 'November 24, 1998', '-7.4', '\xa0')


2024-04-11 11:48:16,399 - prod_util - ERROR  - system_log - 
Error: time data '\xa0' does not match format '%B %d, %Y'
Function Name: _strptime
Data Corruption:
('November 24, 1998', 'WINNIPEG A CS', ' MANITOBA ', '-7.4', '\xa0', '\xa0')


2024-04-11 11:48:16,399 - prod_util - ERROR  - system_log - 
Error: time data '\xa0' does not match format '%B %d, %Y'
Function Name: _strptime
Data Corruption:
('-7.4', 'WINNIPEG A CS', ' MANITOBA ', '\xa0', '\xa0', '\xa0')


2024-04-11 11:48:16,400 - prod_util - ERROR  - system_log - 
Error: time data '\xa0' does not match format '%B %d, %Y'
Function Name: _strptime
Data Corruption:
('\xa0', 'WINNIPEG A CS', ' MANITOBA ', '\xa0', '\xa0', '\xa0')


2024-04-11 11:48:16,400 - prod_util - ERROR  - system_log - 
Error: time data '\xa0' does not match format '%B %d, %Y'
Function Name: _strptime
Data Corruption:
('\xa0', 'WINNIPEG A CS', ' MANITOBA ', '\xa0', '\xa0', '\xa0')


2024-04-11 11:48:16,400 - prod_util - ERROR  - system_log - 
Error: time data '\xa0' does not match format '%B %d, %Y'
Function Name: _strptime
Data Corruption:
('\xa0', 'WINNIPEG A CS', ' MANITOBA ', '\xa0', '\xa0', '\xa0')


2024-04-11 11:48:16,401 - prod_util - ERROR  - system_log - 
Error: time data '\xa0' does not match format '%B %d, %Y'
Function Name: _strptime
Data Corruption:
('\xa0', 'WINNIPEG A CS', ' MANITOBA ', '\xa0', '\xa0', '\xa0')


2024-04-11 11:48:16,401 - prod_util - ERROR  - system_log - 
Error: time data '\xa0' does not match format '%B %d, %Y'
Function Name: _strptime
Data Corruption:
('\xa0', 'WINNIPEG A CS', ' MANITOBA ', '\xa0', '\xa0', '\xa0')


2024-04-11 11:48:16,401 - prod_util - ERROR  - system_log - 
Error: time data '\xa0' does not match format '%B %d, %Y'
Function Name: _strptime
Data Corruption:
('\xa0', 'WINNIPEG A CS', ' MANITOBA ', '\xa0', '\xa0', '\xa0')


2024-04-11 11:48:16,402 - prod_util - ERROR  - system_log - 
Error: time data '\xa0' does not match format '%B %d, %Y'
Function Name: _strptime
Data Corruption:
('\xa0', 'WINNIPEG A CS', ' MANITOBA ', '\xa0', '\xa0', '\xa0')


2024-04-11 11:48:16,402 - prod_util - ERROR  - system_log - 
Error: time data '\xa0' does not match format '%B %d, %Y'
Function Name: _strptime
Data Corruption:
('\xa0', 'WINNIPEG A CS', ' MANITOBA ', '\xa0', '\xa0', '\xa0')


2024-04-11 11:48:16,402 - prod_util - ERROR  - system_log - 
Error: time data '\xa0' does not match format '%B %d, %Y'
Function Name: _strptime
Data Corruption:
('\xa0', 'WINNIPEG A CS', ' MANITOBA ', '\xa0', '\xa0', '\xa0')


2024-04-11 11:48:16,402 - prod_util - ERROR  - system_log - 
Error: time data '\xa0' does not match format '%B %d, %Y'
Function Name: _strptime
Data Corruption:
('\xa0', 'WINNIPEG A CS', ' MANITOBA ', '\xa0', '\xa0', '\xa0')


2024-04-11 11:48:16,403 - prod_util - ERROR  - system_log - 
Error: time data '\xa0' does not match format '%B %d, %Y'
Function Name: _strptime
Data Corruption:
('\xa0', 'WINNIPEG A CS', ' MANITOBA ', '\xa0', '\xa0', '\xa0')


2024-04-11 11:48:16,403 - prod_util - ERROR  - system_log - 
Error: time data '\xa0' does not match format '%B %d, %Y'
Function Name: _strptime
Data Corruption:
('\xa0', 'WINNIPEG A CS', ' MANITOBA ', '\xa0', '\xa0', '\xa0')


2024-04-11 11:48:16,403 - prod_util - ERROR  - system_log - 
Error: time data '\xa0' does not match format '%B %d, %Y'
Function Name: _strptime
Data Corruption:
('\xa0', 'WINNIPEG A CS', ' MANITOBA ', '\xa0', '\xa0', '\xa0')


2024-04-11 11:48:16,404 - prod_util - ERROR  - system_log - 
Error: time data '\xa0' does not match format '%B %d, %Y'
Function Name: _strptime
Data Corruption:
('\xa0', 'WINNIPEG A CS', ' MANITOBA ', '\xa0', '\xa0', '\xa0')


2024-04-11 11:48:16,404 - prod_util - ERROR  - system_log - 
Error: time data '\xa0' does not match format '%B %d, %Y'
Function Name: _strptime
Data Corruption:
('\xa0', 'WINNIPEG A CS', ' MANITOBA ', '\xa0', '\xa0', '\xa0')


2024-04-11 11:48:16,413 - prod_util - ERROR  - system_log - 
Error: could not convert string to float: '\xa0'
Function Name: _format_payload_for_insert
Data Corruption:
('-12.3', 'WINNIPEG A CS', ' MANITOBA ', '-22.4', '-17.4', 'February 4, 1998')


2024-04-11 11:48:16,414 - prod_util - ERROR  - system_log - 
Error: time data '\xa0' does not match format '%B %d, %Y'
Function Name: _strptime
Data Corruption:
('-22.4', 'WINNIPEG A CS', ' MANITOBA ', '-17.4', 'February 4, 1998', '\xa0')


2024-04-11 11:48:16,414 - prod_util - ERROR  - system_log - 
Error: could not convert string to float: '\xa0'
Function Name: _format_payload_for_insert
Data Corruption:
('-17.4', 'WINNIPEG A CS', ' MANITOBA ', 'February 4, 1998', '\xa0', 'February 5, 1998')


2024-04-11 11:48:16,414 - prod_util - ERROR  - system_log - 
Error: time data '\xa0' does not match format '%B %d, %Y'
Function Name: _strptime
Data Corruption:
('February 4, 1998', 'WINNIPEG A CS', ' MANITOBA ', '\xa0', 'February 5, 1998', '\xa0')


2024-04-11 11:48:16,414 - prod_util - ERROR  - system_log - 
Error: could not convert string to float: '\xa0'
Function Name: _format_payload_for_insert
Data Corruption:
('\xa0', 'WINNIPEG A CS', ' MANITOBA ', 'February 5, 1998', '\xa0', 'February 6, 1998')


2024-04-11 11:48:16,415 - prod_util - ERROR  - system_log - 
Error: time data '\xa0' does not match format '%B %d, %Y'
Function Name: _strptime
Data Corruption:
('February 5, 1998', 'WINNIPEG A CS', ' MANITOBA ', '\xa0', 'February 6, 1998', '\xa0')


2024-04-11 11:48:16,415 - prod_util - ERROR  - system_log - 
Error: could not convert string to float: '\xa0'
Function Name: _format_payload_for_insert
Data Corruption:
('\xa0', 'WINNIPEG A CS', ' MANITOBA ', 'February 6, 1998', '\xa0', 'February 7, 1998')


2024-04-11 11:48:16,415 - prod_util - ERROR  - system_log - 
Error: time data '\xa0' does not match format '%B %d, %Y'
Function Name: _strptime
Data Corruption:
('February 6, 1998', 'WINNIPEG A CS', ' MANITOBA ', '\xa0', 'February 7, 1998', '\xa0')


2024-04-11 11:48:16,416 - prod_util - ERROR  - system_log - 
Error: could not convert string to float: '\xa0'
Function Name: _format_payload_for_insert
Data Corruption:
('\xa0', 'WINNIPEG A CS', ' MANITOBA ', 'February 7, 1998', '\xa0', 'February 8, 1998')


2024-04-11 11:48:16,416 - prod_util - ERROR  - system_log - 
Error: time data '\xa0' does not match format '%B %d, %Y'
Function Name: _strptime
Data Corruption:
('February 7, 1998', 'WINNIPEG A CS', ' MANITOBA ', '\xa0', 'February 8, 1998', '\xa0')


2024-04-11 11:48:16,416 - prod_util - ERROR  - system_log - 
Error: could not convert string to float: '\xa0'
Function Name: _format_payload_for_insert
Data Corruption:
('\xa0', 'WINNIPEG A CS', ' MANITOBA ', 'February 8, 1998', '\xa0', 'February 9, 1998')


2024-04-11 11:48:16,417 - prod_util - ERROR  - system_log - 
Error: time data '\xa0' does not match format '%B %d, %Y'
Function Name: _strptime
Data Corruption:
('February 8, 1998', 'WINNIPEG A CS', ' MANITOBA ', '\xa0', 'February 9, 1998', '\xa0')


2024-04-11 11:48:16,417 - prod_util - ERROR  - system_log - 
Error: could not convert string to float: '\xa0'
Function Name: _format_payload_for_insert
Data Corruption:
('\xa0', 'WINNIPEG A CS', ' MANITOBA ', 'February 9, 1998', '\xa0', 'February 10, 1998')


2024-04-11 11:48:16,417 - prod_util - ERROR  - system_log - 
Error: time data '\xa0' does not match format '%B %d, %Y'
Function Name: _strptime
Data Corruption:
('February 9, 1998', 'WINNIPEG A CS', ' MANITOBA ', '\xa0', 'February 10, 1998', '\xa0')


2024-04-11 11:48:16,417 - prod_util - ERROR  - system_log - 
Error: could not convert string to float: '\xa0'
Function Name: _format_payload_for_insert
Data Corruption:
('\xa0', 'WINNIPEG A CS', ' MANITOBA ', 'February 10, 1998', '\xa0', 'February 11, 1998')


2024-04-11 11:48:16,418 - prod_util - ERROR  - system_log - 
Error: time data '\xa0' does not match format '%B %d, %Y'
Function Name: _strptime
Data Corruption:
('February 10, 1998', 'WINNIPEG A CS', ' MANITOBA ', '\xa0', 'February 11, 1998', '\xa0')


2024-04-11 11:48:16,418 - prod_util - ERROR  - system_log - 
Error: could not convert string to float: '\xa0'
Function Name: _format_payload_for_insert
Data Corruption:
('\xa0', 'WINNIPEG A CS', ' MANITOBA ', 'February 11, 1998', '\xa0', 'February 12, 1998')


2024-04-11 11:48:16,418 - prod_util - ERROR  - system_log - 
Error: time data '\xa0' does not match format '%B %d, %Y'
Function Name: _strptime
Data Corruption:
('February 11, 1998', 'WINNIPEG A CS', ' MANITOBA ', '\xa0', 'February 12, 1998', '\xa0')


2024-04-11 11:48:16,418 - prod_util - ERROR  - system_log - 
Error: could not convert string to float: '\xa0'
Function Name: _format_payload_for_insert
Data Corruption:
('\xa0', 'WINNIPEG A CS', ' MANITOBA ', 'February 12, 1998', '\xa0', 'February 13, 1998')


2024-04-11 11:48:16,419 - prod_util - ERROR  - system_log - 
Error: time data '\xa0' does not match format '%B %d, %Y'
Function Name: _strptime
Data Corruption:
('February 12, 1998', 'WINNIPEG A CS', ' MANITOBA ', '\xa0', 'February 13, 1998', '\xa0')


2024-04-11 11:48:16,419 - prod_util - ERROR  - system_log - 
Error: could not convert string to float: '\xa0'
Function Name: _format_payload_for_insert
Data Corruption:
('\xa0', 'WINNIPEG A CS', ' MANITOBA ', 'February 13, 1998', '\xa0', 'February 14, 1998')


2024-04-11 11:48:16,419 - prod_util - ERROR  - system_log - 
Error: time data '\xa0' does not match format '%B %d, %Y'
Function Name: _strptime
Data Corruption:
('February 13, 1998', 'WINNIPEG A CS', ' MANITOBA ', '\xa0', 'February 14, 1998', '\xa0')


2024-04-11 11:48:16,419 - prod_util - ERROR  - system_log - 
Error: could not convert string to float: '\xa0'
Function Name: _format_payload_for_insert
Data Corruption:
('\xa0', 'WINNIPEG A CS', ' MANITOBA ', 'February 14, 1998', '\xa0', 'February 15, 1998')


2024-04-11 11:48:16,420 - prod_util - ERROR  - system_log - 
Error: time data '\xa0' does not match format '%B %d, %Y'
Function Name: _strptime
Data Corruption:
('February 14, 1998', 'WINNIPEG A CS', ' MANITOBA ', '\xa0', 'February 15, 1998', '\xa0')


2024-04-11 11:48:16,420 - prod_util - ERROR  - system_log - 
Error: could not convert string to float: '\xa0'
Function Name: _format_payload_for_insert
Data Corruption:
('\xa0', 'WINNIPEG A CS', ' MANITOBA ', 'February 15, 1998', '\xa0', 'February 16, 1998')


2024-04-11 11:48:16,420 - prod_util - ERROR  - system_log - 
Error: time data '\xa0' does not match format '%B %d, %Y'
Function Name: _strptime
Data Corruption:
('February 15, 1998', 'WINNIPEG A CS', ' MANITOBA ', '\xa0', 'February 16, 1998', '\xa0')


2024-04-11 11:48:16,421 - prod_util - ERROR  - system_log - 
Error: could not convert string to float: '\xa0'
Function Name: _format_payload_for_insert
Data Corruption:
('\xa0', 'WINNIPEG A CS', ' MANITOBA ', 'February 16, 1998', '\xa0', 'February 17, 1998')


2024-04-11 11:48:16,421 - prod_util - ERROR  - system_log - 
Error: time data '\xa0' does not match format '%B %d, %Y'
Function Name: _strptime
Data Corruption:
('February 16, 1998', 'WINNIPEG A CS', ' MANITOBA ', '\xa0', 'February 17, 1998', '\xa0')


2024-04-11 11:48:16,421 - prod_util - ERROR  - system_log - 
Error: could not convert string to float: '\xa0'
Function Name: _format_payload_for_insert
Data Corruption:
('\xa0', 'WINNIPEG A CS', ' MANITOBA ', 'February 17, 1998', '\xa0', 'February 18, 1998')


2024-04-11 11:48:16,421 - prod_util - ERROR  - system_log - 
Error: time data '\xa0' does not match format '%B %d, %Y'
Function Name: _strptime
Data Corruption:
('February 17, 1998', 'WINNIPEG A CS', ' MANITOBA ', '\xa0', 'February 18, 1998', '\xa0')


2024-04-11 11:48:16,421 - prod_util - ERROR  - system_log - 
Error: could not convert string to float: '\xa0'
Function Name: _format_payload_for_insert
Data Corruption:
('\xa0', 'WINNIPEG A CS', ' MANITOBA ', 'February 18, 1998', '\xa0', 'February 19, 1998')


2024-04-11 11:48:16,422 - prod_util - ERROR  - system_log - 
Error: time data '\xa0' does not match format '%B %d, %Y'
Function Name: _strptime
Data Corruption:
('February 18, 1998', 'WINNIPEG A CS', ' MANITOBA ', '\xa0', 'February 19, 1998', '\xa0')


2024-04-11 11:48:16,422 - prod_util - ERROR  - system_log - 
Error: could not convert string to float: '\xa0'
Function Name: _format_payload_for_insert
Data Corruption:
('\xa0', 'WINNIPEG A CS', ' MANITOBA ', 'February 19, 1998', '\xa0', 'February 20, 1998')


2024-04-11 11:48:16,422 - prod_util - ERROR  - system_log - 
Error: time data '\xa0' does not match format '%B %d, %Y'
Function Name: _strptime
Data Corruption:
('February 19, 1998', 'WINNIPEG A CS', ' MANITOBA ', '\xa0', 'February 20, 1998', '\xa0')


2024-04-11 11:48:16,423 - prod_util - ERROR  - system_log - 
Error: could not convert string to float: '\xa0'
Function Name: _format_payload_for_insert
Data Corruption:
('\xa0', 'WINNIPEG A CS', ' MANITOBA ', 'February 20, 1998', '\xa0', 'February 21, 1998')


2024-04-11 11:48:16,423 - prod_util - ERROR  - system_log - 
Error: time data '\xa0' does not match format '%B %d, %Y'
Function Name: _strptime
Data Corruption:
('February 20, 1998', 'WINNIPEG A CS', ' MANITOBA ', '\xa0', 'February 21, 1998', '\xa0')


2024-04-11 11:48:16,423 - prod_util - ERROR  - system_log - 
Error: could not convert string to float: '\xa0'
Function Name: _format_payload_for_insert
Data Corruption:
('\xa0', 'WINNIPEG A CS', ' MANITOBA ', 'February 21, 1998', '\xa0', 'February 22, 1998')


2024-04-11 11:48:16,423 - prod_util - ERROR  - system_log - 
Error: time data '\xa0' does not match format '%B %d, %Y'
Function Name: _strptime
Data Corruption:
('February 21, 1998', 'WINNIPEG A CS', ' MANITOBA ', '\xa0', 'February 22, 1998', '\xa0')


2024-04-11 11:48:16,424 - prod_util - ERROR  - system_log - 
Error: could not convert string to float: '\xa0'
Function Name: _format_payload_for_insert
Data Corruption:
('\xa0', 'WINNIPEG A CS', ' MANITOBA ', 'February 22, 1998', '\xa0', 'February 23, 1998')


2024-04-11 11:48:16,424 - prod_util - ERROR  - system_log - 
Error: time data '\xa0' does not match format '%B %d, %Y'
Function Name: _strptime
Data Corruption:
('February 22, 1998', 'WINNIPEG A CS', ' MANITOBA ', '\xa0', 'February 23, 1998', '\xa0')


2024-04-11 11:48:16,424 - prod_util - ERROR  - system_log - 
Error: could not convert string to float: '\xa0'
Function Name: _format_payload_for_insert
Data Corruption:
('\xa0', 'WINNIPEG A CS', ' MANITOBA ', 'February 23, 1998', '\xa0', 'February 24, 1998')


2024-04-11 11:48:16,425 - prod_util - ERROR  - system_log - 
Error: time data '\xa0' does not match format '%B %d, %Y'
Function Name: _strptime
Data Corruption:
('February 23, 1998', 'WINNIPEG A CS', ' MANITOBA ', '\xa0', 'February 24, 1998', '\xa0')


2024-04-11 11:48:16,425 - prod_util - ERROR  - system_log - 
Error: could not convert string to float: '\xa0'
Function Name: _format_payload_for_insert
Data Corruption:
('\xa0', 'WINNIPEG A CS', ' MANITOBA ', 'February 24, 1998', '\xa0', 'February 25, 1998')


2024-04-11 11:48:16,425 - prod_util - ERROR  - system_log - 
Error: time data '\xa0' does not match format '%B %d, %Y'
Function Name: _strptime
Data Corruption:
('February 24, 1998', 'WINNIPEG A CS', ' MANITOBA ', '\xa0', 'February 25, 1998', '\xa0')


2024-04-11 11:48:16,425 - prod_util - ERROR  - system_log - 
Error: could not convert string to float: '\xa0'
Function Name: _format_payload_for_insert
Data Corruption:
('1.0', 'WINNIPEG A CS', ' MANITOBA ', '-0.2', '0.4', 'February 28, 1998')


2024-04-11 11:48:16,426 - prod_util - ERROR  - system_log - 
Error: time data '\xa0' does not match format '%B %d, %Y'
Function Name: _strptime
Data Corruption:
('-0.2', 'WINNIPEG A CS', ' MANITOBA ', '0.4', 'February 28, 1998', '\xa0')


2024-04-11 11:48:16,427 - prod_util - ERROR  - system_log - 
Error: could not convert string to float: '\xa0'
Function Name: _format_payload_for_insert
Data Corruption:
('-3.7', 'WINNIPEG A CS', ' MANITOBA ', '-7.9', '-5.8', 'January 31, 1998')


2024-04-11 11:48:16,427 - prod_util - ERROR  - system_log - 
Error: time data '\xa0' does not match format '%B %d, %Y'
Function Name: _strptime
Data Corruption:
('-7.9', 'WINNIPEG A CS', ' MANITOBA ', '-5.8', 'January 31, 1998', '\xa0')


2024-04-11 11:48:16,729 - urllib3.connectionpool - DEBUG  - _make_request - https://climate.weather.gc.ca:443 "GET /climate_data/daily_data_e.html?StationID=27174&timeframe=2&StartYear=1840&EndYear=2018&Year=1997&Month=1 HTTP/1.1" 200 6537
2024-04-11 11:48:16,733 - urllib3.connectionpool - DEBUG  - _new_conn - Starting new HTTPS connection (1): climate.weather.gc.ca:443
2024-04-11 11:48:16,989 - urllib3.connectionpool - DEBUG  - _make_request - https://climate.weather.gc.ca:443 "GET /climate_data/daily_data_e.html?StationID=27174&timeframe=2&StartYear=1840&EndYear=2018&Year=2000&Month=2 HTTP/1.1" 200 8152
2024-04-11 11:48:16,996 - urllib3.connectionpool - DEBUG  - _new_conn - Starting new HTTPS connection (1): climate.weather.gc.ca:443
2024-04-11 11:48:18,177 - urllib3.connectionpool - DEBUG  - _make_request - https://climate.weather.gc.ca:443 "GET /climate_data/daily_data_e.html?StationID=27174&timeframe=2&StartYear=1840&EndYear=2018&Year=1996&Month=12 HTTP/1.1" 200 6443
2024-04-11 11:48:18,180 - urllib3.connectionpool - DEBUG  - _new_conn - Starting new HTTPS connection (1): climate.weather.gc.ca:443
2024-04-11 11:48:18,561 - urllib3.connectionpool - DEBUG  - _make_request - https://climate.weather.gc.ca:443 "GET /climate_data/daily_data_e.html?StationID=27174&timeframe=2&StartYear=1840&EndYear=2018&Year=2000&Month=1 HTTP/1.1" 200 8215
2024-04-11 11:48:19,702 - urllib3.connectionpool - DEBUG  - _make_request - https://climate.weather.gc.ca:443 "GET /climate_data/daily_data_e.html?StationID=27174&timeframe=2&StartYear=1840&EndYear=2018&Year=1996&Month=11 HTTP/1.1" 200 8224
2024-04-11 11:48:19,711 - prod_util - ERROR  - system_log - 
Error: could not convert string to float: '\xa0'
Function Name: _format_payload_for_insert
Data Corruption:
('-9.1', 'WINNIPEG A CS', ' MANITOBA ', '-25.2', '-17.2', 'December 31, 1997')


2024-04-11 11:48:19,711 - prod_util - ERROR  - system_log - 
Error: time data '\xa0' does not match format '%B %d, %Y'
Function Name: _strptime
Data Corruption:
('-25.2', 'WINNIPEG A CS', ' MANITOBA ', '-17.2', 'December 31, 1997', '\xa0')


2024-04-11 11:48:19,713 - prod_util - ERROR  - system_log - 
Error: could not convert string to float: '\xa0'
Function Name: _format_payload_for_insert
Data Corruption:
('5.4', 'WINNIPEG A CS', ' MANITOBA ', '-4.9', '0.3', 'November 30, 1997')


2024-04-11 11:48:19,713 - prod_util - ERROR  - system_log - 
Error: time data '\xa0' does not match format '%B %d, %Y'
Function Name: _strptime
Data Corruption:
('-4.9', 'WINNIPEG A CS', ' MANITOBA ', '0.3', 'November 30, 1997', '\xa0')


2024-04-11 11:49:31,305 - urllib3.connectionpool - DEBUG  - _new_conn - Starting new HTTPS connection (1): climate.weather.gc.ca:443
2024-04-11 11:49:32,671 - urllib3.connectionpool - DEBUG  - _make_request - https://climate.weather.gc.ca:443 "GET /climate_data/daily_data_e.html?StationID=27174&timeframe=2&StartYear=1840&EndYear=2018&Year=1840&Month=4 HTTP/1.1" 200 8143
2024-04-11 11:49:32,677 - urllib3.connectionpool - DEBUG  - _new_conn - Starting new HTTPS connection (1): climate.weather.gc.ca:443
2024-04-11 11:49:35,194 - urllib3.connectionpool - DEBUG  - _make_request - https://climate.weather.gc.ca:443 "GET /climate_data/daily_data_e.html?StationID=27174&timeframe=2&StartYear=1840&EndYear=2018&Year=2024&Month=4 HTTP/1.1" 200 7547
2024-04-11 11:49:35,199 - urllib3.connectionpool - DEBUG  - _new_conn - Starting new HTTPS connection (1): climate.weather.gc.ca:443
2024-04-11 11:49:37,755 - urllib3.connectionpool - DEBUG  - _make_request - https://climate.weather.gc.ca:443 "GET /climate_data/daily_data_e.html?StationID=27174&timeframe=2&StartYear=1840&EndYear=2018&Year=2024&Month=3 HTTP/1.1" 200 8530
2024-04-11 11:49:37,762 - urllib3.connectionpool - DEBUG  - _new_conn - Starting new HTTPS connection (1): climate.weather.gc.ca:443
2024-04-11 11:49:40,325 - urllib3.connectionpool - DEBUG  - _make_request - https://climate.weather.gc.ca:443 "GET /climate_data/daily_data_e.html?StationID=27174&timeframe=2&StartYear=1840&EndYear=2018&Year=2024&Month=2 HTTP/1.1" 200 8448
2024-04-11 11:49:40,332 - urllib3.connectionpool - DEBUG  - _new_conn - Starting new HTTPS connection (1): climate.weather.gc.ca:443
2024-04-11 11:49:42,408 - urllib3.connectionpool - DEBUG  - _make_request - https://climate.weather.gc.ca:443 "GET /climate_data/daily_data_e.html?StationID=27174&timeframe=2&StartYear=1840&EndYear=2018&Year=2024&Month=1 HTTP/1.1" 200 8570
2024-04-11 11:49:42,420 - prod_util - ERROR  - system_log - 
Error: could not convert string to float: 'January 11, 2024'
Function Name: _format_payload_for_insert
Data Corruption:
('-13.1', 'WINNIPEG A CS', ' MANITOBA ', '-25.8', '-19.4', 'January 10, 2024')


2024-04-11 11:49:42,421 - prod_util - ERROR  - system_log - 
Error: could not convert string to float: 'January 11, 2024'
Function Name: _format_payload_for_insert
Data Corruption:
('-13.1', 'WINNIPEG A CS', ' MANITOBA ', '-25.8', '-19.4', 'January 10, 2024')


