2024-04-10 17:46:13,802 - urllib3.connectionpool - DEBUG  - _new_conn - Starting new HTTPS connection (1): climate.weather.gc.ca:443
2024-04-10 17:46:13,802 - prod_util - ERROR  - system_log - 
Error: could not convert string to float: 'November 5, 2015'
Function Name: _format_payload_for_insert
Data Corruption:
('5.3', 'WINNIPEG A CS', ' MANITOBA ', '3.2', '4.3', 'November 4, 2015')


2024-04-10 17:46:13,803 - urllib3.connectionpool - DEBUG  - _new_conn - Starting new HTTPS connection (1): climate.weather.gc.ca:443
2024-04-10 17:46:13,803 - prod_util - ERROR  - system_log - 
Error: time data '4.2' does not match format '%B %d, %Y'
Function Name: _strptime
Data Corruption:
('3.2', 'WINNIPEG A CS', ' MANITOBA ', '4.3', 'November 4, 2015', '4.2')


2024-04-10 17:46:13,803 - prod_util - ERROR  - system_log - 
Error: could not convert string to float: 'November 11, 2015'
Function Name: _format_payload_for_insert
Data Corruption:
('12.1', 'WINNIPEG A CS', ' MANITOBA ', '-1.5', '5.3', 'November 10, 2015')


2024-04-10 17:46:13,803 - prod_util - ERROR  - system_log - 
Error: time data '1.9' does not match format '%B %d, %Y'
Function Name: _strptime
Data Corruption:
('-1.5', 'WINNIPEG A CS', ' MANITOBA ', '5.3', 'November 10, 2015', '1.9')


2024-04-10 17:46:13,804 - prod_util - ERROR  - system_log - 
Error: could not convert string to float: 'November 25, 2015'
Function Name: _format_payload_for_insert
Data Corruption:
('1.7', 'WINNIPEG A CS', ' MANITOBA ', '-11.8', '-5.1', 'November 24, 2015')


2024-04-10 17:46:13,804 - prod_util - ERROR  - system_log - 
Error: time data '-11.8' does not match format '%B %d, %Y'
Function Name: _strptime
Data Corruption:
('-11.8', 'WINNIPEG A CS', ' MANITOBA ', '-5.1', 'November 24, 2015', '-11.8')


2024-04-10 17:46:13,813 - urllib3.connectionpool - DEBUG  - _new_conn - Starting new HTTPS connection (1): climate.weather.gc.ca:443
2024-04-10 17:46:13,816 - urllib3.connectionpool - DEBUG  - _new_conn - Starting new HTTPS connection (1): climate.weather.gc.ca:443
2024-04-10 17:46:14,317 - urllib3.connectionpool - DEBUG  - _make_request - https://climate.weather.gc.ca:443 "GET /climate_data/daily_data_e.html?StationID=27174&timeframe=2&StartYear=1840&EndYear=2018&Year=2005&Month=5 HTTP/1.1" 200 8266
2024-04-10 17:46:14,329 - urllib3.connectionpool - DEBUG  - _new_conn - Starting new HTTPS connection (1): climate.weather.gc.ca:443
2024-04-10 17:46:14,330 - urllib3.connectionpool - DEBUG  - _make_request - https://climate.weather.gc.ca:443 "GET /climate_data/daily_data_e.html?StationID=27174&timeframe=2&StartYear=1840&EndYear=2018&Year=2007&Month=1 HTTP/1.1" 200 8279
2024-04-10 17:46:14,341 - urllib3.connectionpool - DEBUG  - _new_conn - Starting new HTTPS connection (1): climate.weather.gc.ca:443
2024-04-10 17:46:14,372 - urllib3.connectionpool - DEBUG  - _make_request - https://climate.weather.gc.ca:443 "GET /climate_data/daily_data_e.html?StationID=27174&timeframe=2&StartYear=1840&EndYear=2018&Year=2014&Month=3 HTTP/1.1" 200 8654
2024-04-10 17:46:14,379 - urllib3.connectionpool - DEBUG  - _new_conn - Starting new HTTPS connection (1): climate.weather.gc.ca:443
2024-04-10 17:46:14,758 - urllib3.connectionpool - DEBUG  - _make_request - https://climate.weather.gc.ca:443 "GET /climate_data/daily_data_e.html?StationID=27174&timeframe=2&StartYear=1840&EndYear=2018&Year=2019&Month=1 HTTP/1.1" 200 8652
2024-04-10 17:46:14,771 - urllib3.connectionpool - DEBUG  - _new_conn - Starting new HTTPS connection (1): climate.weather.gc.ca:443
2024-04-10 17:46:14,774 - prod_util - ERROR  - system_log - 
Error: could not convert string to float: 'October 18, 2019'
Function Name: _format_payload_for_insert
Data Corruption:
('4.3', 'WINNIPEG A CS', ' MANITOBA ', '-0.1', '2.1', 'October 17, 2019')


2024-04-10 17:46:14,777 - prod_util - ERROR  - system_log - 
Error: could not convert string to float: 'July 25, 2019'
Function Name: _format_payload_for_insert
Data Corruption:
('28.8', 'WINNIPEG A CS', ' MANITOBA ', '13.2', '21.0', 'July 24, 2019')


2024-04-10 17:46:14,779 - prod_util - ERROR  - system_log - 
Error: could not convert string to float: 'May 2, 2019'
Function Name: _format_payload_for_insert
Data Corruption:
('16.7', 'WINNIPEG A CS', ' MANITOBA ', '3.4', '10.1', 'May 1, 2019')


2024-04-10 17:46:14,780 - prod_util - ERROR  - system_log - 
Error: could not convert string to float: 'May 9, 2019'
Function Name: _format_payload_for_insert
Data Corruption:
('14.3', 'WINNIPEG A CS', ' MANITOBA ', '-5.1', '4.6', 'May 8, 2019')


2024-04-10 17:46:14,782 - prod_util - ERROR  - system_log - 
Error: could not convert string to float: 'March 22, 2019'
Function Name: _format_payload_for_insert
Data Corruption:
('4.3', 'WINNIPEG A CS', ' MANITOBA ', '-3.9', '0.2', 'March 21, 2019')


2024-04-10 17:46:14,871 - urllib3.connectionpool - DEBUG  - _make_request - https://climate.weather.gc.ca:443 "GET /climate_data/daily_data_e.html?StationID=27174&timeframe=2&StartYear=1840&EndYear=2018&Year=2006&Month=2 HTTP/1.1" 200 7794
2024-04-10 17:46:14,875 - urllib3.connectionpool - DEBUG  - _make_request - https://climate.weather.gc.ca:443 "GET /climate_data/daily_data_e.html?StationID=27174&timeframe=2&StartYear=1840&EndYear=2018&Year=2011&Month=2 HTTP/1.1" 200 8352
2024-04-10 17:46:14,875 - urllib3.connectionpool - DEBUG  - _make_request - https://climate.weather.gc.ca:443 "GET /climate_data/daily_data_e.html?StationID=27174&timeframe=2&StartYear=1840&EndYear=2018&Year=2017&Month=2 HTTP/1.1" 200 8557
2024-04-10 17:46:14,876 - urllib3.connectionpool - DEBUG  - _make_request - https://climate.weather.gc.ca:443 "GET /climate_data/daily_data_e.html?StationID=27174&timeframe=2&StartYear=1840&EndYear=2018&Year=2008&Month=2 HTTP/1.1" 200 8398
2024-04-10 17:46:14,878 - urllib3.connectionpool - DEBUG  - _make_request - https://climate.weather.gc.ca:443 "GET /climate_data/daily_data_e.html?StationID=27174&timeframe=2&StartYear=1840&EndYear=2018&Year=2021&Month=1 HTTP/1.1" 200 8593
2024-04-10 17:46:14,899 - urllib3.connectionpool - DEBUG  - _new_conn - Starting new HTTPS connection (1): climate.weather.gc.ca:443
2024-04-10 17:46:14,901 - urllib3.connectionpool - DEBUG  - _new_conn - Starting new HTTPS connection (1): climate.weather.gc.ca:443
2024-04-10 17:46:14,905 - prod_util - ERROR  - system_log - 
Error: could not convert string to float: 'December 2, 2021'
Function Name: _format_payload_for_insert
Data Corruption:
('-26.9', 'WINNIPEG A CS', ' MANITOBA ', '-34.8', '-30.9', 'December 1, 2021')


2024-04-10 17:46:14,908 - urllib3.connectionpool - DEBUG  - _new_conn - Starting new HTTPS connection (1): climate.weather.gc.ca:443
2024-04-10 17:46:14,914 - urllib3.connectionpool - DEBUG  - _new_conn - Starting new HTTPS connection (1): climate.weather.gc.ca:443
2024-04-10 17:46:14,914 - urllib3.connectionpool - DEBUG  - _new_conn - Starting new HTTPS connection (1): climate.weather.gc.ca:443
2024-04-10 17:46:15,313 - urllib3.connectionpool - DEBUG  - _make_request - https://climate.weather.gc.ca:443 "GET /climate_data/daily_data_e.html?StationID=27174&timeframe=2&StartYear=1840&EndYear=2018&Year=2009&Month=1 HTTP/1.1" 200 8498
2024-04-10 17:46:15,323 - urllib3.connectionpool - DEBUG  - _new_conn - Starting new HTTPS connection (1): climate.weather.gc.ca:443
2024-04-10 17:46:15,342 - urllib3.connectionpool - DEBUG  - _make_request - https://climate.weather.gc.ca:443 "GET /climate_data/daily_data_e.html?StationID=27174&timeframe=2&StartYear=1840&EndYear=2018&Year=2016&Month=3 HTTP/1.1" 200 8671
2024-04-10 17:46:15,353 - urllib3.connectionpool - DEBUG  - _new_conn - Starting new HTTPS connection (1): climate.weather.gc.ca:443
2024-04-10 17:46:15,383 - urllib3.connectionpool - DEBUG  - _make_request - https://climate.weather.gc.ca:443 "GET /climate_data/daily_data_e.html?StationID=27174&timeframe=2&StartYear=1840&EndYear=2018&Year=2022&Month=1 HTTP/1.1" 200 8687
2024-04-10 17:46:15,385 - urllib3.connectionpool - DEBUG  - _make_request - https://climate.weather.gc.ca:443 "GET /climate_data/daily_data_e.html?StationID=27174&timeframe=2&StartYear=1840&EndYear=2018&Year=2010&Month=1 HTTP/1.1" 200 8470
2024-04-10 17:46:15,405 - urllib3.connectionpool - DEBUG  - _new_conn - Starting new HTTPS connection (1): climate.weather.gc.ca:443
2024-04-10 17:46:15,406 - urllib3.connectionpool - DEBUG  - _new_conn - Starting new HTTPS connection (1): climate.weather.gc.ca:443
2024-04-10 17:46:15,409 - prod_util - ERROR  - system_log - 
Error: could not convert string to float: 'September 28, 2022'
Function Name: _format_payload_for_insert
Data Corruption:
('15.9', 'WINNIPEG A CS', ' MANITOBA ', '1.2', '8.6', 'September 27, 2022')


2024-04-10 17:46:15,418 - prod_util - ERROR  - system_log - 
Error: time data '\xa0' does not match format '%B %d, %Y'
Function Name: _strptime
Data Corruption:
('-18.2', 'WINNIPEG A CS', ' MANITOBA ', '-22.5', '-20.4', '\xa0')


2024-04-10 17:46:15,419 - prod_util - ERROR  - system_log - 
Error: time data '\xa0' does not match format '%B %d, %Y'
Function Name: _strptime
Data Corruption:
('-22.5', 'WINNIPEG A CS', ' MANITOBA ', '-20.4', '\xa0', '\xa0')


2024-04-10 17:46:15,419 - prod_util - ERROR  - system_log - 
Error: time data '\xa0' does not match format '%B %d, %Y'
Function Name: _strptime
Data Corruption:
('-20.4', 'WINNIPEG A CS', ' MANITOBA ', '\xa0', '\xa0', '\xa0')


2024-04-10 17:46:15,419 - prod_util - ERROR  - system_log - 
Error: time data '\xa0' does not match format '%B %d, %Y'
Function Name: _strptime
Data Corruption:
('\xa0', 'WINNIPEG A CS', ' MANITOBA ', '\xa0', '\xa0', '\xa0')


2024-04-10 17:46:15,420 - prod_util - ERROR  - system_log - 
Error: time data '\xa0' does not match format '%B %d, %Y'
Function Name: _strptime
Data Corruption:
('\xa0', 'WINNIPEG A CS', ' MANITOBA ', '\xa0', '\xa0', '\xa0')


2024-04-10 17:46:15,420 - prod_util - ERROR  - system_log - 
Error: time data '\xa0' does not match format '%B %d, %Y'
Function Name: _strptime
Data Corruption:
('\xa0', 'WINNIPEG A CS', ' MANITOBA ', '\xa0', '\xa0', '\xa0')


2024-04-10 17:46:15,420 - prod_util - ERROR  - system_log - 
Error: time data '\xa0' does not match format '%B %d, %Y'
Function Name: _strptime
Data Corruption:
('\xa0', 'WINNIPEG A CS', ' MANITOBA ', '\xa0', '\xa0', '\xa0')


2024-04-10 17:46:15,421 - prod_util - ERROR  - system_log - 
Error: time data '\xa0' does not match format '%B %d, %Y'
Function Name: _strptime
Data Corruption:
('\xa0', 'WINNIPEG A CS', ' MANITOBA ', '\xa0', '\xa0', '\xa0')


2024-04-10 17:46:15,421 - prod_util - ERROR  - system_log - 
Error: time data '\xa0' does not match format '%B %d, %Y'
Function Name: _strptime
Data Corruption:
('\xa0', 'WINNIPEG A CS', ' MANITOBA ', '\xa0', '\xa0', '\xa0')


2024-04-10 17:46:15,421 - prod_util - ERROR  - system_log - 
Error: time data '\xa0' does not match format '%B %d, %Y'
Function Name: _strptime
Data Corruption:
('\xa0', 'WINNIPEG A CS', ' MANITOBA ', '\xa0', '\xa0', '\xa0')


2024-04-10 17:46:15,422 - prod_util - ERROR  - system_log - 
Error: time data '\xa0' does not match format '%B %d, %Y'
Function Name: _strptime
Data Corruption:
('\xa0', 'WINNIPEG A CS', ' MANITOBA ', '\xa0', '\xa0', '\xa0')


2024-04-10 17:46:15,422 - prod_util - ERROR  - system_log - 
Error: time data '\xa0' does not match format '%B %d, %Y'
Function Name: _strptime
Data Corruption:
('\xa0', 'WINNIPEG A CS', ' MANITOBA ', '\xa0', '\xa0', '\xa0')


2024-04-10 17:46:15,422 - prod_util - ERROR  - system_log - 
Error: time data '\xa0' does not match format '%B %d, %Y'
Function Name: _strptime
Data Corruption:
('\xa0', 'WINNIPEG A CS', ' MANITOBA ', '\xa0', '\xa0', '\xa0')


2024-04-10 17:46:15,423 - prod_util - ERROR  - system_log - 
Error: time data '\xa0' does not match format '%B %d, %Y'
Function Name: _strptime
Data Corruption:
('\xa0', 'WINNIPEG A CS', ' MANITOBA ', '\xa0', '\xa0', '\xa0')


2024-04-10 17:46:15,423 - prod_util - ERROR  - system_log - 
Error: time data '\xa0' does not match format '%B %d, %Y'
Function Name: _strptime
Data Corruption:
('\xa0', 'WINNIPEG A CS', ' MANITOBA ', '\xa0', '\xa0', '\xa0')


2024-04-10 17:46:15,423 - prod_util - ERROR  - system_log - 
Error: time data '\xa0' does not match format '%B %d, %Y'
Function Name: _strptime
Data Corruption:
('\xa0', 'WINNIPEG A CS', ' MANITOBA ', '\xa0', '\xa0', '\xa0')


2024-04-10 17:46:15,423 - prod_util - ERROR  - system_log - 
Error: time data '\xa0' does not match format '%B %d, %Y'
Function Name: _strptime
Data Corruption:
('\xa0', 'WINNIPEG A CS', ' MANITOBA ', '\xa0', '\xa0', '\xa0')


2024-04-10 17:46:15,424 - prod_util - ERROR  - system_log - 
Error: time data '\xa0' does not match format '%B %d, %Y'
Function Name: _strptime
Data Corruption:
('\xa0', 'WINNIPEG A CS', ' MANITOBA ', '\xa0', '\xa0', '\xa0')


2024-04-10 17:46:15,425 - prod_util - ERROR  - system_log - 
Error: time data '\xa0' does not match format '%B %d, %Y'
Function Name: _strptime
Data Corruption:
('\xa0', 'WINNIPEG A CS', ' MANITOBA ', '\xa0', '\xa0', '\xa0')


2024-04-10 17:46:15,425 - prod_util - ERROR  - system_log - 
Error: time data '\xa0' does not match format '%B %d, %Y'
Function Name: _strptime
Data Corruption:
('\xa0', 'WINNIPEG A CS', ' MANITOBA ', '\xa0', '\xa0', '\xa0')


2024-04-10 17:46:15,425 - prod_util - ERROR  - system_log - 
Error: time data '\xa0' does not match format '%B %d, %Y'
Function Name: _strptime
Data Corruption:
('\xa0', 'WINNIPEG A CS', ' MANITOBA ', '\xa0', '\xa0', '\xa0')


2024-04-10 17:46:15,426 - prod_util - ERROR  - system_log - 
Error: time data '\xa0' does not match format '%B %d, %Y'
Function Name: _strptime
Data Corruption:
('\xa0', 'WINNIPEG A CS', ' MANITOBA ', '\xa0', '\xa0', '\xa0')


2024-04-10 17:46:15,426 - prod_util - ERROR  - system_log - 
Error: time data '\xa0' does not match format '%B %d, %Y'
Function Name: _strptime
Data Corruption:
('\xa0', 'WINNIPEG A CS', ' MANITOBA ', '\xa0', '\xa0', '\xa0')


2024-04-10 17:46:15,426 - prod_util - ERROR  - system_log - 
Error: time data '\xa0' does not match format '%B %d, %Y'
Function Name: _strptime
Data Corruption:
('\xa0', 'WINNIPEG A CS', ' MANITOBA ', '\xa0', '\xa0', '\xa0')


2024-04-10 17:46:15,427 - prod_util - ERROR  - system_log - 
Error: time data '\xa0' does not match format '%B %d, %Y'
Function Name: _strptime
Data Corruption:
('\xa0', 'WINNIPEG A CS', ' MANITOBA ', '\xa0', '\xa0', '\xa0')


2024-04-10 17:46:15,427 - prod_util - ERROR  - system_log - 
Error: time data '\xa0' does not match format '%B %d, %Y'
Function Name: _strptime
Data Corruption:
('\xa0', 'WINNIPEG A CS', ' MANITOBA ', '\xa0', '\xa0', '\xa0')


2024-04-10 17:46:15,427 - prod_util - ERROR  - system_log - 
Error: time data '\xa0' does not match format '%B %d, %Y'
Function Name: _strptime
Data Corruption:
('\xa0', 'WINNIPEG A CS', ' MANITOBA ', '\xa0', '\xa0', '\xa0')


2024-04-10 17:46:15,427 - prod_util - ERROR  - system_log - 
Error: time data '\xa0' does not match format '%B %d, %Y'
Function Name: _strptime
Data Corruption:
('\xa0', 'WINNIPEG A CS', ' MANITOBA ', '\xa0', '\xa0', '\xa0')


2024-04-10 17:46:15,428 - prod_util - ERROR  - system_log - 
Error: time data '\xa0' does not match format '%B %d, %Y'
Function Name: _strptime
Data Corruption:
('\xa0', 'WINNIPEG A CS', ' MANITOBA ', '\xa0', '\xa0', '\xa0')


2024-04-10 17:46:15,428 - prod_util - ERROR  - system_log - 
Error: time data '\xa0' does not match format '%B %d, %Y'
Function Name: _strptime
Data Corruption:
('\xa0', 'WINNIPEG A CS', ' MANITOBA ', '\xa0', '\xa0', '\xa0')


2024-04-10 17:46:15,428 - prod_util - ERROR  - system_log - 
Error: time data '\xa0' does not match format '%B %d, %Y'
Function Name: _strptime
Data Corruption:
('\xa0', 'WINNIPEG A CS', ' MANITOBA ', '\xa0', '\xa0', '\xa0')


2024-04-10 17:46:15,429 - prod_util - ERROR  - system_log - 
Error: time data '\xa0' does not match format '%B %d, %Y'
Function Name: _strptime
Data Corruption:
('\xa0', 'WINNIPEG A CS', ' MANITOBA ', '\xa0', '\xa0', '\xa0')


2024-04-10 17:46:15,429 - prod_util - ERROR  - system_log - 
Error: time data '\xa0' does not match format '%B %d, %Y'
Function Name: _strptime
Data Corruption:
('\xa0', 'WINNIPEG A CS', ' MANITOBA ', '\xa0', '\xa0', '\xa0')


2024-04-10 17:46:15,429 - prod_util - ERROR  - system_log - 
Error: time data '\xa0' does not match format '%B %d, %Y'
Function Name: _strptime
Data Corruption:
('\xa0', 'WINNIPEG A CS', ' MANITOBA ', '\xa0', '\xa0', '\xa0')


2024-04-10 17:46:15,430 - prod_util - ERROR  - system_log - 
Error: time data '\xa0' does not match format '%B %d, %Y'
Function Name: _strptime
Data Corruption:
('\xa0', 'WINNIPEG A CS', ' MANITOBA ', '\xa0', '\xa0', '\xa0')


2024-04-10 17:46:15,430 - prod_util - ERROR  - system_log - 
Error: time data '\xa0' does not match format '%B %d, %Y'
Function Name: _strptime
Data Corruption:
('\xa0', 'WINNIPEG A CS', ' MANITOBA ', '\xa0', '\xa0', '\xa0')


2024-04-10 17:46:15,430 - prod_util - ERROR  - system_log - 
Error: time data '\xa0' does not match format '%B %d, %Y'
Function Name: _strptime
Data Corruption:
('\xa0', 'WINNIPEG A CS', ' MANITOBA ', '\xa0', '\xa0', '\xa0')


2024-04-10 17:46:15,431 - prod_util - ERROR  - system_log - 
Error: time data '\xa0' does not match format '%B %d, %Y'
Function Name: _strptime
Data Corruption:
('\xa0', 'WINNIPEG A CS', ' MANITOBA ', '\xa0', '\xa0', '\xa0')


2024-04-10 17:46:15,431 - prod_util - ERROR  - system_log - 
Error: time data '\xa0' does not match format '%B %d, %Y'
Function Name: _strptime
Data Corruption:
('\xa0', 'WINNIPEG A CS', ' MANITOBA ', '\xa0', '\xa0', '\xa0')


2024-04-10 17:46:15,431 - prod_util - ERROR  - system_log - 
Error: time data '\xa0' does not match format '%B %d, %Y'
Function Name: _strptime
Data Corruption:
('\xa0', 'WINNIPEG A CS', ' MANITOBA ', '\xa0', '\xa0', '\xa0')


2024-04-10 17:46:15,432 - prod_util - ERROR  - system_log - 
Error: time data '\xa0' does not match format '%B %d, %Y'
Function Name: _strptime
Data Corruption:
('\xa0', 'WINNIPEG A CS', ' MANITOBA ', '\xa0', '\xa0', '\xa0')


2024-04-10 17:46:15,432 - prod_util - ERROR  - system_log - 
Error: time data '\xa0' does not match format '%B %d, %Y'
Function Name: _strptime
Data Corruption:
('\xa0', 'WINNIPEG A CS', ' MANITOBA ', '\xa0', '\xa0', '\xa0')


2024-04-10 17:46:15,432 - prod_util - ERROR  - system_log - 
Error: time data '\xa0' does not match format '%B %d, %Y'
Function Name: _strptime
Data Corruption:
('\xa0', 'WINNIPEG A CS', ' MANITOBA ', '\xa0', '\xa0', '\xa0')


2024-04-10 17:46:15,432 - prod_util - ERROR  - system_log - 
Error: time data '\xa0' does not match format '%B %d, %Y'
Function Name: _strptime
Data Corruption:
('\xa0', 'WINNIPEG A CS', ' MANITOBA ', '\xa0', '\xa0', '\xa0')


2024-04-10 17:46:15,433 - prod_util - ERROR  - system_log - 
Error: time data '\xa0' does not match format '%B %d, %Y'
Function Name: _strptime
Data Corruption:
('\xa0', 'WINNIPEG A CS', ' MANITOBA ', '\xa0', '\xa0', '\xa0')


2024-04-10 17:46:15,433 - prod_util - ERROR  - system_log - 
Error: time data '\xa0' does not match format '%B %d, %Y'
Function Name: _strptime
Data Corruption:
('\xa0', 'WINNIPEG A CS', ' MANITOBA ', '\xa0', '\xa0', '\xa0')


2024-04-10 17:46:15,433 - prod_util - ERROR  - system_log - 
Error: time data '\xa0' does not match format '%B %d, %Y'
Function Name: _strptime
Data Corruption:
('\xa0', 'WINNIPEG A CS', ' MANITOBA ', '\xa0', '\xa0', '\xa0')


2024-04-10 17:46:15,433 - prod_util - ERROR  - system_log - 
Error: time data '\xa0' does not match format '%B %d, %Y'
Function Name: _strptime
Data Corruption:
('\xa0', 'WINNIPEG A CS', ' MANITOBA ', '\xa0', '\xa0', '\xa0')


2024-04-10 17:46:15,435 - prod_util - ERROR  - system_log - 
Error: could not convert string to float: 'December 18, 2010'
Function Name: _format_payload_for_insert
Data Corruption:
('\xa0', 'WINNIPEG A CS', ' MANITOBA ', '\xa0', '\xa0', 'December 17, 2010')


2024-04-10 17:46:15,436 - prod_util - ERROR  - system_log - 
Error: could not convert string to float: '\xa0'
Function Name: _format_payload_for_insert
Data Corruption:
('-4.4', 'WINNIPEG A CS', ' MANITOBA ', '-15.5', '-10.0', 'November 26, 2010')


2024-04-10 17:46:15,437 - prod_util - ERROR  - system_log - 
Error: time data '-18.8' does not match format '%B %d, %Y'
Function Name: _strptime
Data Corruption:
('-15.5', 'WINNIPEG A CS', ' MANITOBA ', '-10.0', 'November 26, 2010', '-18.8')


2024-04-10 17:46:15,437 - prod_util - ERROR  - system_log - 
Error: time data '\xa0' does not match format '%B %d, %Y'
Function Name: _strptime
Data Corruption:
('-10.0', 'WINNIPEG A CS', ' MANITOBA ', 'November 26, 2010', '-18.8', '\xa0')


2024-04-10 17:46:15,437 - prod_util - ERROR  - system_log - 
Error: time data '\xa0' does not match format '%B %d, %Y'
Function Name: _strptime
Data Corruption:
('November 26, 2010', 'WINNIPEG A CS', ' MANITOBA ', '-18.8', '\xa0', '\xa0')


2024-04-10 17:46:15,437 - prod_util - ERROR  - system_log - 
Error: time data '\xa0' does not match format '%B %d, %Y'
Function Name: _strptime
Data Corruption:
('-18.8', 'WINNIPEG A CS', ' MANITOBA ', '\xa0', '\xa0', '\xa0')


2024-04-10 17:46:15,438 - prod_util - ERROR  - system_log - 
Error: time data '\xa0' does not match format '%B %d, %Y'
Function Name: _strptime
Data Corruption:
('\xa0', 'WINNIPEG A CS', ' MANITOBA ', '\xa0', '\xa0', '\xa0')


2024-04-10 17:46:15,438 - prod_util - ERROR  - system_log - 
Error: time data '\xa0' does not match format '%B %d, %Y'
Function Name: _strptime
Data Corruption:
('\xa0', 'WINNIPEG A CS', ' MANITOBA ', '\xa0', '\xa0', '\xa0')


2024-04-10 17:46:15,438 - prod_util - ERROR  - system_log - 
Error: time data '\xa0' does not match format '%B %d, %Y'
Function Name: _strptime
Data Corruption:
('\xa0', 'WINNIPEG A CS', ' MANITOBA ', '\xa0', '\xa0', '\xa0')


2024-04-10 17:46:15,438 - prod_util - ERROR  - system_log - 
Error: time data '\xa0' does not match format '%B %d, %Y'
Function Name: _strptime
Data Corruption:
('\xa0', 'WINNIPEG A CS', ' MANITOBA ', '\xa0', '\xa0', '\xa0')


2024-04-10 17:46:15,439 - prod_util - ERROR  - system_log - 
Error: time data '\xa0' does not match format '%B %d, %Y'
Function Name: _strptime
Data Corruption:
('\xa0', 'WINNIPEG A CS', ' MANITOBA ', '\xa0', '\xa0', '\xa0')


2024-04-10 17:46:15,439 - prod_util - ERROR  - system_log - 
Error: time data '\xa0' does not match format '%B %d, %Y'
Function Name: _strptime
Data Corruption:
('\xa0', 'WINNIPEG A CS', ' MANITOBA ', '\xa0', '\xa0', '\xa0')


2024-04-10 17:46:15,439 - prod_util - ERROR  - system_log - 
Error: time data '\xa0' does not match format '%B %d, %Y'
Function Name: _strptime
Data Corruption:
('\xa0', 'WINNIPEG A CS', ' MANITOBA ', '\xa0', '\xa0', '\xa0')


2024-04-10 17:46:15,440 - prod_util - ERROR  - system_log - 
Error: time data '\xa0' does not match format '%B %d, %Y'
Function Name: _strptime
Data Corruption:
('\xa0', 'WINNIPEG A CS', ' MANITOBA ', '\xa0', '\xa0', '\xa0')


2024-04-10 17:46:15,440 - prod_util - ERROR  - system_log - 
Error: time data '\xa0' does not match format '%B %d, %Y'
Function Name: _strptime
Data Corruption:
('\xa0', 'WINNIPEG A CS', ' MANITOBA ', '\xa0', '\xa0', '\xa0')


2024-04-10 17:46:15,442 - prod_util - ERROR  - system_log - 
Error: could not convert string to float: 'September 17, 2010'
Function Name: _format_payload_for_insert
Data Corruption:
('16.4', 'WINNIPEG A CS', ' MANITOBA ', '7.4', '11.9', 'September 16, 2010')


2024-04-10 17:46:15,443 - prod_util - ERROR  - system_log - 
Error: time data '8.7' does not match format '%B %d, %Y'
Function Name: _strptime
Data Corruption:
('7.4', 'WINNIPEG A CS', ' MANITOBA ', '11.9', 'September 16, 2010', '8.7')


2024-04-10 17:46:15,443 - prod_util - ERROR  - system_log - 
Error: could not convert string to float: 'September 18, 2010'
Function Name: _format_payload_for_insert
Data Corruption:
('11.9', 'WINNIPEG A CS', ' MANITOBA ', 'September 16, 2010', '8.7', 'September 17, 2010')


2024-04-10 17:46:15,443 - prod_util - ERROR  - system_log - 
Error: time data '4.5' does not match format '%B %d, %Y'
Function Name: _strptime
Data Corruption:
('September 16, 2010', 'WINNIPEG A CS', ' MANITOBA ', '8.7', 'September 17, 2010', '4.5')


2024-04-10 17:46:15,450 - prod_util - ERROR  - system_log - 
Error: could not convert string to float: 'April 22, 2010'
Function Name: _format_payload_for_insert
Data Corruption:
('15.4', 'WINNIPEG A CS', ' MANITOBA ', '0.4', '7.9', 'April 21, 2010')


2024-04-10 17:46:15,450 - prod_util - ERROR  - system_log - 
Error: time data '-4.8' does not match format '%B %d, %Y'
Function Name: _strptime
Data Corruption:
('0.4', 'WINNIPEG A CS', ' MANITOBA ', '7.9', 'April 21, 2010', '-4.8')


2024-04-10 17:46:15,840 - urllib3.connectionpool - DEBUG  - _make_request - https://climate.weather.gc.ca:443 "GET /climate_data/daily_data_e.html?StationID=27174&timeframe=2&StartYear=1840&EndYear=2018&Year=2018&Month=2 HTTP/1.1" 200 8535
2024-04-10 17:46:15,844 - urllib3.connectionpool - DEBUG  - _make_request - https://climate.weather.gc.ca:443 "GET /climate_data/daily_data_e.html?StationID=27174&timeframe=2&StartYear=1840&EndYear=2018&Year=2002&Month=12 HTTP/1.1" 200 8177
2024-04-10 17:46:15,845 - urllib3.connectionpool - DEBUG  - _make_request - https://climate.weather.gc.ca:443 "GET /climate_data/daily_data_e.html?StationID=27174&timeframe=2&StartYear=1840&EndYear=2018&Year=2014&Month=2 HTTP/1.1" 200 8636
2024-04-10 17:46:15,846 - urllib3.connectionpool - DEBUG  - _make_request - https://climate.weather.gc.ca:443 "GET /climate_data/daily_data_e.html?StationID=27174&timeframe=2&StartYear=1840&EndYear=2018&Year=2023&Month=2 HTTP/1.1" 200 8562
2024-04-10 17:46:15,847 - urllib3.connectionpool - DEBUG  - _make_request - https://climate.weather.gc.ca:443 "GET /climate_data/daily_data_e.html?StationID=27174&timeframe=2&StartYear=1840&EndYear=2018&Year=2004&Month=6 HTTP/1.1" 200 8225
2024-04-10 17:46:15,850 - urllib3.connectionpool - DEBUG  - _make_request - https://climate.weather.gc.ca:443 "GET /climate_data/daily_data_e.html?StationID=27174&timeframe=2&StartYear=1840&EndYear=2018&Year=2012&Month=1 HTTP/1.1" 200 8524
2024-04-10 17:46:15,850 - urllib3.connectionpool - DEBUG  - _make_request - https://climate.weather.gc.ca:443 "GET /climate_data/daily_data_e.html?StationID=27174&timeframe=2&StartYear=1840&EndYear=2018&Year=2001&Month=12 HTTP/1.1" 200 8200
2024-04-10 17:46:15,851 - urllib3.connectionpool - DEBUG  - _make_request - https://climate.weather.gc.ca:443 "GET /climate_data/daily_data_e.html?StationID=27174&timeframe=2&StartYear=1840&EndYear=2018&Year=2013&Month=1 HTTP/1.1" 200 8543
2024-04-10 17:46:15,852 - urllib3.connectionpool - DEBUG  - _make_request - https://climate.weather.gc.ca:443 "GET /climate_data/daily_data_e.html?StationID=27174&timeframe=2&StartYear=1840&EndYear=2018&Year=2005&Month=4 HTTP/1.1" 200 8188
2024-04-10 17:46:15,876 - urllib3.connectionpool - DEBUG  - _new_conn - Starting new HTTPS connection (1): climate.weather.gc.ca:443
2024-04-10 17:46:15,878 - urllib3.connectionpool - DEBUG  - _new_conn - Starting new HTTPS connection (1): climate.weather.gc.ca:443
2024-04-10 17:46:15,882 - urllib3.connectionpool - DEBUG  - _new_conn - Starting new HTTPS connection (1): climate.weather.gc.ca:443
2024-04-10 17:46:15,883 - urllib3.connectionpool - DEBUG  - _new_conn - Starting new HTTPS connection (1): climate.weather.gc.ca:443
2024-04-10 17:46:15,887 - urllib3.connectionpool - DEBUG  - _new_conn - Starting new HTTPS connection (1): climate.weather.gc.ca:443
2024-04-10 17:46:15,888 - urllib3.connectionpool - DEBUG  - _new_conn - Starting new HTTPS connection (1): climate.weather.gc.ca:443
2024-04-10 17:46:15,897 - prod_util - ERROR  - system_log - 
Error: could not convert string to float: 'November 30, 2012'
Function Name: _format_payload_for_insert
Data Corruption:
('-7.3', 'WINNIPEG A CS', ' MANITOBA ', '-20.8', '-14.1', 'November 29, 2012')


2024-04-10 17:46:15,897 - prod_util - ERROR  - system_log - 
Error: time data '-17.8' does not match format '%B %d, %Y'
Function Name: _strptime
Data Corruption:
('-20.8', 'WINNIPEG A CS', ' MANITOBA ', '-14.1', 'November 29, 2012', '-17.8')


2024-04-10 17:46:15,900 - prod_util - ERROR  - system_log - 
Error: could not convert string to float: 'October 22, 2012'
Function Name: _format_payload_for_insert
Data Corruption:
('8.4', 'WINNIPEG A CS', ' MANITOBA ', '4.6', '6.5', 'October 21, 2012')


2024-04-10 17:46:15,901 - urllib3.connectionpool - DEBUG  - _new_conn - Starting new HTTPS connection (1): climate.weather.gc.ca:443
2024-04-10 17:46:15,901 - urllib3.connectionpool - DEBUG  - _new_conn - Starting new HTTPS connection (1): climate.weather.gc.ca:443
2024-04-10 17:46:15,904 - prod_util - ERROR  - system_log - 
Error: time data '\xa0' does not match format '%B %d, %Y'
Function Name: _strptime
Data Corruption:
('26.6', 'WINNIPEG A CS', ' MANITOBA ', '16.4', '21.5', '\xa0')


2024-04-10 17:46:15,904 - prod_util - ERROR  - system_log - 
Error: time data '\xa0' does not match format '%B %d, %Y'
Function Name: _strptime
Data Corruption:
('16.4', 'WINNIPEG A CS', ' MANITOBA ', '21.5', '\xa0', '\xa0')


2024-04-10 17:46:15,904 - prod_util - ERROR  - system_log - 
Error: time data '\xa0' does not match format '%B %d, %Y'
Function Name: _strptime
Data Corruption:
('21.5', 'WINNIPEG A CS', ' MANITOBA ', '\xa0', '\xa0', '\xa0')


2024-04-10 17:46:15,905 - prod_util - ERROR  - system_log - 
Error: time data '\xa0' does not match format '%B %d, %Y'
Function Name: _strptime
Data Corruption:
('31.9', 'WINNIPEG A CS', ' MANITOBA ', '13.5', '22.7', '\xa0')


2024-04-10 17:46:15,905 - prod_util - ERROR  - system_log - 
Error: time data '\xa0' does not match format '%B %d, %Y'
Function Name: _strptime
Data Corruption:
('13.5', 'WINNIPEG A CS', ' MANITOBA ', '22.7', '\xa0', '\xa0')


2024-04-10 17:46:15,905 - prod_util - ERROR  - system_log - 
Error: time data '\xa0' does not match format '%B %d, %Y'
Function Name: _strptime
Data Corruption:
('22.7', 'WINNIPEG A CS', ' MANITOBA ', '\xa0', '\xa0', '\xa0')


2024-04-10 17:46:15,906 - prod_util - ERROR  - system_log - 
Error: time data '\xa0' does not match format '%B %d, %Y'
Function Name: _strptime
Data Corruption:
('27.8', 'WINNIPEG A CS', ' MANITOBA ', '18.7', '23.3', '\xa0')


2024-04-10 17:46:15,907 - prod_util - ERROR  - system_log - 
Error: time data '\xa0' does not match format '%B %d, %Y'
Function Name: _strptime
Data Corruption:
('18.7', 'WINNIPEG A CS', ' MANITOBA ', '23.3', '\xa0', '\xa0')


2024-04-10 17:46:15,907 - prod_util - ERROR  - system_log - 
Error: time data '\xa0' does not match format '%B %d, %Y'
Function Name: _strptime
Data Corruption:
('23.3', 'WINNIPEG A CS', ' MANITOBA ', '\xa0', '\xa0', '\xa0')


2024-04-10 17:46:15,910 - prod_util - ERROR  - system_log - 
Error: could not convert string to float: '\xa0'
Function Name: _format_payload_for_insert
Data Corruption:
('13.9', 'WINNIPEG A CS', ' MANITOBA ', '6.8', '10.4', 'May 8, 2012')


2024-04-10 17:46:15,910 - prod_util - ERROR  - system_log - 
Error: time data '6.9' does not match format '%B %d, %Y'
Function Name: _strptime
Data Corruption:
('6.8', 'WINNIPEG A CS', ' MANITOBA ', '10.4', 'May 8, 2012', '6.9')


2024-04-10 17:46:15,910 - prod_util - ERROR  - system_log - 
Error: time data '\xa0' does not match format '%B %d, %Y'
Function Name: _strptime
Data Corruption:
('10.4', 'WINNIPEG A CS', ' MANITOBA ', 'May 8, 2012', '6.9', '\xa0')


2024-04-10 17:46:15,911 - prod_util - ERROR  - system_log - 
Error: time data '\xa0' does not match format '%B %d, %Y'
Function Name: _strptime
Data Corruption:
('May 8, 2012', 'WINNIPEG A CS', ' MANITOBA ', '6.9', '\xa0', '\xa0')


2024-04-10 17:46:15,911 - prod_util - ERROR  - system_log - 
Error: time data '\xa0' does not match format '%B %d, %Y'
Function Name: _strptime
Data Corruption:
('6.9', 'WINNIPEG A CS', ' MANITOBA ', '\xa0', '\xa0', '\xa0')


2024-04-10 17:46:15,911 - prod_util - ERROR  - system_log - 
Error: time data '\xa0' does not match format '%B %d, %Y'
Function Name: _strptime
Data Corruption:
('\xa0', 'WINNIPEG A CS', ' MANITOBA ', '\xa0', '\xa0', '\xa0')


2024-04-10 17:46:15,912 - prod_util - ERROR  - system_log - 
Error: time data '\xa0' does not match format '%B %d, %Y'
Function Name: _strptime
Data Corruption:
('\xa0', 'WINNIPEG A CS', ' MANITOBA ', '\xa0', '\xa0', '\xa0')


2024-04-10 17:46:15,912 - prod_util - ERROR  - system_log - 
Error: time data '\xa0' does not match format '%B %d, %Y'
Function Name: _strptime
Data Corruption:
('\xa0', 'WINNIPEG A CS', ' MANITOBA ', '\xa0', '\xa0', '\xa0')


2024-04-10 17:46:15,912 - prod_util - ERROR  - system_log - 
Error: could not convert string to float: 'May 18, 2012'
Function Name: _format_payload_for_insert
Data Corruption:
('19.8', 'WINNIPEG A CS', ' MANITOBA ', '-1.1', '9.4', 'May 17, 2012')


2024-04-10 17:46:15,913 - prod_util - ERROR  - system_log - 
Error: time data '11.5' does not match format '%B %d, %Y'
Function Name: _strptime
Data Corruption:
('-1.1', 'WINNIPEG A CS', ' MANITOBA ', '9.4', 'May 17, 2012', '11.5')


2024-04-10 17:46:15,913 - prod_util - ERROR  - system_log - 
Error: could not convert string to float: 'May 19, 2012'
Function Name: _format_payload_for_insert
Data Corruption:
('9.4', 'WINNIPEG A CS', ' MANITOBA ', 'May 17, 2012', '11.5', 'May 18, 2012')


2024-04-10 17:46:15,915 - prod_util - ERROR  - system_log - 
Error: time data '\xa0' does not match format '%B %d, %Y'
Function Name: _strptime
Data Corruption:
('17.7', 'WINNIPEG A CS', ' MANITOBA ', '5.8', '11.8', '\xa0')


2024-04-10 17:46:15,915 - prod_util - ERROR  - system_log - 
Error: time data '\xa0' does not match format '%B %d, %Y'
Function Name: _strptime
Data Corruption:
('5.8', 'WINNIPEG A CS', ' MANITOBA ', '11.8', '\xa0', '\xa0')


2024-04-10 17:46:15,916 - prod_util - ERROR  - system_log - 
Error: time data '\xa0' does not match format '%B %d, %Y'
Function Name: _strptime
Data Corruption:
('11.8', 'WINNIPEG A CS', ' MANITOBA ', '\xa0', '\xa0', '\xa0')


2024-04-10 17:46:15,924 - prod_util - ERROR  - system_log - 
Error: could not convert string to float: 'November 16, 2013'
Function Name: _format_payload_for_insert
Data Corruption:
('1.7', 'WINNIPEG A CS', ' MANITOBA ', '-5.3', '-1.8', 'November 15, 2013')


2024-04-10 17:46:15,925 - prod_util - ERROR  - system_log - 
Error: time data '-2.8' does not match format '%B %d, %Y'
Function Name: _strptime
Data Corruption:
('-5.3', 'WINNIPEG A CS', ' MANITOBA ', '-1.8', 'November 15, 2013', '-2.8')


2024-04-10 17:46:15,928 - prod_util - ERROR  - system_log - 
Error: time data '\xa0' does not match format '%B %d, %Y'
Function Name: _strptime
Data Corruption:
('21.2', 'WINNIPEG A CS', ' MANITOBA ', '2.5', '11.9', '\xa0')


2024-04-10 17:46:15,929 - prod_util - ERROR  - system_log - 
Error: time data '\xa0' does not match format '%B %d, %Y'
Function Name: _strptime
Data Corruption:
('2.5', 'WINNIPEG A CS', ' MANITOBA ', '11.9', '\xa0', '\xa0')


2024-04-10 17:46:15,929 - prod_util - ERROR  - system_log - 
Error: time data '\xa0' does not match format '%B %d, %Y'
Function Name: _strptime
Data Corruption:
('11.9', 'WINNIPEG A CS', ' MANITOBA ', '\xa0', '\xa0', '\xa0')


2024-04-10 17:46:15,939 - prod_util - ERROR  - system_log - 
Error: time data '\xa0' does not match format '%B %d, %Y'
Function Name: _strptime
Data Corruption:
('12.8', 'WINNIPEG A CS', ' MANITOBA ', '1.5', '7.2', '\xa0')


2024-04-10 17:46:15,939 - prod_util - ERROR  - system_log - 
Error: time data '\xa0' does not match format '%B %d, %Y'
Function Name: _strptime
Data Corruption:
('1.5', 'WINNIPEG A CS', ' MANITOBA ', '7.2', '\xa0', '\xa0')


2024-04-10 17:46:15,940 - prod_util - ERROR  - system_log - 
Error: time data '\xa0' does not match format '%B %d, %Y'
Function Name: _strptime
Data Corruption:
('7.2', 'WINNIPEG A CS', ' MANITOBA ', '\xa0', '\xa0', '\xa0')


2024-04-10 17:46:15,946 - prod_util - ERROR  - system_log - 
Error: time data '\xa0' does not match format '%B %d, %Y'
Function Name: _strptime
Data Corruption:
('-6.4', 'WINNIPEG A CS', ' MANITOBA ', '-19.4', '-12.9', '\xa0')


2024-04-10 17:46:15,946 - prod_util - ERROR  - system_log - 
Error: time data '\xa0' does not match format '%B %d, %Y'
Function Name: _strptime
Data Corruption:
('-19.4', 'WINNIPEG A CS', ' MANITOBA ', '-12.9', '\xa0', '\xa0')


2024-04-10 17:46:15,947 - prod_util - ERROR  - system_log - 
Error: time data '\xa0' does not match format '%B %d, %Y'
Function Name: _strptime
Data Corruption:
('-12.9', 'WINNIPEG A CS', ' MANITOBA ', '\xa0', '\xa0', '\xa0')


2024-04-10 17:46:15,979 - urllib3.connectionpool - DEBUG  - _make_request - https://climate.weather.gc.ca:443 "GET /climate_data/daily_data_e.html?StationID=27174&timeframe=2&StartYear=1840&EndYear=2018&Year=2020&Month=3 HTTP/1.1" 200 8630
2024-04-10 17:46:16,037 - urllib3.connectionpool - DEBUG  - _new_conn - Starting new HTTPS connection (1): climate.weather.gc.ca:443
2024-04-10 17:46:16,399 - urllib3.connectionpool - DEBUG  - _make_request - https://climate.weather.gc.ca:443 "GET /climate_data/daily_data_e.html?StationID=27174&timeframe=2&StartYear=1840&EndYear=2018&Year=2003&Month=12 HTTP/1.1" 200 8183
2024-04-10 17:46:16,407 - urllib3.connectionpool - DEBUG  - _new_conn - Starting new HTTPS connection (1): climate.weather.gc.ca:443
2024-04-10 17:46:16,518 - urllib3.connectionpool - DEBUG  - _make_request - https://climate.weather.gc.ca:443 "GET /climate_data/daily_data_e.html?StationID=27174&timeframe=2&StartYear=1840&EndYear=2018&Year=2006&Month=1 HTTP/1.1" 200 7842
2024-04-10 17:46:16,532 - prod_util - ERROR  - system_log - 
Error: could not convert string to float: 'November 2, 2006'
Function Name: _format_payload_for_insert
Data Corruption:
('-12.3', 'WINNIPEG A CS', ' MANITOBA ', '-23.4', '-17.9', 'November 1, 2006')


2024-04-10 17:46:16,532 - prod_util - ERROR  - system_log - 
Error: could not convert string to float: 'November 3, 2006'
Function Name: _format_payload_for_insert
Data Corruption:
('-23.4', 'WINNIPEG A CS', ' MANITOBA ', '-17.9', 'November 1, 2006', 'November 2, 2006')


2024-04-10 17:46:16,532 - prod_util - ERROR  - system_log - 
Error: could not convert string to float: 'November 4, 2006'
Function Name: _format_payload_for_insert
Data Corruption:
('-17.9', 'WINNIPEG A CS', ' MANITOBA ', 'November 1, 2006', 'November 2, 2006', 'November 3, 2006')


2024-04-10 17:46:16,533 - prod_util - ERROR  - system_log - 
Error: could not convert string to float: 'November 5, 2006'
Function Name: _format_payload_for_insert
Data Corruption:
('November 1, 2006', 'WINNIPEG A CS', ' MANITOBA ', 'November 2, 2006', 'November 3, 2006', 'November 4, 2006')


2024-04-10 17:46:16,533 - prod_util - ERROR  - system_log - 
Error: could not convert string to float: 'November 6, 2006'
Function Name: _format_payload_for_insert
Data Corruption:
('November 2, 2006', 'WINNIPEG A CS', ' MANITOBA ', 'November 3, 2006', 'November 4, 2006', 'November 5, 2006')


2024-04-10 17:46:16,533 - prod_util - ERROR  - system_log - 
Error: could not convert string to float: 'November 7, 2006'
Function Name: _format_payload_for_insert
Data Corruption:
('November 3, 2006', 'WINNIPEG A CS', ' MANITOBA ', 'November 4, 2006', 'November 5, 2006', 'November 6, 2006')


2024-04-10 17:46:16,533 - prod_util - ERROR  - system_log - 
Error: could not convert string to float: 'November 8, 2006'
Function Name: _format_payload_for_insert
Data Corruption:
('November 4, 2006', 'WINNIPEG A CS', ' MANITOBA ', 'November 5, 2006', 'November 6, 2006', 'November 7, 2006')


2024-04-10 17:46:16,533 - prod_util - ERROR  - system_log - 
Error: could not convert string to float: 'November 9, 2006'
Function Name: _format_payload_for_insert
Data Corruption:
('November 5, 2006', 'WINNIPEG A CS', ' MANITOBA ', 'November 6, 2006', 'November 7, 2006', 'November 8, 2006')


2024-04-10 17:46:16,534 - prod_util - ERROR  - system_log - 
Error: could not convert string to float: 'November 10, 2006'
Function Name: _format_payload_for_insert
Data Corruption:
('November 6, 2006', 'WINNIPEG A CS', ' MANITOBA ', 'November 7, 2006', 'November 8, 2006', 'November 9, 2006')


2024-04-10 17:46:16,534 - prod_util - ERROR  - system_log - 
Error: could not convert string to float: 'November 11, 2006'
Function Name: _format_payload_for_insert
Data Corruption:
('November 7, 2006', 'WINNIPEG A CS', ' MANITOBA ', 'November 8, 2006', 'November 9, 2006', 'November 10, 2006')


2024-04-10 17:46:16,534 - prod_util - ERROR  - system_log - 
Error: could not convert string to float: 'November 12, 2006'
Function Name: _format_payload_for_insert
Data Corruption:
('November 8, 2006', 'WINNIPEG A CS', ' MANITOBA ', 'November 9, 2006', 'November 10, 2006', 'November 11, 2006')


2024-04-10 17:46:16,534 - prod_util - ERROR  - system_log - 
Error: could not convert string to float: 'November 13, 2006'
Function Name: _format_payload_for_insert
Data Corruption:
('November 9, 2006', 'WINNIPEG A CS', ' MANITOBA ', 'November 10, 2006', 'November 11, 2006', 'November 12, 2006')


2024-04-10 17:46:16,535 - prod_util - ERROR  - system_log - 
Error: could not convert string to float: 'November 14, 2006'
Function Name: _format_payload_for_insert
Data Corruption:
('November 10, 2006', 'WINNIPEG A CS', ' MANITOBA ', 'November 11, 2006', 'November 12, 2006', 'November 13, 2006')


2024-04-10 17:46:16,535 - prod_util - ERROR  - system_log - 
Error: could not convert string to float: 'November 15, 2006'
Function Name: _format_payload_for_insert
Data Corruption:
('November 11, 2006', 'WINNIPEG A CS', ' MANITOBA ', 'November 12, 2006', 'November 13, 2006', 'November 14, 2006')


2024-04-10 17:46:16,535 - prod_util - ERROR  - system_log - 
Error: could not convert string to float: 'November 16, 2006'
Function Name: _format_payload_for_insert
Data Corruption:
('November 12, 2006', 'WINNIPEG A CS', ' MANITOBA ', 'November 13, 2006', 'November 14, 2006', 'November 15, 2006')


2024-04-10 17:46:16,535 - prod_util - ERROR  - system_log - 
Error: could not convert string to float: 'November 17, 2006'
Function Name: _format_payload_for_insert
Data Corruption:
('November 13, 2006', 'WINNIPEG A CS', ' MANITOBA ', 'November 14, 2006', 'November 15, 2006', 'November 16, 2006')


2024-04-10 17:46:16,536 - prod_util - ERROR  - system_log - 
Error: could not convert string to float: 'October 2, 2006'
Function Name: _format_payload_for_insert
Data Corruption:
('2.9', 'WINNIPEG A CS', ' MANITOBA ', '-4.6', '-0.9', 'October 1, 2006')


2024-04-10 17:46:16,536 - prod_util - ERROR  - system_log - 
Error: time data '28.5' does not match format '%B %d, %Y'
Function Name: _strptime
Data Corruption:
('-4.6', 'WINNIPEG A CS', ' MANITOBA ', '-0.9', 'October 1, 2006', '28.5')


2024-04-10 17:46:16,537 - prod_util - ERROR  - system_log - 
Error: could not convert string to float: 'October 3, 2006'
Function Name: _format_payload_for_insert
Data Corruption:
('-0.9', 'WINNIPEG A CS', ' MANITOBA ', 'October 1, 2006', '28.5', 'October 2, 2006')


2024-04-10 17:46:16,538 - prod_util - ERROR  - system_log - 
Error: time data '14.9' does not match format '%B %d, %Y'
Function Name: _strptime
Data Corruption:
('October 1, 2006', 'WINNIPEG A CS', ' MANITOBA ', '28.5', 'October 2, 2006', '14.9')


2024-04-10 17:46:16,538 - prod_util - ERROR  - system_log - 
Error: could not convert string to float: 'October 4, 2006'
Function Name: _format_payload_for_insert
Data Corruption:
('28.5', 'WINNIPEG A CS', ' MANITOBA ', 'October 2, 2006', '14.9', 'October 3, 2006')


2024-04-10 17:46:16,538 - prod_util - ERROR  - system_log - 
Error: time data '14.4' does not match format '%B %d, %Y'
Function Name: _strptime
Data Corruption:
('October 2, 2006', 'WINNIPEG A CS', ' MANITOBA ', '14.9', 'October 3, 2006', '14.4')


2024-04-10 17:46:16,538 - prod_util - ERROR  - system_log - 
Error: could not convert string to float: 'October 5, 2006'
Function Name: _format_payload_for_insert
Data Corruption:
('14.9', 'WINNIPEG A CS', ' MANITOBA ', 'October 3, 2006', '14.4', 'October 4, 2006')


2024-04-10 17:46:16,538 - prod_util - ERROR  - system_log - 
Error: time data '9.5' does not match format '%B %d, %Y'
Function Name: _strptime
Data Corruption:
('October 3, 2006', 'WINNIPEG A CS', ' MANITOBA ', '14.4', 'October 4, 2006', '9.5')


2024-04-10 17:46:16,539 - prod_util - ERROR  - system_log - 
Error: could not convert string to float: 'October 6, 2006'
Function Name: _format_payload_for_insert
Data Corruption:
('14.4', 'WINNIPEG A CS', ' MANITOBA ', 'October 4, 2006', '9.5', 'October 5, 2006')


2024-04-10 17:46:16,539 - prod_util - ERROR  - system_log - 
Error: time data '20.3' does not match format '%B %d, %Y'
Function Name: _strptime
Data Corruption:
('October 4, 2006', 'WINNIPEG A CS', ' MANITOBA ', '9.5', 'October 5, 2006', '20.3')


2024-04-10 17:46:16,539 - prod_util - ERROR  - system_log - 
Error: could not convert string to float: 'October 7, 2006'
Function Name: _format_payload_for_insert
Data Corruption:
('9.5', 'WINNIPEG A CS', ' MANITOBA ', 'October 5, 2006', '20.3', 'October 6, 2006')


2024-04-10 17:46:16,539 - prod_util - ERROR  - system_log - 
Error: time data '23.0' does not match format '%B %d, %Y'
Function Name: _strptime
Data Corruption:
('October 5, 2006', 'WINNIPEG A CS', ' MANITOBA ', '20.3', 'October 6, 2006', '23.0')


2024-04-10 17:46:16,540 - prod_util - ERROR  - system_log - 
Error: could not convert string to float: 'October 8, 2006'
Function Name: _format_payload_for_insert
Data Corruption:
('20.3', 'WINNIPEG A CS', ' MANITOBA ', 'October 6, 2006', '23.0', 'October 7, 2006')


2024-04-10 17:46:16,540 - prod_util - ERROR  - system_log - 
Error: could not convert string to float: 'October 9, 2006'
Function Name: _format_payload_for_insert
Data Corruption:
('October 6, 2006', 'WINNIPEG A CS', ' MANITOBA ', '23.0', 'October 7, 2006', 'October 8, 2006')


2024-04-10 17:46:16,540 - prod_util - ERROR  - system_log - 
Error: could not convert string to float: 'October 10, 2006'
Function Name: _format_payload_for_insert
Data Corruption:
('23.0', 'WINNIPEG A CS', ' MANITOBA ', 'October 7, 2006', 'October 8, 2006', 'October 9, 2006')


2024-04-10 17:46:16,540 - prod_util - ERROR  - system_log - 
Error: time data '15.3' does not match format '%B %d, %Y'
Function Name: _strptime
Data Corruption:
('October 7, 2006', 'WINNIPEG A CS', ' MANITOBA ', 'October 8, 2006', 'October 9, 2006', '15.3')


2024-04-10 17:46:16,541 - prod_util - ERROR  - system_log - 
Error: could not convert string to float: 'October 11, 2006'
Function Name: _format_payload_for_insert
Data Corruption:
('October 8, 2006', 'WINNIPEG A CS', ' MANITOBA ', 'October 9, 2006', '15.3', 'October 10, 2006')


2024-04-10 17:46:16,541 - prod_util - ERROR  - system_log - 
Error: could not convert string to float: 'October 12, 2006'
Function Name: _format_payload_for_insert
Data Corruption:
('October 9, 2006', 'WINNIPEG A CS', ' MANITOBA ', '15.3', 'October 10, 2006', 'October 11, 2006')


2024-04-10 17:46:16,541 - prod_util - ERROR  - system_log - 
Error: could not convert string to float: 'October 13, 2006'
Function Name: _format_payload_for_insert
Data Corruption:
('15.3', 'WINNIPEG A CS', ' MANITOBA ', 'October 10, 2006', 'October 11, 2006', 'October 12, 2006')


2024-04-10 17:46:16,541 - prod_util - ERROR  - system_log - 
Error: could not convert string to float: 'October 14, 2006'
Function Name: _format_payload_for_insert
Data Corruption:
('October 10, 2006', 'WINNIPEG A CS', ' MANITOBA ', 'October 11, 2006', 'October 12, 2006', 'October 13, 2006')


2024-04-10 17:46:16,541 - prod_util - ERROR  - system_log - 
Error: could not convert string to float: 'October 15, 2006'
Function Name: _format_payload_for_insert
Data Corruption:
('October 11, 2006', 'WINNIPEG A CS', ' MANITOBA ', 'October 12, 2006', 'October 13, 2006', 'October 14, 2006')


2024-04-10 17:46:16,542 - prod_util - ERROR  - system_log - 
Error: could not convert string to float: 'October 16, 2006'
Function Name: _format_payload_for_insert
Data Corruption:
('October 12, 2006', 'WINNIPEG A CS', ' MANITOBA ', 'October 13, 2006', 'October 14, 2006', 'October 15, 2006')


2024-04-10 17:46:16,542 - prod_util - ERROR  - system_log - 
Error: could not convert string to float: 'October 17, 2006'
Function Name: _format_payload_for_insert
Data Corruption:
('October 13, 2006', 'WINNIPEG A CS', ' MANITOBA ', 'October 14, 2006', 'October 15, 2006', 'October 16, 2006')


2024-04-10 17:46:16,543 - prod_util - ERROR  - system_log - 
Error: could not convert string to float: 'September 9, 2006'
Function Name: _format_payload_for_insert
Data Corruption:
('23.1', 'WINNIPEG A CS', ' MANITOBA ', '6.7', '14.9', 'September 8, 2006')


2024-04-10 17:46:16,543 - prod_util - ERROR  - system_log - 
Error: could not convert string to float: 'September 10, 2006'
Function Name: _format_payload_for_insert
Data Corruption:
('6.7', 'WINNIPEG A CS', ' MANITOBA ', '14.9', 'September 8, 2006', 'September 9, 2006')


2024-04-10 17:46:16,544 - prod_util - ERROR  - system_log - 
Error: could not convert string to float: 'September 11, 2006'
Function Name: _format_payload_for_insert
Data Corruption:
('14.9', 'WINNIPEG A CS', ' MANITOBA ', 'September 8, 2006', 'September 9, 2006', 'September 10, 2006')


2024-04-10 17:46:16,544 - prod_util - ERROR  - system_log - 
Error: could not convert string to float: 'September 12, 2006'
Function Name: _format_payload_for_insert
Data Corruption:
('September 8, 2006', 'WINNIPEG A CS', ' MANITOBA ', 'September 9, 2006', 'September 10, 2006', 'September 11, 2006')


2024-04-10 17:46:16,544 - prod_util - ERROR  - system_log - 
Error: could not convert string to float: 'September 13, 2006'
Function Name: _format_payload_for_insert
Data Corruption:
('September 9, 2006', 'WINNIPEG A CS', ' MANITOBA ', 'September 10, 2006', 'September 11, 2006', 'September 12, 2006')


2024-04-10 17:46:16,544 - prod_util - ERROR  - system_log - 
Error: could not convert string to float: 'September 14, 2006'
Function Name: _format_payload_for_insert
Data Corruption:
('September 10, 2006', 'WINNIPEG A CS', ' MANITOBA ', 'September 11, 2006', 'September 12, 2006', 'September 13, 2006')


2024-04-10 17:46:16,544 - prod_util - ERROR  - system_log - 
Error: could not convert string to float: 'September 15, 2006'
Function Name: _format_payload_for_insert
Data Corruption:
('September 11, 2006', 'WINNIPEG A CS', ' MANITOBA ', 'September 12, 2006', 'September 13, 2006', 'September 14, 2006')


2024-04-10 17:46:16,545 - prod_util - ERROR  - system_log - 
Error: could not convert string to float: 'September 16, 2006'
Function Name: _format_payload_for_insert
Data Corruption:
('September 12, 2006', 'WINNIPEG A CS', ' MANITOBA ', 'September 13, 2006', 'September 14, 2006', 'September 15, 2006')


2024-04-10 17:46:16,545 - prod_util - ERROR  - system_log - 
Error: could not convert string to float: 'September 17, 2006'
Function Name: _format_payload_for_insert
Data Corruption:
('September 13, 2006', 'WINNIPEG A CS', ' MANITOBA ', 'September 14, 2006', 'September 15, 2006', 'September 16, 2006')


2024-04-10 17:46:16,545 - prod_util - ERROR  - system_log - 
Error: could not convert string to float: 'September 18, 2006'
Function Name: _format_payload_for_insert
Data Corruption:
('September 14, 2006', 'WINNIPEG A CS', ' MANITOBA ', 'September 15, 2006', 'September 16, 2006', 'September 17, 2006')


2024-04-10 17:46:16,545 - prod_util - ERROR  - system_log - 
Error: could not convert string to float: 'September 19, 2006'
Function Name: _format_payload_for_insert
Data Corruption:
('September 15, 2006', 'WINNIPEG A CS', ' MANITOBA ', 'September 16, 2006', 'September 17, 2006', 'September 18, 2006')


2024-04-10 17:46:16,545 - prod_util - ERROR  - system_log - 
Error: could not convert string to float: 'September 20, 2006'
Function Name: _format_payload_for_insert
Data Corruption:
('September 16, 2006', 'WINNIPEG A CS', ' MANITOBA ', 'September 17, 2006', 'September 18, 2006', 'September 19, 2006')


2024-04-10 17:46:16,546 - prod_util - ERROR  - system_log - 
Error: time data '8.7' does not match format '%B %d, %Y'
Function Name: _strptime
Data Corruption:
('September 17, 2006', 'WINNIPEG A CS', ' MANITOBA ', 'September 18, 2006', 'September 19, 2006', '8.7')


2024-04-10 17:46:16,546 - prod_util - ERROR  - system_log - 
Error: could not convert string to float: 'September 21, 2006'
Function Name: _format_payload_for_insert
Data Corruption:
('September 18, 2006', 'WINNIPEG A CS', ' MANITOBA ', 'September 19, 2006', '8.7', 'September 20, 2006')


2024-04-10 17:46:16,546 - prod_util - ERROR  - system_log - 
Error: could not convert string to float: 'September 22, 2006'
Function Name: _format_payload_for_insert
Data Corruption:
('September 19, 2006', 'WINNIPEG A CS', ' MANITOBA ', '8.7', 'September 20, 2006', 'September 21, 2006')


2024-04-10 17:46:16,546 - prod_util - ERROR  - system_log - 
Error: could not convert string to float: 'September 23, 2006'
Function Name: _format_payload_for_insert
Data Corruption:
('8.7', 'WINNIPEG A CS', ' MANITOBA ', 'September 20, 2006', 'September 21, 2006', 'September 22, 2006')


2024-04-10 17:46:16,546 - prod_util - ERROR  - system_log - 
Error: time data '20.4' does not match format '%B %d, %Y'
Function Name: _strptime
Data Corruption:
('September 20, 2006', 'WINNIPEG A CS', ' MANITOBA ', 'September 21, 2006', 'September 22, 2006', '20.4')


2024-04-10 17:46:16,547 - prod_util - ERROR  - system_log - 
Error: could not convert string to float: 'September 24, 2006'
Function Name: _format_payload_for_insert
Data Corruption:
('September 21, 2006', 'WINNIPEG A CS', ' MANITOBA ', 'September 22, 2006', '20.4', 'September 23, 2006')


2024-04-10 17:46:16,547 - prod_util - ERROR  - system_log - 
Error: time data '17.0' does not match format '%B %d, %Y'
Function Name: _strptime
Data Corruption:
('September 22, 2006', 'WINNIPEG A CS', ' MANITOBA ', '20.4', 'September 23, 2006', '17.0')


2024-04-10 17:46:16,547 - prod_util - ERROR  - system_log - 
Error: could not convert string to float: 'September 25, 2006'
Function Name: _format_payload_for_insert
Data Corruption:
('20.4', 'WINNIPEG A CS', ' MANITOBA ', 'September 23, 2006', '17.0', 'September 24, 2006')


2024-04-10 17:46:16,547 - prod_util - ERROR  - system_log - 
Error: time data '22.0' does not match format '%B %d, %Y'
Function Name: _strptime
Data Corruption:
('September 23, 2006', 'WINNIPEG A CS', ' MANITOBA ', '17.0', 'September 24, 2006', '22.0')


2024-04-10 17:46:16,548 - prod_util - ERROR  - system_log - 
Error: could not convert string to float: 'September 26, 2006'
Function Name: _format_payload_for_insert
Data Corruption:
('17.0', 'WINNIPEG A CS', ' MANITOBA ', 'September 24, 2006', '22.0', 'September 25, 2006')


2024-04-10 17:46:16,548 - prod_util - ERROR  - system_log - 
Error: time data '20.0' does not match format '%B %d, %Y'
Function Name: _strptime
Data Corruption:
('September 24, 2006', 'WINNIPEG A CS', ' MANITOBA ', '22.0', 'September 25, 2006', '20.0')


2024-04-10 17:46:16,548 - prod_util - ERROR  - system_log - 
Error: could not convert string to float: 'September 27, 2006'
Function Name: _format_payload_for_insert
Data Corruption:
('22.0', 'WINNIPEG A CS', ' MANITOBA ', 'September 25, 2006', '20.0', 'September 26, 2006')


2024-04-10 17:46:16,548 - prod_util - ERROR  - system_log - 
Error: could not convert string to float: 'September 28, 2006'
Function Name: _format_payload_for_insert
Data Corruption:
('September 25, 2006', 'WINNIPEG A CS', ' MANITOBA ', '20.0', 'September 26, 2006', 'September 27, 2006')


2024-04-10 17:46:16,548 - prod_util - ERROR  - system_log - 
Error: could not convert string to float: 'September 29, 2006'
Function Name: _format_payload_for_insert
Data Corruption:
('20.0', 'WINNIPEG A CS', ' MANITOBA ', 'September 26, 2006', 'September 27, 2006', 'September 28, 2006')


2024-04-10 17:46:16,549 - prod_util - ERROR  - system_log - 
Error: could not convert string to float: 'September 30, 2006'
Function Name: _format_payload_for_insert
Data Corruption:
('September 26, 2006', 'WINNIPEG A CS', ' MANITOBA ', 'September 27, 2006', 'September 28, 2006', 'September 29, 2006')


2024-04-10 17:46:16,549 - prod_util - ERROR  - system_log - 
Error: list index out of range
Function Name: _format_payload_for_insert
Data Corruption:
('September 27, 2006', 'WINNIPEG A CS', ' MANITOBA ', 'September 28, 2006', 'September 29, 2006', 'September 30, 2006')


2024-04-10 17:46:16,553 - prod_util - ERROR  - system_log - 
Error: could not convert string to float: 'May 2, 2006'
Function Name: _format_payload_for_insert
Data Corruption:
('May 29, 2006', 'WINNIPEG A CS', ' MANITOBA ', 'May 30, 2006', 'May 31, 2006', 'May 1, 2006')


2024-04-10 17:46:16,554 - prod_util - ERROR  - system_log - 
Error: could not convert string to float: 'May 3, 2006'
Function Name: _format_payload_for_insert
Data Corruption:
('May 30, 2006', 'WINNIPEG A CS', ' MANITOBA ', 'May 31, 2006', 'May 1, 2006', 'May 2, 2006')


2024-04-10 17:46:16,554 - prod_util - ERROR  - system_log - 
Error: could not convert string to float: 'May 4, 2006'
Function Name: _format_payload_for_insert
Data Corruption:
('May 31, 2006', 'WINNIPEG A CS', ' MANITOBA ', 'May 1, 2006', 'May 2, 2006', 'May 3, 2006')


2024-04-10 17:46:16,554 - prod_util - ERROR  - system_log - 
Error: could not convert string to float: 'May 5, 2006'
Function Name: _format_payload_for_insert
Data Corruption:
('May 1, 2006', 'WINNIPEG A CS', ' MANITOBA ', 'May 2, 2006', 'May 3, 2006', 'May 4, 2006')


2024-04-10 17:46:16,554 - prod_util - ERROR  - system_log - 
Error: could not convert string to float: 'May 6, 2006'
Function Name: _format_payload_for_insert
Data Corruption:
('May 2, 2006', 'WINNIPEG A CS', ' MANITOBA ', 'May 3, 2006', 'May 4, 2006', 'May 5, 2006')


2024-04-10 17:46:16,554 - prod_util - ERROR  - system_log - 
Error: could not convert string to float: 'May 7, 2006'
Function Name: _format_payload_for_insert
Data Corruption:
('May 3, 2006', 'WINNIPEG A CS', ' MANITOBA ', 'May 4, 2006', 'May 5, 2006', 'May 6, 2006')


2024-04-10 17:46:16,554 - prod_util - ERROR  - system_log - 
Error: could not convert string to float: 'May 8, 2006'
Function Name: _format_payload_for_insert
Data Corruption:
('May 4, 2006', 'WINNIPEG A CS', ' MANITOBA ', 'May 5, 2006', 'May 6, 2006', 'May 7, 2006')


2024-04-10 17:46:16,555 - prod_util - ERROR  - system_log - 
Error: could not convert string to float: 'May 9, 2006'
Function Name: _format_payload_for_insert
Data Corruption:
('May 5, 2006', 'WINNIPEG A CS', ' MANITOBA ', 'May 6, 2006', 'May 7, 2006', 'May 8, 2006')


2024-04-10 17:46:16,555 - prod_util - ERROR  - system_log - 
Error: could not convert string to float: 'May 10, 2006'
Function Name: _format_payload_for_insert
Data Corruption:
('May 6, 2006', 'WINNIPEG A CS', ' MANITOBA ', 'May 7, 2006', 'May 8, 2006', 'May 9, 2006')


2024-04-10 17:46:16,555 - prod_util - ERROR  - system_log - 
Error: could not convert string to float: 'May 11, 2006'
Function Name: _format_payload_for_insert
Data Corruption:
('May 7, 2006', 'WINNIPEG A CS', ' MANITOBA ', 'May 8, 2006', 'May 9, 2006', 'May 10, 2006')


2024-04-10 17:46:16,555 - prod_util - ERROR  - system_log - 
Error: could not convert string to float: 'May 12, 2006'
Function Name: _format_payload_for_insert
Data Corruption:
('May 8, 2006', 'WINNIPEG A CS', ' MANITOBA ', 'May 9, 2006', 'May 10, 2006', 'May 11, 2006')


2024-04-10 17:46:16,555 - prod_util - ERROR  - system_log - 
Error: could not convert string to float: 'May 13, 2006'
Function Name: _format_payload_for_insert
Data Corruption:
('May 9, 2006', 'WINNIPEG A CS', ' MANITOBA ', 'May 10, 2006', 'May 11, 2006', 'May 12, 2006')


2024-04-10 17:46:16,555 - prod_util - ERROR  - system_log - 
Error: could not convert string to float: 'May 14, 2006'
Function Name: _format_payload_for_insert
Data Corruption:
('May 10, 2006', 'WINNIPEG A CS', ' MANITOBA ', 'May 11, 2006', 'May 12, 2006', 'May 13, 2006')


2024-04-10 17:46:16,555 - prod_util - ERROR  - system_log - 
Error: could not convert string to float: 'May 15, 2006'
Function Name: _format_payload_for_insert
Data Corruption:
('May 11, 2006', 'WINNIPEG A CS', ' MANITOBA ', 'May 12, 2006', 'May 13, 2006', 'May 14, 2006')


2024-04-10 17:46:16,555 - prod_util - ERROR  - system_log - 
Error: could not convert string to float: 'May 16, 2006'
Function Name: _format_payload_for_insert
Data Corruption:
('May 12, 2006', 'WINNIPEG A CS', ' MANITOBA ', 'May 13, 2006', 'May 14, 2006', 'May 15, 2006')


2024-04-10 17:46:16,556 - prod_util - ERROR  - system_log - 
Error: could not convert string to float: 'May 17, 2006'
Function Name: _format_payload_for_insert
Data Corruption:
('May 13, 2006', 'WINNIPEG A CS', ' MANITOBA ', 'May 14, 2006', 'May 15, 2006', 'May 16, 2006')


2024-04-10 17:46:16,556 - prod_util - ERROR  - system_log - 
Error: could not convert string to float: 'May 18, 2006'
Function Name: _format_payload_for_insert
Data Corruption:
('May 14, 2006', 'WINNIPEG A CS', ' MANITOBA ', 'May 15, 2006', 'May 16, 2006', 'May 17, 2006')


2024-04-10 17:46:16,556 - prod_util - ERROR  - system_log - 
Error: could not convert string to float: 'May 19, 2006'
Function Name: _format_payload_for_insert
Data Corruption:
('May 15, 2006', 'WINNIPEG A CS', ' MANITOBA ', 'May 16, 2006', 'May 17, 2006', 'May 18, 2006')


2024-04-10 17:46:16,556 - prod_util - ERROR  - system_log - 
Error: could not convert string to float: 'May 20, 2006'
Function Name: _format_payload_for_insert
Data Corruption:
('May 16, 2006', 'WINNIPEG A CS', ' MANITOBA ', 'May 17, 2006', 'May 18, 2006', 'May 19, 2006')


2024-04-10 17:46:16,556 - prod_util - ERROR  - system_log - 
Error: could not convert string to float: 'May 21, 2006'
Function Name: _format_payload_for_insert
Data Corruption:
('May 17, 2006', 'WINNIPEG A CS', ' MANITOBA ', 'May 18, 2006', 'May 19, 2006', 'May 20, 2006')


2024-04-10 17:46:16,556 - prod_util - ERROR  - system_log - 
Error: could not convert string to float: 'May 22, 2006'
Function Name: _format_payload_for_insert
Data Corruption:
('May 18, 2006', 'WINNIPEG A CS', ' MANITOBA ', 'May 19, 2006', 'May 20, 2006', 'May 21, 2006')


2024-04-10 17:46:16,557 - prod_util - ERROR  - system_log - 
Error: could not convert string to float: 'May 23, 2006'
Function Name: _format_payload_for_insert
Data Corruption:
('May 19, 2006', 'WINNIPEG A CS', ' MANITOBA ', 'May 20, 2006', 'May 21, 2006', 'May 22, 2006')


2024-04-10 17:46:16,557 - prod_util - ERROR  - system_log - 
Error: could not convert string to float: 'May 24, 2006'
Function Name: _format_payload_for_insert
Data Corruption:
('May 20, 2006', 'WINNIPEG A CS', ' MANITOBA ', 'May 21, 2006', 'May 22, 2006', 'May 23, 2006')


2024-04-10 17:46:16,557 - prod_util - ERROR  - system_log - 
Error: could not convert string to float: 'May 25, 2006'
Function Name: _format_payload_for_insert
Data Corruption:
('May 21, 2006', 'WINNIPEG A CS', ' MANITOBA ', 'May 22, 2006', 'May 23, 2006', 'May 24, 2006')


2024-04-10 17:46:16,557 - prod_util - ERROR  - system_log - 
Error: could not convert string to float: 'May 26, 2006'
Function Name: _format_payload_for_insert
Data Corruption:
('May 22, 2006', 'WINNIPEG A CS', ' MANITOBA ', 'May 23, 2006', 'May 24, 2006', 'May 25, 2006')


2024-04-10 17:46:16,557 - prod_util - ERROR  - system_log - 
Error: could not convert string to float: 'May 27, 2006'
Function Name: _format_payload_for_insert
Data Corruption:
('May 23, 2006', 'WINNIPEG A CS', ' MANITOBA ', 'May 24, 2006', 'May 25, 2006', 'May 26, 2006')


2024-04-10 17:46:16,558 - prod_util - ERROR  - system_log - 
Error: could not convert string to float: 'May 28, 2006'
Function Name: _format_payload_for_insert
Data Corruption:
('May 24, 2006', 'WINNIPEG A CS', ' MANITOBA ', 'May 25, 2006', 'May 26, 2006', 'May 27, 2006')


2024-04-10 17:46:16,558 - prod_util - ERROR  - system_log - 
Error: could not convert string to float: 'May 29, 2006'
Function Name: _format_payload_for_insert
Data Corruption:
('May 25, 2006', 'WINNIPEG A CS', ' MANITOBA ', 'May 26, 2006', 'May 27, 2006', 'May 28, 2006')


2024-04-10 17:46:16,558 - prod_util - ERROR  - system_log - 
Error: could not convert string to float: 'May 30, 2006'
Function Name: _format_payload_for_insert
Data Corruption:
('May 26, 2006', 'WINNIPEG A CS', ' MANITOBA ', 'May 27, 2006', 'May 28, 2006', 'May 29, 2006')


2024-04-10 17:46:16,558 - prod_util - ERROR  - system_log - 
Error: could not convert string to float: 'May 31, 2006'
Function Name: _format_payload_for_insert
Data Corruption:
('May 27, 2006', 'WINNIPEG A CS', ' MANITOBA ', 'May 28, 2006', 'May 29, 2006', 'May 30, 2006')


2024-04-10 17:46:16,558 - prod_util - ERROR  - system_log - 
Error: list index out of range
Function Name: _format_payload_for_insert
Data Corruption:
('May 28, 2006', 'WINNIPEG A CS', ' MANITOBA ', 'May 29, 2006', 'May 30, 2006', 'May 31, 2006')


2024-04-10 17:46:16,560 - prod_util - ERROR  - system_log - 
Error: could not convert string to float: '\xa0'
Function Name: _format_payload_for_insert
Data Corruption:
('April 30, 2006', 'WINNIPEG A CS', ' MANITOBA ', '\xa0', '\xa0', 'April 1, 2006')


2024-04-10 17:46:16,560 - prod_util - ERROR  - system_log - 
Error: time data '\xa0' does not match format '%B %d, %Y'
Function Name: _strptime
Data Corruption:
('\xa0', 'WINNIPEG A CS', ' MANITOBA ', '\xa0', 'April 1, 2006', '\xa0')


2024-04-10 17:46:16,561 - prod_util - ERROR  - system_log - 
Error: time data '\xa0' does not match format '%B %d, %Y'
Function Name: _strptime
Data Corruption:
('\xa0', 'WINNIPEG A CS', ' MANITOBA ', 'April 1, 2006', '\xa0', '\xa0')


2024-04-10 17:46:16,561 - prod_util - ERROR  - system_log - 
Error: could not convert string to float: '\xa0'
Function Name: _format_payload_for_insert
Data Corruption:
('April 1, 2006', 'WINNIPEG A CS', ' MANITOBA ', '\xa0', '\xa0', 'April 2, 2006')


2024-04-10 17:46:16,561 - prod_util - ERROR  - system_log - 
Error: time data '\xa0' does not match format '%B %d, %Y'
Function Name: _strptime
Data Corruption:
('\xa0', 'WINNIPEG A CS', ' MANITOBA ', '\xa0', 'April 2, 2006', '\xa0')


2024-04-10 17:46:16,561 - prod_util - ERROR  - system_log - 
Error: time data '\xa0' does not match format '%B %d, %Y'
Function Name: _strptime
Data Corruption:
('\xa0', 'WINNIPEG A CS', ' MANITOBA ', 'April 2, 2006', '\xa0', '\xa0')


2024-04-10 17:46:16,562 - prod_util - ERROR  - system_log - 
Error: could not convert string to float: '\xa0'
Function Name: _format_payload_for_insert
Data Corruption:
('April 2, 2006', 'WINNIPEG A CS', ' MANITOBA ', '\xa0', '\xa0', 'April 3, 2006')


2024-04-10 17:46:16,562 - prod_util - ERROR  - system_log - 
Error: time data '\xa0' does not match format '%B %d, %Y'
Function Name: _strptime
Data Corruption:
('\xa0', 'WINNIPEG A CS', ' MANITOBA ', '\xa0', 'April 3, 2006', '\xa0')


2024-04-10 17:46:16,562 - prod_util - ERROR  - system_log - 
Error: time data '\xa0' does not match format '%B %d, %Y'
Function Name: _strptime
Data Corruption:
('\xa0', 'WINNIPEG A CS', ' MANITOBA ', 'April 3, 2006', '\xa0', '\xa0')


2024-04-10 17:46:16,562 - prod_util - ERROR  - system_log - 
Error: could not convert string to float: '\xa0'
Function Name: _format_payload_for_insert
Data Corruption:
('April 3, 2006', 'WINNIPEG A CS', ' MANITOBA ', '\xa0', '\xa0', 'April 4, 2006')


2024-04-10 17:46:16,563 - prod_util - ERROR  - system_log - 
Error: time data '\xa0' does not match format '%B %d, %Y'
Function Name: _strptime
Data Corruption:
('\xa0', 'WINNIPEG A CS', ' MANITOBA ', '\xa0', 'April 4, 2006', '\xa0')


2024-04-10 17:46:16,563 - prod_util - ERROR  - system_log - 
Error: time data '\xa0' does not match format '%B %d, %Y'
Function Name: _strptime
Data Corruption:
('\xa0', 'WINNIPEG A CS', ' MANITOBA ', 'April 4, 2006', '\xa0', '\xa0')


2024-04-10 17:46:16,563 - prod_util - ERROR  - system_log - 
Error: could not convert string to float: '\xa0'
Function Name: _format_payload_for_insert
Data Corruption:
('April 4, 2006', 'WINNIPEG A CS', ' MANITOBA ', '\xa0', '\xa0', 'April 5, 2006')


2024-04-10 17:46:16,563 - prod_util - ERROR  - system_log - 
Error: time data '\xa0' does not match format '%B %d, %Y'
Function Name: _strptime
Data Corruption:
('\xa0', 'WINNIPEG A CS', ' MANITOBA ', '\xa0', 'April 5, 2006', '\xa0')


2024-04-10 17:46:16,564 - prod_util - ERROR  - system_log - 
Error: time data '\xa0' does not match format '%B %d, %Y'
Function Name: _strptime
Data Corruption:
('\xa0', 'WINNIPEG A CS', ' MANITOBA ', 'April 5, 2006', '\xa0', '\xa0')


2024-04-10 17:46:16,564 - prod_util - ERROR  - system_log - 
Error: could not convert string to float: '\xa0'
Function Name: _format_payload_for_insert
Data Corruption:
('April 5, 2006', 'WINNIPEG A CS', ' MANITOBA ', '\xa0', '\xa0', 'April 6, 2006')


2024-04-10 17:46:16,564 - prod_util - ERROR  - system_log - 
Error: time data '\xa0' does not match format '%B %d, %Y'
Function Name: _strptime
Data Corruption:
('\xa0', 'WINNIPEG A CS', ' MANITOBA ', '\xa0', 'April 6, 2006', '\xa0')


2024-04-10 17:46:16,564 - prod_util - ERROR  - system_log - 
Error: time data '\xa0' does not match format '%B %d, %Y'
Function Name: _strptime
Data Corruption:
('\xa0', 'WINNIPEG A CS', ' MANITOBA ', 'April 6, 2006', '\xa0', '\xa0')


2024-04-10 17:46:16,565 - prod_util - ERROR  - system_log - 
Error: could not convert string to float: '\xa0'
Function Name: _format_payload_for_insert
Data Corruption:
('April 6, 2006', 'WINNIPEG A CS', ' MANITOBA ', '\xa0', '\xa0', 'April 7, 2006')


2024-04-10 17:46:16,565 - prod_util - ERROR  - system_log - 
Error: time data '\xa0' does not match format '%B %d, %Y'
Function Name: _strptime
Data Corruption:
('\xa0', 'WINNIPEG A CS', ' MANITOBA ', '\xa0', 'April 7, 2006', '\xa0')


2024-04-10 17:46:16,565 - prod_util - ERROR  - system_log - 
Error: time data '\xa0' does not match format '%B %d, %Y'
Function Name: _strptime
Data Corruption:
('\xa0', 'WINNIPEG A CS', ' MANITOBA ', 'April 7, 2006', '\xa0', '\xa0')


2024-04-10 17:46:16,565 - prod_util - ERROR  - system_log - 
Error: could not convert string to float: '\xa0'
Function Name: _format_payload_for_insert
Data Corruption:
('April 7, 2006', 'WINNIPEG A CS', ' MANITOBA ', '\xa0', '\xa0', 'April 8, 2006')


2024-04-10 17:46:16,565 - prod_util - ERROR  - system_log - 
Error: time data '\xa0' does not match format '%B %d, %Y'
Function Name: _strptime
Data Corruption:
('\xa0', 'WINNIPEG A CS', ' MANITOBA ', '\xa0', 'April 8, 2006', '\xa0')


2024-04-10 17:46:16,565 - prod_util - ERROR  - system_log - 
Error: time data '\xa0' does not match format '%B %d, %Y'
Function Name: _strptime
Data Corruption:
('\xa0', 'WINNIPEG A CS', ' MANITOBA ', 'April 8, 2006', '\xa0', '\xa0')


2024-04-10 17:46:16,566 - prod_util - ERROR  - system_log - 
Error: could not convert string to float: '\xa0'
Function Name: _format_payload_for_insert
Data Corruption:
('April 8, 2006', 'WINNIPEG A CS', ' MANITOBA ', '\xa0', '\xa0', 'April 9, 2006')


2024-04-10 17:46:16,566 - prod_util - ERROR  - system_log - 
Error: time data '\xa0' does not match format '%B %d, %Y'
Function Name: _strptime
Data Corruption:
('\xa0', 'WINNIPEG A CS', ' MANITOBA ', '\xa0', 'April 9, 2006', '\xa0')


2024-04-10 17:46:16,566 - prod_util - ERROR  - system_log - 
Error: time data '\xa0' does not match format '%B %d, %Y'
Function Name: _strptime
Data Corruption:
('\xa0', 'WINNIPEG A CS', ' MANITOBA ', 'April 9, 2006', '\xa0', '\xa0')


2024-04-10 17:46:16,566 - prod_util - ERROR  - system_log - 
Error: could not convert string to float: '\xa0'
Function Name: _format_payload_for_insert
Data Corruption:
('April 9, 2006', 'WINNIPEG A CS', ' MANITOBA ', '\xa0', '\xa0', 'April 10, 2006')


2024-04-10 17:46:16,567 - prod_util - ERROR  - system_log - 
Error: time data '\xa0' does not match format '%B %d, %Y'
Function Name: _strptime
Data Corruption:
('\xa0', 'WINNIPEG A CS', ' MANITOBA ', '\xa0', 'April 10, 2006', '\xa0')


2024-04-10 17:46:16,567 - prod_util - ERROR  - system_log - 
Error: time data '\xa0' does not match format '%B %d, %Y'
Function Name: _strptime
Data Corruption:
('\xa0', 'WINNIPEG A CS', ' MANITOBA ', 'April 10, 2006', '\xa0', '\xa0')


2024-04-10 17:46:16,567 - prod_util - ERROR  - system_log - 
Error: could not convert string to float: '\xa0'
Function Name: _format_payload_for_insert
Data Corruption:
('April 10, 2006', 'WINNIPEG A CS', ' MANITOBA ', '\xa0', '\xa0', 'April 11, 2006')


2024-04-10 17:46:16,567 - prod_util - ERROR  - system_log - 
Error: time data '\xa0' does not match format '%B %d, %Y'
Function Name: _strptime
Data Corruption:
('\xa0', 'WINNIPEG A CS', ' MANITOBA ', '\xa0', 'April 11, 2006', '\xa0')


2024-04-10 17:46:16,568 - prod_util - ERROR  - system_log - 
Error: time data '\xa0' does not match format '%B %d, %Y'
Function Name: _strptime
Data Corruption:
('\xa0', 'WINNIPEG A CS', ' MANITOBA ', 'April 11, 2006', '\xa0', '\xa0')


2024-04-10 17:46:16,568 - prod_util - ERROR  - system_log - 
Error: could not convert string to float: '\xa0'
Function Name: _format_payload_for_insert
Data Corruption:
('April 11, 2006', 'WINNIPEG A CS', ' MANITOBA ', '\xa0', '\xa0', 'April 12, 2006')


2024-04-10 17:46:16,568 - prod_util - ERROR  - system_log - 
Error: time data '\xa0' does not match format '%B %d, %Y'
Function Name: _strptime
Data Corruption:
('\xa0', 'WINNIPEG A CS', ' MANITOBA ', '\xa0', 'April 12, 2006', '\xa0')


2024-04-10 17:46:16,569 - prod_util - ERROR  - system_log - 
Error: time data '\xa0' does not match format '%B %d, %Y'
Function Name: _strptime
Data Corruption:
('\xa0', 'WINNIPEG A CS', ' MANITOBA ', 'April 12, 2006', '\xa0', '\xa0')


2024-04-10 17:46:16,569 - prod_util - ERROR  - system_log - 
Error: could not convert string to float: '\xa0'
Function Name: _format_payload_for_insert
Data Corruption:
('April 12, 2006', 'WINNIPEG A CS', ' MANITOBA ', '\xa0', '\xa0', 'April 13, 2006')


2024-04-10 17:46:16,569 - prod_util - ERROR  - system_log - 
Error: time data '\xa0' does not match format '%B %d, %Y'
Function Name: _strptime
Data Corruption:
('\xa0', 'WINNIPEG A CS', ' MANITOBA ', '\xa0', 'April 13, 2006', '\xa0')


2024-04-10 17:46:16,569 - prod_util - ERROR  - system_log - 
Error: time data '\xa0' does not match format '%B %d, %Y'
Function Name: _strptime
Data Corruption:
('\xa0', 'WINNIPEG A CS', ' MANITOBA ', 'April 13, 2006', '\xa0', '\xa0')


2024-04-10 17:46:16,570 - prod_util - ERROR  - system_log - 
Error: could not convert string to float: '\xa0'
Function Name: _format_payload_for_insert
Data Corruption:
('April 13, 2006', 'WINNIPEG A CS', ' MANITOBA ', '\xa0', '\xa0', 'April 14, 2006')


2024-04-10 17:46:16,570 - prod_util - ERROR  - system_log - 
Error: time data '\xa0' does not match format '%B %d, %Y'
Function Name: _strptime
Data Corruption:
('\xa0', 'WINNIPEG A CS', ' MANITOBA ', '\xa0', 'April 14, 2006', '\xa0')


2024-04-10 17:46:16,570 - prod_util - ERROR  - system_log - 
Error: time data '\xa0' does not match format '%B %d, %Y'
Function Name: _strptime
Data Corruption:
('\xa0', 'WINNIPEG A CS', ' MANITOBA ', 'April 14, 2006', '\xa0', '\xa0')


2024-04-10 17:46:16,570 - prod_util - ERROR  - system_log - 
Error: could not convert string to float: '\xa0'
Function Name: _format_payload_for_insert
Data Corruption:
('April 14, 2006', 'WINNIPEG A CS', ' MANITOBA ', '\xa0', '\xa0', 'April 15, 2006')


2024-04-10 17:46:16,571 - prod_util - ERROR  - system_log - 
Error: time data '\xa0' does not match format '%B %d, %Y'
Function Name: _strptime
Data Corruption:
('\xa0', 'WINNIPEG A CS', ' MANITOBA ', '\xa0', 'April 15, 2006', '\xa0')


2024-04-10 17:46:16,571 - prod_util - ERROR  - system_log - 
Error: time data '\xa0' does not match format '%B %d, %Y'
Function Name: _strptime
Data Corruption:
('\xa0', 'WINNIPEG A CS', ' MANITOBA ', 'April 15, 2006', '\xa0', '\xa0')


2024-04-10 17:46:16,571 - prod_util - ERROR  - system_log - 
Error: could not convert string to float: '\xa0'
Function Name: _format_payload_for_insert
Data Corruption:
('April 15, 2006', 'WINNIPEG A CS', ' MANITOBA ', '\xa0', '\xa0', 'April 16, 2006')


2024-04-10 17:46:16,571 - prod_util - ERROR  - system_log - 
Error: time data '\xa0' does not match format '%B %d, %Y'
Function Name: _strptime
Data Corruption:
('\xa0', 'WINNIPEG A CS', ' MANITOBA ', '\xa0', 'April 16, 2006', '\xa0')


2024-04-10 17:46:16,572 - prod_util - ERROR  - system_log - 
Error: time data '\xa0' does not match format '%B %d, %Y'
Function Name: _strptime
Data Corruption:
('\xa0', 'WINNIPEG A CS', ' MANITOBA ', 'April 16, 2006', '\xa0', '\xa0')


2024-04-10 17:46:16,572 - prod_util - ERROR  - system_log - 
Error: could not convert string to float: '\xa0'
Function Name: _format_payload_for_insert
Data Corruption:
('April 16, 2006', 'WINNIPEG A CS', ' MANITOBA ', '\xa0', '\xa0', 'April 17, 2006')


2024-04-10 17:46:16,572 - prod_util - ERROR  - system_log - 
Error: time data '\xa0' does not match format '%B %d, %Y'
Function Name: _strptime
Data Corruption:
('\xa0', 'WINNIPEG A CS', ' MANITOBA ', '\xa0', 'April 17, 2006', '\xa0')


2024-04-10 17:46:16,572 - prod_util - ERROR  - system_log - 
Error: time data '\xa0' does not match format '%B %d, %Y'
Function Name: _strptime
Data Corruption:
('\xa0', 'WINNIPEG A CS', ' MANITOBA ', 'April 17, 2006', '\xa0', '\xa0')


2024-04-10 17:46:16,573 - prod_util - ERROR  - system_log - 
Error: could not convert string to float: '\xa0'
Function Name: _format_payload_for_insert
Data Corruption:
('April 17, 2006', 'WINNIPEG A CS', ' MANITOBA ', '\xa0', '\xa0', 'April 18, 2006')


2024-04-10 17:46:16,573 - prod_util - ERROR  - system_log - 
Error: time data '\xa0' does not match format '%B %d, %Y'
Function Name: _strptime
Data Corruption:
('\xa0', 'WINNIPEG A CS', ' MANITOBA ', '\xa0', 'April 18, 2006', '\xa0')


2024-04-10 17:46:16,573 - prod_util - ERROR  - system_log - 
Error: time data '\xa0' does not match format '%B %d, %Y'
Function Name: _strptime
Data Corruption:
('\xa0', 'WINNIPEG A CS', ' MANITOBA ', 'April 18, 2006', '\xa0', '\xa0')


2024-04-10 17:46:16,573 - prod_util - ERROR  - system_log - 
Error: could not convert string to float: '\xa0'
Function Name: _format_payload_for_insert
Data Corruption:
('April 18, 2006', 'WINNIPEG A CS', ' MANITOBA ', '\xa0', '\xa0', 'April 19, 2006')


2024-04-10 17:46:16,573 - prod_util - ERROR  - system_log - 
Error: time data '\xa0' does not match format '%B %d, %Y'
Function Name: _strptime
Data Corruption:
('\xa0', 'WINNIPEG A CS', ' MANITOBA ', '\xa0', 'April 19, 2006', '\xa0')


2024-04-10 17:46:16,575 - prod_util - ERROR  - system_log - 
Error: time data '\xa0' does not match format '%B %d, %Y'
Function Name: _strptime
Data Corruption:
('\xa0', 'WINNIPEG A CS', ' MANITOBA ', 'April 19, 2006', '\xa0', '\xa0')


2024-04-10 17:46:16,575 - prod_util - ERROR  - system_log - 
Error: could not convert string to float: '\xa0'
Function Name: _format_payload_for_insert
Data Corruption:
('April 19, 2006', 'WINNIPEG A CS', ' MANITOBA ', '\xa0', '\xa0', 'April 20, 2006')


2024-04-10 17:46:16,575 - prod_util - ERROR  - system_log - 
Error: time data '\xa0' does not match format '%B %d, %Y'
Function Name: _strptime
Data Corruption:
('\xa0', 'WINNIPEG A CS', ' MANITOBA ', '\xa0', 'April 20, 2006', '\xa0')


2024-04-10 17:46:16,575 - prod_util - ERROR  - system_log - 
Error: time data '\xa0' does not match format '%B %d, %Y'
Function Name: _strptime
Data Corruption:
('\xa0', 'WINNIPEG A CS', ' MANITOBA ', 'April 20, 2006', '\xa0', '\xa0')


2024-04-10 17:46:16,576 - prod_util - ERROR  - system_log - 
Error: could not convert string to float: '\xa0'
Function Name: _format_payload_for_insert
Data Corruption:
('April 20, 2006', 'WINNIPEG A CS', ' MANITOBA ', '\xa0', '\xa0', 'April 21, 2006')


2024-04-10 17:46:16,576 - prod_util - ERROR  - system_log - 
Error: time data '\xa0' does not match format '%B %d, %Y'
Function Name: _strptime
Data Corruption:
('\xa0', 'WINNIPEG A CS', ' MANITOBA ', '\xa0', 'April 21, 2006', '\xa0')


2024-04-10 17:46:16,576 - prod_util - ERROR  - system_log - 
Error: time data '\xa0' does not match format '%B %d, %Y'
Function Name: _strptime
Data Corruption:
('\xa0', 'WINNIPEG A CS', ' MANITOBA ', 'April 21, 2006', '\xa0', '\xa0')


2024-04-10 17:46:16,576 - prod_util - ERROR  - system_log - 
Error: could not convert string to float: '\xa0'
Function Name: _format_payload_for_insert
Data Corruption:
('April 21, 2006', 'WINNIPEG A CS', ' MANITOBA ', '\xa0', '\xa0', 'April 22, 2006')


2024-04-10 17:46:16,577 - prod_util - ERROR  - system_log - 
Error: time data '\xa0' does not match format '%B %d, %Y'
Function Name: _strptime
Data Corruption:
('\xa0', 'WINNIPEG A CS', ' MANITOBA ', '\xa0', 'April 22, 2006', '\xa0')


2024-04-10 17:46:16,577 - prod_util - ERROR  - system_log - 
Error: time data '\xa0' does not match format '%B %d, %Y'
Function Name: _strptime
Data Corruption:
('\xa0', 'WINNIPEG A CS', ' MANITOBA ', 'April 22, 2006', '\xa0', '\xa0')


2024-04-10 17:46:16,577 - prod_util - ERROR  - system_log - 
Error: could not convert string to float: '\xa0'
Function Name: _format_payload_for_insert
Data Corruption:
('April 22, 2006', 'WINNIPEG A CS', ' MANITOBA ', '\xa0', '\xa0', 'April 23, 2006')


2024-04-10 17:46:16,577 - prod_util - ERROR  - system_log - 
Error: time data '\xa0' does not match format '%B %d, %Y'
Function Name: _strptime
Data Corruption:
('\xa0', 'WINNIPEG A CS', ' MANITOBA ', '\xa0', 'April 23, 2006', '\xa0')


2024-04-10 17:46:16,578 - prod_util - ERROR  - system_log - 
Error: time data '\xa0' does not match format '%B %d, %Y'
Function Name: _strptime
Data Corruption:
('\xa0', 'WINNIPEG A CS', ' MANITOBA ', 'April 23, 2006', '\xa0', '\xa0')


2024-04-10 17:46:16,578 - prod_util - ERROR  - system_log - 
Error: could not convert string to float: '\xa0'
Function Name: _format_payload_for_insert
Data Corruption:
('April 23, 2006', 'WINNIPEG A CS', ' MANITOBA ', '\xa0', '\xa0', 'April 24, 2006')


2024-04-10 17:46:16,578 - prod_util - ERROR  - system_log - 
Error: time data '\xa0' does not match format '%B %d, %Y'
Function Name: _strptime
Data Corruption:
('\xa0', 'WINNIPEG A CS', ' MANITOBA ', '\xa0', 'April 24, 2006', '\xa0')


2024-04-10 17:46:16,578 - prod_util - ERROR  - system_log - 
Error: time data '\xa0' does not match format '%B %d, %Y'
Function Name: _strptime
Data Corruption:
('\xa0', 'WINNIPEG A CS', ' MANITOBA ', 'April 24, 2006', '\xa0', '\xa0')


2024-04-10 17:46:16,579 - prod_util - ERROR  - system_log - 
Error: could not convert string to float: '\xa0'
Function Name: _format_payload_for_insert
Data Corruption:
('April 24, 2006', 'WINNIPEG A CS', ' MANITOBA ', '\xa0', '\xa0', 'April 25, 2006')


2024-04-10 17:46:16,579 - prod_util - ERROR  - system_log - 
Error: time data '\xa0' does not match format '%B %d, %Y'
Function Name: _strptime
Data Corruption:
('\xa0', 'WINNIPEG A CS', ' MANITOBA ', '\xa0', 'April 25, 2006', '\xa0')


2024-04-10 17:46:16,579 - prod_util - ERROR  - system_log - 
Error: time data '\xa0' does not match format '%B %d, %Y'
Function Name: _strptime
Data Corruption:
('\xa0', 'WINNIPEG A CS', ' MANITOBA ', 'April 25, 2006', '\xa0', '\xa0')


2024-04-10 17:46:16,579 - prod_util - ERROR  - system_log - 
Error: could not convert string to float: '\xa0'
Function Name: _format_payload_for_insert
Data Corruption:
('April 25, 2006', 'WINNIPEG A CS', ' MANITOBA ', '\xa0', '\xa0', 'April 26, 2006')


2024-04-10 17:46:16,580 - prod_util - ERROR  - system_log - 
Error: time data '\xa0' does not match format '%B %d, %Y'
Function Name: _strptime
Data Corruption:
('\xa0', 'WINNIPEG A CS', ' MANITOBA ', '\xa0', 'April 26, 2006', '\xa0')


2024-04-10 17:46:16,580 - prod_util - ERROR  - system_log - 
Error: time data '\xa0' does not match format '%B %d, %Y'
Function Name: _strptime
Data Corruption:
('\xa0', 'WINNIPEG A CS', ' MANITOBA ', 'April 26, 2006', '\xa0', '\xa0')


2024-04-10 17:46:16,580 - prod_util - ERROR  - system_log - 
Error: could not convert string to float: '\xa0'
Function Name: _format_payload_for_insert
Data Corruption:
('April 26, 2006', 'WINNIPEG A CS', ' MANITOBA ', '\xa0', '\xa0', 'April 27, 2006')


2024-04-10 17:46:16,581 - prod_util - ERROR  - system_log - 
Error: time data '\xa0' does not match format '%B %d, %Y'
Function Name: _strptime
Data Corruption:
('\xa0', 'WINNIPEG A CS', ' MANITOBA ', '\xa0', 'April 27, 2006', '\xa0')


2024-04-10 17:46:16,581 - prod_util - ERROR  - system_log - 
Error: time data '\xa0' does not match format '%B %d, %Y'
Function Name: _strptime
Data Corruption:
('\xa0', 'WINNIPEG A CS', ' MANITOBA ', 'April 27, 2006', '\xa0', '\xa0')


2024-04-10 17:46:16,581 - prod_util - ERROR  - system_log - 
Error: could not convert string to float: '\xa0'
Function Name: _format_payload_for_insert
Data Corruption:
('April 27, 2006', 'WINNIPEG A CS', ' MANITOBA ', '\xa0', '\xa0', 'April 28, 2006')


2024-04-10 17:46:16,581 - prod_util - ERROR  - system_log - 
Error: time data '\xa0' does not match format '%B %d, %Y'
Function Name: _strptime
Data Corruption:
('\xa0', 'WINNIPEG A CS', ' MANITOBA ', '\xa0', 'April 28, 2006', '\xa0')


2024-04-10 17:46:16,582 - prod_util - ERROR  - system_log - 
Error: time data '\xa0' does not match format '%B %d, %Y'
Function Name: _strptime
Data Corruption:
('\xa0', 'WINNIPEG A CS', ' MANITOBA ', 'April 28, 2006', '\xa0', '\xa0')


2024-04-10 17:46:16,582 - prod_util - ERROR  - system_log - 
Error: could not convert string to float: '\xa0'
Function Name: _format_payload_for_insert
Data Corruption:
('April 28, 2006', 'WINNIPEG A CS', ' MANITOBA ', '\xa0', '\xa0', 'April 29, 2006')


2024-04-10 17:46:16,582 - prod_util - ERROR  - system_log - 
Error: time data '\xa0' does not match format '%B %d, %Y'
Function Name: _strptime
Data Corruption:
('\xa0', 'WINNIPEG A CS', ' MANITOBA ', '\xa0', 'April 29, 2006', '\xa0')


2024-04-10 17:46:16,583 - prod_util - ERROR  - system_log - 
Error: time data '\xa0' does not match format '%B %d, %Y'
Function Name: _strptime
Data Corruption:
('\xa0', 'WINNIPEG A CS', ' MANITOBA ', 'April 29, 2006', '\xa0', '\xa0')


2024-04-10 17:46:16,583 - prod_util - ERROR  - system_log - 
Error: could not convert string to float: '\xa0'
Function Name: _format_payload_for_insert
Data Corruption:
('April 29, 2006', 'WINNIPEG A CS', ' MANITOBA ', '\xa0', '\xa0', 'April 30, 2006')


2024-04-10 17:46:16,583 - prod_util - ERROR  - system_log - 
Error: time data '\xa0' does not match format '%B %d, %Y'
Function Name: _strptime
Data Corruption:
('\xa0', 'WINNIPEG A CS', ' MANITOBA ', '\xa0', 'April 30, 2006', '\xa0')


2024-04-10 17:46:16,583 - prod_util - ERROR  - system_log - 
Error: time data '\xa0' does not match format '%B %d, %Y'
Function Name: _strptime
Data Corruption:
('\xa0', 'WINNIPEG A CS', ' MANITOBA ', 'April 30, 2006', '\xa0', '\xa0')


2024-04-10 17:46:16,585 - prod_util - ERROR  - system_log - 
Error: could not convert string to float: '\xa0'
Function Name: _format_payload_for_insert
Data Corruption:
('February 28, 2006', 'WINNIPEG A CS', ' MANITOBA ', '\xa0', '\xa0', 'February 1, 2006')


2024-04-10 17:46:16,585 - prod_util - ERROR  - system_log - 
Error: time data '\xa0' does not match format '%B %d, %Y'
Function Name: _strptime
Data Corruption:
('\xa0', 'WINNIPEG A CS', ' MANITOBA ', '\xa0', 'February 1, 2006', '\xa0')


2024-04-10 17:46:16,586 - prod_util - ERROR  - system_log - 
Error: time data '\xa0' does not match format '%B %d, %Y'
Function Name: _strptime
Data Corruption:
('\xa0', 'WINNIPEG A CS', ' MANITOBA ', 'February 1, 2006', '\xa0', '\xa0')


2024-04-10 17:46:16,586 - prod_util - ERROR  - system_log - 
Error: could not convert string to float: '\xa0'
Function Name: _format_payload_for_insert
Data Corruption:
('February 1, 2006', 'WINNIPEG A CS', ' MANITOBA ', '\xa0', '\xa0', 'February 2, 2006')


2024-04-10 17:46:16,586 - prod_util - ERROR  - system_log - 
Error: time data '\xa0' does not match format '%B %d, %Y'
Function Name: _strptime
Data Corruption:
('\xa0', 'WINNIPEG A CS', ' MANITOBA ', '\xa0', 'February 2, 2006', '\xa0')


2024-04-10 17:46:16,587 - prod_util - ERROR  - system_log - 
Error: time data '\xa0' does not match format '%B %d, %Y'
Function Name: _strptime
Data Corruption:
('\xa0', 'WINNIPEG A CS', ' MANITOBA ', 'February 2, 2006', '\xa0', '\xa0')


2024-04-10 17:46:16,587 - prod_util - ERROR  - system_log - 
Error: could not convert string to float: '\xa0'
Function Name: _format_payload_for_insert
Data Corruption:
('February 2, 2006', 'WINNIPEG A CS', ' MANITOBA ', '\xa0', '\xa0', 'February 3, 2006')


2024-04-10 17:46:16,587 - prod_util - ERROR  - system_log - 
Error: time data '\xa0' does not match format '%B %d, %Y'
Function Name: _strptime
Data Corruption:
('\xa0', 'WINNIPEG A CS', ' MANITOBA ', '\xa0', 'February 3, 2006', '\xa0')


2024-04-10 17:46:16,587 - prod_util - ERROR  - system_log - 
Error: time data '\xa0' does not match format '%B %d, %Y'
Function Name: _strptime
Data Corruption:
('\xa0', 'WINNIPEG A CS', ' MANITOBA ', 'February 3, 2006', '\xa0', '\xa0')


2024-04-10 17:46:16,588 - prod_util - ERROR  - system_log - 
Error: could not convert string to float: '\xa0'
Function Name: _format_payload_for_insert
Data Corruption:
('February 3, 2006', 'WINNIPEG A CS', ' MANITOBA ', '\xa0', '\xa0', 'February 4, 2006')


2024-04-10 17:46:16,588 - prod_util - ERROR  - system_log - 
Error: time data '\xa0' does not match format '%B %d, %Y'
Function Name: _strptime
Data Corruption:
('\xa0', 'WINNIPEG A CS', ' MANITOBA ', '\xa0', 'February 4, 2006', '\xa0')


2024-04-10 17:46:16,588 - prod_util - ERROR  - system_log - 
Error: time data '\xa0' does not match format '%B %d, %Y'
Function Name: _strptime
Data Corruption:
('\xa0', 'WINNIPEG A CS', ' MANITOBA ', 'February 4, 2006', '\xa0', '\xa0')


2024-04-10 17:46:16,588 - prod_util - ERROR  - system_log - 
Error: could not convert string to float: '\xa0'
Function Name: _format_payload_for_insert
Data Corruption:
('February 4, 2006', 'WINNIPEG A CS', ' MANITOBA ', '\xa0', '\xa0', 'February 5, 2006')


2024-04-10 17:46:16,588 - prod_util - ERROR  - system_log - 
Error: time data '\xa0' does not match format '%B %d, %Y'
Function Name: _strptime
Data Corruption:
('\xa0', 'WINNIPEG A CS', ' MANITOBA ', '\xa0', 'February 5, 2006', '\xa0')


2024-04-10 17:46:16,590 - prod_util - ERROR  - system_log - 
Error: time data '\xa0' does not match format '%B %d, %Y'
Function Name: _strptime
Data Corruption:
('\xa0', 'WINNIPEG A CS', ' MANITOBA ', 'February 5, 2006', '\xa0', '\xa0')


2024-04-10 17:46:16,590 - prod_util - ERROR  - system_log - 
Error: could not convert string to float: '\xa0'
Function Name: _format_payload_for_insert
Data Corruption:
('February 5, 2006', 'WINNIPEG A CS', ' MANITOBA ', '\xa0', '\xa0', 'February 6, 2006')


2024-04-10 17:46:16,590 - prod_util - ERROR  - system_log - 
Error: time data '\xa0' does not match format '%B %d, %Y'
Function Name: _strptime
Data Corruption:
('\xa0', 'WINNIPEG A CS', ' MANITOBA ', '\xa0', 'February 6, 2006', '\xa0')


2024-04-10 17:46:16,590 - prod_util - ERROR  - system_log - 
Error: time data '\xa0' does not match format '%B %d, %Y'
Function Name: _strptime
Data Corruption:
('\xa0', 'WINNIPEG A CS', ' MANITOBA ', 'February 6, 2006', '\xa0', '\xa0')


2024-04-10 17:46:16,591 - prod_util - ERROR  - system_log - 
Error: could not convert string to float: '\xa0'
Function Name: _format_payload_for_insert
Data Corruption:
('February 6, 2006', 'WINNIPEG A CS', ' MANITOBA ', '\xa0', '\xa0', 'February 7, 2006')


2024-04-10 17:46:16,591 - prod_util - ERROR  - system_log - 
Error: time data '\xa0' does not match format '%B %d, %Y'
Function Name: _strptime
Data Corruption:
('\xa0', 'WINNIPEG A CS', ' MANITOBA ', '\xa0', 'February 7, 2006', '\xa0')


2024-04-10 17:46:16,591 - prod_util - ERROR  - system_log - 
Error: time data '\xa0' does not match format '%B %d, %Y'
Function Name: _strptime
Data Corruption:
('\xa0', 'WINNIPEG A CS', ' MANITOBA ', 'February 7, 2006', '\xa0', '\xa0')


2024-04-10 17:46:16,592 - prod_util - ERROR  - system_log - 
Error: could not convert string to float: '\xa0'
Function Name: _format_payload_for_insert
Data Corruption:
('February 7, 2006', 'WINNIPEG A CS', ' MANITOBA ', '\xa0', '\xa0', 'February 8, 2006')


2024-04-10 17:46:16,592 - prod_util - ERROR  - system_log - 
Error: time data '\xa0' does not match format '%B %d, %Y'
Function Name: _strptime
Data Corruption:
('\xa0', 'WINNIPEG A CS', ' MANITOBA ', '\xa0', 'February 8, 2006', '\xa0')


2024-04-10 17:46:16,592 - prod_util - ERROR  - system_log - 
Error: time data '\xa0' does not match format '%B %d, %Y'
Function Name: _strptime
Data Corruption:
('\xa0', 'WINNIPEG A CS', ' MANITOBA ', 'February 8, 2006', '\xa0', '\xa0')


2024-04-10 17:46:16,592 - prod_util - ERROR  - system_log - 
Error: could not convert string to float: '\xa0'
Function Name: _format_payload_for_insert
Data Corruption:
('February 8, 2006', 'WINNIPEG A CS', ' MANITOBA ', '\xa0', '\xa0', 'February 9, 2006')


2024-04-10 17:46:16,593 - prod_util - ERROR  - system_log - 
Error: time data '\xa0' does not match format '%B %d, %Y'
Function Name: _strptime
Data Corruption:
('\xa0', 'WINNIPEG A CS', ' MANITOBA ', '\xa0', 'February 9, 2006', '\xa0')


2024-04-10 17:46:16,593 - prod_util - ERROR  - system_log - 
Error: time data '\xa0' does not match format '%B %d, %Y'
Function Name: _strptime
Data Corruption:
('\xa0', 'WINNIPEG A CS', ' MANITOBA ', 'February 9, 2006', '\xa0', '\xa0')


2024-04-10 17:46:16,593 - prod_util - ERROR  - system_log - 
Error: could not convert string to float: '\xa0'
Function Name: _format_payload_for_insert
Data Corruption:
('February 9, 2006', 'WINNIPEG A CS', ' MANITOBA ', '\xa0', '\xa0', 'February 10, 2006')


2024-04-10 17:46:16,593 - prod_util - ERROR  - system_log - 
Error: time data '\xa0' does not match format '%B %d, %Y'
Function Name: _strptime
Data Corruption:
('\xa0', 'WINNIPEG A CS', ' MANITOBA ', '\xa0', 'February 10, 2006', '\xa0')


2024-04-10 17:46:16,594 - prod_util - ERROR  - system_log - 
Error: time data '\xa0' does not match format '%B %d, %Y'
Function Name: _strptime
Data Corruption:
('\xa0', 'WINNIPEG A CS', ' MANITOBA ', 'February 10, 2006', '\xa0', '\xa0')


2024-04-10 17:46:16,594 - prod_util - ERROR  - system_log - 
Error: could not convert string to float: '\xa0'
Function Name: _format_payload_for_insert
Data Corruption:
('February 10, 2006', 'WINNIPEG A CS', ' MANITOBA ', '\xa0', '\xa0', 'February 11, 2006')


2024-04-10 17:46:16,594 - prod_util - ERROR  - system_log - 
Error: time data '\xa0' does not match format '%B %d, %Y'
Function Name: _strptime
Data Corruption:
('\xa0', 'WINNIPEG A CS', ' MANITOBA ', '\xa0', 'February 11, 2006', '\xa0')


2024-04-10 17:46:16,595 - prod_util - ERROR  - system_log - 
Error: time data '\xa0' does not match format '%B %d, %Y'
Function Name: _strptime
Data Corruption:
('\xa0', 'WINNIPEG A CS', ' MANITOBA ', 'February 11, 2006', '\xa0', '\xa0')


2024-04-10 17:46:16,595 - prod_util - ERROR  - system_log - 
Error: could not convert string to float: '\xa0'
Function Name: _format_payload_for_insert
Data Corruption:
('February 11, 2006', 'WINNIPEG A CS', ' MANITOBA ', '\xa0', '\xa0', 'February 12, 2006')


2024-04-10 17:46:16,595 - prod_util - ERROR  - system_log - 
Error: time data '\xa0' does not match format '%B %d, %Y'
Function Name: _strptime
Data Corruption:
('\xa0', 'WINNIPEG A CS', ' MANITOBA ', '\xa0', 'February 12, 2006', '\xa0')


2024-04-10 17:46:16,595 - prod_util - ERROR  - system_log - 
Error: time data '\xa0' does not match format '%B %d, %Y'
Function Name: _strptime
Data Corruption:
('\xa0', 'WINNIPEG A CS', ' MANITOBA ', 'February 12, 2006', '\xa0', '\xa0')


2024-04-10 17:46:16,595 - prod_util - ERROR  - system_log - 
Error: could not convert string to float: '\xa0'
Function Name: _format_payload_for_insert
Data Corruption:
('February 12, 2006', 'WINNIPEG A CS', ' MANITOBA ', '\xa0', '\xa0', 'February 13, 2006')


2024-04-10 17:46:16,595 - prod_util - ERROR  - system_log - 
Error: time data '\xa0' does not match format '%B %d, %Y'
Function Name: _strptime
Data Corruption:
('\xa0', 'WINNIPEG A CS', ' MANITOBA ', '\xa0', 'February 13, 2006', '\xa0')


2024-04-10 17:46:16,596 - prod_util - ERROR  - system_log - 
Error: time data '\xa0' does not match format '%B %d, %Y'
Function Name: _strptime
Data Corruption:
('\xa0', 'WINNIPEG A CS', ' MANITOBA ', 'February 13, 2006', '\xa0', '\xa0')


2024-04-10 17:46:16,596 - prod_util - ERROR  - system_log - 
Error: could not convert string to float: '\xa0'
Function Name: _format_payload_for_insert
Data Corruption:
('February 13, 2006', 'WINNIPEG A CS', ' MANITOBA ', '\xa0', '\xa0', 'February 14, 2006')


2024-04-10 17:46:16,596 - prod_util - ERROR  - system_log - 
Error: time data '\xa0' does not match format '%B %d, %Y'
Function Name: _strptime
Data Corruption:
('\xa0', 'WINNIPEG A CS', ' MANITOBA ', '\xa0', 'February 14, 2006', '\xa0')


2024-04-10 17:46:16,597 - prod_util - ERROR  - system_log - 
Error: time data '\xa0' does not match format '%B %d, %Y'
Function Name: _strptime
Data Corruption:
('\xa0', 'WINNIPEG A CS', ' MANITOBA ', 'February 14, 2006', '\xa0', '\xa0')


2024-04-10 17:46:16,597 - prod_util - ERROR  - system_log - 
Error: could not convert string to float: '\xa0'
Function Name: _format_payload_for_insert
Data Corruption:
('February 14, 2006', 'WINNIPEG A CS', ' MANITOBA ', '\xa0', '\xa0', 'February 15, 2006')


2024-04-10 17:46:16,597 - prod_util - ERROR  - system_log - 
Error: time data '\xa0' does not match format '%B %d, %Y'
Function Name: _strptime
Data Corruption:
('\xa0', 'WINNIPEG A CS', ' MANITOBA ', '\xa0', 'February 15, 2006', '\xa0')


2024-04-10 17:46:16,597 - prod_util - ERROR  - system_log - 
Error: time data '\xa0' does not match format '%B %d, %Y'
Function Name: _strptime
Data Corruption:
('\xa0', 'WINNIPEG A CS', ' MANITOBA ', 'February 15, 2006', '\xa0', '\xa0')


2024-04-10 17:46:16,598 - prod_util - ERROR  - system_log - 
Error: could not convert string to float: '\xa0'
Function Name: _format_payload_for_insert
Data Corruption:
('February 15, 2006', 'WINNIPEG A CS', ' MANITOBA ', '\xa0', '\xa0', 'February 16, 2006')


2024-04-10 17:46:16,598 - prod_util - ERROR  - system_log - 
Error: time data '\xa0' does not match format '%B %d, %Y'
Function Name: _strptime
Data Corruption:
('\xa0', 'WINNIPEG A CS', ' MANITOBA ', '\xa0', 'February 16, 2006', '\xa0')


2024-04-10 17:46:16,598 - prod_util - ERROR  - system_log - 
Error: time data '\xa0' does not match format '%B %d, %Y'
Function Name: _strptime
Data Corruption:
('\xa0', 'WINNIPEG A CS', ' MANITOBA ', 'February 16, 2006', '\xa0', '\xa0')


2024-04-10 17:46:16,598 - prod_util - ERROR  - system_log - 
Error: could not convert string to float: '\xa0'
Function Name: _format_payload_for_insert
Data Corruption:
('February 16, 2006', 'WINNIPEG A CS', ' MANITOBA ', '\xa0', '\xa0', 'February 17, 2006')


2024-04-10 17:46:16,599 - prod_util - ERROR  - system_log - 
Error: time data '\xa0' does not match format '%B %d, %Y'
Function Name: _strptime
Data Corruption:
('\xa0', 'WINNIPEG A CS', ' MANITOBA ', '\xa0', 'February 17, 2006', '\xa0')


2024-04-10 17:46:16,599 - prod_util - ERROR  - system_log - 
Error: time data '\xa0' does not match format '%B %d, %Y'
Function Name: _strptime
Data Corruption:
('\xa0', 'WINNIPEG A CS', ' MANITOBA ', 'February 17, 2006', '\xa0', '\xa0')


2024-04-10 17:46:16,599 - prod_util - ERROR  - system_log - 
Error: could not convert string to float: '\xa0'
Function Name: _format_payload_for_insert
Data Corruption:
('February 17, 2006', 'WINNIPEG A CS', ' MANITOBA ', '\xa0', '\xa0', 'February 18, 2006')


2024-04-10 17:46:16,599 - prod_util - ERROR  - system_log - 
Error: time data '\xa0' does not match format '%B %d, %Y'
Function Name: _strptime
Data Corruption:
('\xa0', 'WINNIPEG A CS', ' MANITOBA ', '\xa0', 'February 18, 2006', '\xa0')


2024-04-10 17:46:16,600 - prod_util - ERROR  - system_log - 
Error: time data '\xa0' does not match format '%B %d, %Y'
Function Name: _strptime
Data Corruption:
('\xa0', 'WINNIPEG A CS', ' MANITOBA ', 'February 18, 2006', '\xa0', '\xa0')


2024-04-10 17:46:16,600 - prod_util - ERROR  - system_log - 
Error: could not convert string to float: '\xa0'
Function Name: _format_payload_for_insert
Data Corruption:
('February 18, 2006', 'WINNIPEG A CS', ' MANITOBA ', '\xa0', '\xa0', 'February 19, 2006')


2024-04-10 17:46:16,600 - prod_util - ERROR  - system_log - 
Error: time data '\xa0' does not match format '%B %d, %Y'
Function Name: _strptime
Data Corruption:
('\xa0', 'WINNIPEG A CS', ' MANITOBA ', '\xa0', 'February 19, 2006', '\xa0')


2024-04-10 17:46:16,600 - prod_util - ERROR  - system_log - 
Error: time data '\xa0' does not match format '%B %d, %Y'
Function Name: _strptime
Data Corruption:
('\xa0', 'WINNIPEG A CS', ' MANITOBA ', 'February 19, 2006', '\xa0', '\xa0')


2024-04-10 17:46:16,601 - prod_util - ERROR  - system_log - 
Error: could not convert string to float: '\xa0'
Function Name: _format_payload_for_insert
Data Corruption:
('February 19, 2006', 'WINNIPEG A CS', ' MANITOBA ', '\xa0', '\xa0', 'February 20, 2006')


2024-04-10 17:46:16,601 - prod_util - ERROR  - system_log - 
Error: time data '\xa0' does not match format '%B %d, %Y'
Function Name: _strptime
Data Corruption:
('\xa0', 'WINNIPEG A CS', ' MANITOBA ', '\xa0', 'February 20, 2006', '\xa0')


2024-04-10 17:46:16,601 - prod_util - ERROR  - system_log - 
Error: time data '\xa0' does not match format '%B %d, %Y'
Function Name: _strptime
Data Corruption:
('\xa0', 'WINNIPEG A CS', ' MANITOBA ', 'February 20, 2006', '\xa0', '\xa0')


2024-04-10 17:46:16,601 - prod_util - ERROR  - system_log - 
Error: could not convert string to float: '\xa0'
Function Name: _format_payload_for_insert
Data Corruption:
('February 20, 2006', 'WINNIPEG A CS', ' MANITOBA ', '\xa0', '\xa0', 'February 21, 2006')


2024-04-10 17:46:16,602 - prod_util - ERROR  - system_log - 
Error: time data '\xa0' does not match format '%B %d, %Y'
Function Name: _strptime
Data Corruption:
('\xa0', 'WINNIPEG A CS', ' MANITOBA ', '\xa0', 'February 21, 2006', '\xa0')


2024-04-10 17:46:16,602 - prod_util - ERROR  - system_log - 
Error: time data '\xa0' does not match format '%B %d, %Y'
Function Name: _strptime
Data Corruption:
('\xa0', 'WINNIPEG A CS', ' MANITOBA ', 'February 21, 2006', '\xa0', '\xa0')


2024-04-10 17:46:16,602 - prod_util - ERROR  - system_log - 
Error: could not convert string to float: '\xa0'
Function Name: _format_payload_for_insert
Data Corruption:
('February 21, 2006', 'WINNIPEG A CS', ' MANITOBA ', '\xa0', '\xa0', 'February 22, 2006')


2024-04-10 17:46:16,603 - prod_util - ERROR  - system_log - 
Error: time data '\xa0' does not match format '%B %d, %Y'
Function Name: _strptime
Data Corruption:
('\xa0', 'WINNIPEG A CS', ' MANITOBA ', '\xa0', 'February 22, 2006', '\xa0')


2024-04-10 17:46:16,603 - prod_util - ERROR  - system_log - 
Error: time data '\xa0' does not match format '%B %d, %Y'
Function Name: _strptime
Data Corruption:
('\xa0', 'WINNIPEG A CS', ' MANITOBA ', 'February 22, 2006', '\xa0', '\xa0')


2024-04-10 17:46:16,603 - prod_util - ERROR  - system_log - 
Error: could not convert string to float: '\xa0'
Function Name: _format_payload_for_insert
Data Corruption:
('February 22, 2006', 'WINNIPEG A CS', ' MANITOBA ', '\xa0', '\xa0', 'February 23, 2006')


2024-04-10 17:46:16,603 - prod_util - ERROR  - system_log - 
Error: time data '\xa0' does not match format '%B %d, %Y'
Function Name: _strptime
Data Corruption:
('\xa0', 'WINNIPEG A CS', ' MANITOBA ', '\xa0', 'February 23, 2006', '\xa0')


2024-04-10 17:46:16,603 - prod_util - ERROR  - system_log - 
Error: time data '\xa0' does not match format '%B %d, %Y'
Function Name: _strptime
Data Corruption:
('\xa0', 'WINNIPEG A CS', ' MANITOBA ', 'February 23, 2006', '\xa0', '\xa0')


2024-04-10 17:46:16,603 - prod_util - ERROR  - system_log - 
Error: could not convert string to float: '\xa0'
Function Name: _format_payload_for_insert
Data Corruption:
('February 23, 2006', 'WINNIPEG A CS', ' MANITOBA ', '\xa0', '\xa0', 'February 24, 2006')


2024-04-10 17:46:16,605 - prod_util - ERROR  - system_log - 
Error: time data '\xa0' does not match format '%B %d, %Y'
Function Name: _strptime
Data Corruption:
('\xa0', 'WINNIPEG A CS', ' MANITOBA ', '\xa0', 'February 24, 2006', '\xa0')


2024-04-10 17:46:16,605 - prod_util - ERROR  - system_log - 
Error: time data '\xa0' does not match format '%B %d, %Y'
Function Name: _strptime
Data Corruption:
('\xa0', 'WINNIPEG A CS', ' MANITOBA ', 'February 24, 2006', '\xa0', '\xa0')


2024-04-10 17:46:16,605 - prod_util - ERROR  - system_log - 
Error: could not convert string to float: '\xa0'
Function Name: _format_payload_for_insert
Data Corruption:
('February 24, 2006', 'WINNIPEG A CS', ' MANITOBA ', '\xa0', '\xa0', 'February 25, 2006')


2024-04-10 17:46:16,606 - prod_util - ERROR  - system_log - 
Error: time data '\xa0' does not match format '%B %d, %Y'
Function Name: _strptime
Data Corruption:
('\xa0', 'WINNIPEG A CS', ' MANITOBA ', '\xa0', 'February 25, 2006', '\xa0')


2024-04-10 17:46:16,606 - prod_util - ERROR  - system_log - 
Error: time data '\xa0' does not match format '%B %d, %Y'
Function Name: _strptime
Data Corruption:
('\xa0', 'WINNIPEG A CS', ' MANITOBA ', 'February 25, 2006', '\xa0', '\xa0')


2024-04-10 17:46:16,606 - prod_util - ERROR  - system_log - 
Error: could not convert string to float: '\xa0'
Function Name: _format_payload_for_insert
Data Corruption:
('February 25, 2006', 'WINNIPEG A CS', ' MANITOBA ', '\xa0', '\xa0', 'February 26, 2006')


2024-04-10 17:46:16,606 - prod_util - ERROR  - system_log - 
Error: time data '\xa0' does not match format '%B %d, %Y'
Function Name: _strptime
Data Corruption:
('\xa0', 'WINNIPEG A CS', ' MANITOBA ', '\xa0', 'February 26, 2006', '\xa0')


2024-04-10 17:46:16,607 - prod_util - ERROR  - system_log - 
Error: time data '\xa0' does not match format '%B %d, %Y'
Function Name: _strptime
Data Corruption:
('\xa0', 'WINNIPEG A CS', ' MANITOBA ', 'February 26, 2006', '\xa0', '\xa0')


2024-04-10 17:46:16,607 - prod_util - ERROR  - system_log - 
Error: could not convert string to float: '\xa0'
Function Name: _format_payload_for_insert
Data Corruption:
('February 26, 2006', 'WINNIPEG A CS', ' MANITOBA ', '\xa0', '\xa0', 'February 27, 2006')


2024-04-10 17:46:16,607 - prod_util - ERROR  - system_log - 
Error: time data '\xa0' does not match format '%B %d, %Y'
Function Name: _strptime
Data Corruption:
('\xa0', 'WINNIPEG A CS', ' MANITOBA ', '\xa0', 'February 27, 2006', '\xa0')


2024-04-10 17:46:16,608 - prod_util - ERROR  - system_log - 
Error: time data '\xa0' does not match format '%B %d, %Y'
Function Name: _strptime
Data Corruption:
('\xa0', 'WINNIPEG A CS', ' MANITOBA ', 'February 27, 2006', '\xa0', '\xa0')


2024-04-10 17:46:16,608 - prod_util - ERROR  - system_log - 
Error: could not convert string to float: '\xa0'
Function Name: _format_payload_for_insert
Data Corruption:
('February 27, 2006', 'WINNIPEG A CS', ' MANITOBA ', '\xa0', '\xa0', 'February 28, 2006')


2024-04-10 17:46:16,608 - prod_util - ERROR  - system_log - 
Error: time data '\xa0' does not match format '%B %d, %Y'
Function Name: _strptime
Data Corruption:
('\xa0', 'WINNIPEG A CS', ' MANITOBA ', '\xa0', 'February 28, 2006', '\xa0')


2024-04-10 17:46:16,608 - prod_util - ERROR  - system_log - 
Error: time data '\xa0' does not match format '%B %d, %Y'
Function Name: _strptime
Data Corruption:
('\xa0', 'WINNIPEG A CS', ' MANITOBA ', 'February 28, 2006', '\xa0', '\xa0')


2024-04-10 17:46:16,610 - prod_util - ERROR  - system_log - 
Error: could not convert string to float: '\xa0'
Function Name: _format_payload_for_insert
Data Corruption:
('January 31, 2006', 'WINNIPEG A CS', ' MANITOBA ', '\xa0', '\xa0', 'January 1, 2006')


2024-04-10 17:46:16,610 - prod_util - ERROR  - system_log - 
Error: time data '\xa0' does not match format '%B %d, %Y'
Function Name: _strptime
Data Corruption:
('\xa0', 'WINNIPEG A CS', ' MANITOBA ', '\xa0', 'January 1, 2006', '\xa0')


2024-04-10 17:46:16,610 - prod_util - ERROR  - system_log - 
Error: time data '\xa0' does not match format '%B %d, %Y'
Function Name: _strptime
Data Corruption:
('\xa0', 'WINNIPEG A CS', ' MANITOBA ', 'January 1, 2006', '\xa0', '\xa0')


2024-04-10 17:46:16,611 - prod_util - ERROR  - system_log - 
Error: could not convert string to float: '\xa0'
Function Name: _format_payload_for_insert
Data Corruption:
('January 1, 2006', 'WINNIPEG A CS', ' MANITOBA ', '\xa0', '\xa0', 'January 2, 2006')


2024-04-10 17:46:16,611 - prod_util - ERROR  - system_log - 
Error: time data '\xa0' does not match format '%B %d, %Y'
Function Name: _strptime
Data Corruption:
('\xa0', 'WINNIPEG A CS', ' MANITOBA ', '\xa0', 'January 2, 2006', '\xa0')


2024-04-10 17:46:16,611 - prod_util - ERROR  - system_log - 
Error: time data '\xa0' does not match format '%B %d, %Y'
Function Name: _strptime
Data Corruption:
('\xa0', 'WINNIPEG A CS', ' MANITOBA ', 'January 2, 2006', '\xa0', '\xa0')


2024-04-10 17:46:16,611 - prod_util - ERROR  - system_log - 
Error: could not convert string to float: '\xa0'
Function Name: _format_payload_for_insert
Data Corruption:
('January 2, 2006', 'WINNIPEG A CS', ' MANITOBA ', '\xa0', '\xa0', 'January 3, 2006')


2024-04-10 17:46:16,612 - prod_util - ERROR  - system_log - 
Error: time data '\xa0' does not match format '%B %d, %Y'
Function Name: _strptime
Data Corruption:
('\xa0', 'WINNIPEG A CS', ' MANITOBA ', '\xa0', 'January 3, 2006', '\xa0')


2024-04-10 17:46:16,612 - prod_util - ERROR  - system_log - 
Error: time data '\xa0' does not match format '%B %d, %Y'
Function Name: _strptime
Data Corruption:
('\xa0', 'WINNIPEG A CS', ' MANITOBA ', 'January 3, 2006', '\xa0', '\xa0')


2024-04-10 17:46:16,612 - prod_util - ERROR  - system_log - 
Error: could not convert string to float: '\xa0'
Function Name: _format_payload_for_insert
Data Corruption:
('January 3, 2006', 'WINNIPEG A CS', ' MANITOBA ', '\xa0', '\xa0', 'January 4, 2006')


2024-04-10 17:46:16,612 - prod_util - ERROR  - system_log - 
Error: time data '\xa0' does not match format '%B %d, %Y'
Function Name: _strptime
Data Corruption:
('\xa0', 'WINNIPEG A CS', ' MANITOBA ', '\xa0', 'January 4, 2006', '\xa0')


2024-04-10 17:46:16,613 - prod_util - ERROR  - system_log - 
Error: time data '\xa0' does not match format '%B %d, %Y'
Function Name: _strptime
Data Corruption:
('\xa0', 'WINNIPEG A CS', ' MANITOBA ', 'January 4, 2006', '\xa0', '\xa0')


2024-04-10 17:46:16,613 - prod_util - ERROR  - system_log - 
Error: could not convert string to float: '\xa0'
Function Name: _format_payload_for_insert
Data Corruption:
('January 4, 2006', 'WINNIPEG A CS', ' MANITOBA ', '\xa0', '\xa0', 'January 5, 2006')


2024-04-10 17:46:16,613 - prod_util - ERROR  - system_log - 
Error: time data '\xa0' does not match format '%B %d, %Y'
Function Name: _strptime
Data Corruption:
('\xa0', 'WINNIPEG A CS', ' MANITOBA ', '\xa0', 'January 5, 2006', '\xa0')


2024-04-10 17:46:16,614 - prod_util - ERROR  - system_log - 
Error: time data '\xa0' does not match format '%B %d, %Y'
Function Name: _strptime
Data Corruption:
('\xa0', 'WINNIPEG A CS', ' MANITOBA ', 'January 5, 2006', '\xa0', '\xa0')


2024-04-10 17:46:16,614 - prod_util - ERROR  - system_log - 
Error: could not convert string to float: '\xa0'
Function Name: _format_payload_for_insert
Data Corruption:
('January 5, 2006', 'WINNIPEG A CS', ' MANITOBA ', '\xa0', '\xa0', 'January 6, 2006')


2024-04-10 17:46:16,614 - prod_util - ERROR  - system_log - 
Error: time data '\xa0' does not match format '%B %d, %Y'
Function Name: _strptime
Data Corruption:
('\xa0', 'WINNIPEG A CS', ' MANITOBA ', '\xa0', 'January 6, 2006', '\xa0')


2024-04-10 17:46:16,614 - prod_util - ERROR  - system_log - 
Error: time data '\xa0' does not match format '%B %d, %Y'
Function Name: _strptime
Data Corruption:
('\xa0', 'WINNIPEG A CS', ' MANITOBA ', 'January 6, 2006', '\xa0', '\xa0')


2024-04-10 17:46:16,615 - prod_util - ERROR  - system_log - 
Error: could not convert string to float: '\xa0'
Function Name: _format_payload_for_insert
Data Corruption:
('January 6, 2006', 'WINNIPEG A CS', ' MANITOBA ', '\xa0', '\xa0', 'January 7, 2006')


2024-04-10 17:46:16,615 - prod_util - ERROR  - system_log - 
Error: time data '\xa0' does not match format '%B %d, %Y'
Function Name: _strptime
Data Corruption:
('\xa0', 'WINNIPEG A CS', ' MANITOBA ', '\xa0', 'January 7, 2006', '\xa0')


2024-04-10 17:46:16,615 - prod_util - ERROR  - system_log - 
Error: time data '\xa0' does not match format '%B %d, %Y'
Function Name: _strptime
Data Corruption:
('\xa0', 'WINNIPEG A CS', ' MANITOBA ', 'January 7, 2006', '\xa0', '\xa0')


2024-04-10 17:46:16,615 - prod_util - ERROR  - system_log - 
Error: could not convert string to float: '\xa0'
Function Name: _format_payload_for_insert
Data Corruption:
('January 7, 2006', 'WINNIPEG A CS', ' MANITOBA ', '\xa0', '\xa0', 'January 8, 2006')


2024-04-10 17:46:16,615 - prod_util - ERROR  - system_log - 
Error: time data '\xa0' does not match format '%B %d, %Y'
Function Name: _strptime
Data Corruption:
('\xa0', 'WINNIPEG A CS', ' MANITOBA ', '\xa0', 'January 8, 2006', '\xa0')


2024-04-10 17:46:16,615 - prod_util - ERROR  - system_log - 
Error: time data '\xa0' does not match format '%B %d, %Y'
Function Name: _strptime
Data Corruption:
('\xa0', 'WINNIPEG A CS', ' MANITOBA ', 'January 8, 2006', '\xa0', '\xa0')


2024-04-10 17:46:16,616 - prod_util - ERROR  - system_log - 
Error: could not convert string to float: '\xa0'
Function Name: _format_payload_for_insert
Data Corruption:
('January 8, 2006', 'WINNIPEG A CS', ' MANITOBA ', '\xa0', '\xa0', 'January 9, 2006')


2024-04-10 17:46:16,616 - prod_util - ERROR  - system_log - 
Error: time data '\xa0' does not match format '%B %d, %Y'
Function Name: _strptime
Data Corruption:
('\xa0', 'WINNIPEG A CS', ' MANITOBA ', '\xa0', 'January 9, 2006', '\xa0')


2024-04-10 17:46:16,616 - prod_util - ERROR  - system_log - 
Error: time data '\xa0' does not match format '%B %d, %Y'
Function Name: _strptime
Data Corruption:
('\xa0', 'WINNIPEG A CS', ' MANITOBA ', 'January 9, 2006', '\xa0', '\xa0')


2024-04-10 17:46:16,616 - prod_util - ERROR  - system_log - 
Error: could not convert string to float: '\xa0'
Function Name: _format_payload_for_insert
Data Corruption:
('January 9, 2006', 'WINNIPEG A CS', ' MANITOBA ', '\xa0', '\xa0', 'January 10, 2006')


2024-04-10 17:46:16,617 - prod_util - ERROR  - system_log - 
Error: time data '\xa0' does not match format '%B %d, %Y'
Function Name: _strptime
Data Corruption:
('\xa0', 'WINNIPEG A CS', ' MANITOBA ', '\xa0', 'January 10, 2006', '\xa0')


2024-04-10 17:46:16,617 - prod_util - ERROR  - system_log - 
Error: time data '\xa0' does not match format '%B %d, %Y'
Function Name: _strptime
Data Corruption:
('\xa0', 'WINNIPEG A CS', ' MANITOBA ', 'January 10, 2006', '\xa0', '\xa0')


2024-04-10 17:46:16,617 - prod_util - ERROR  - system_log - 
Error: could not convert string to float: '\xa0'
Function Name: _format_payload_for_insert
Data Corruption:
('January 10, 2006', 'WINNIPEG A CS', ' MANITOBA ', '\xa0', '\xa0', 'January 11, 2006')


2024-04-10 17:46:16,618 - prod_util - ERROR  - system_log - 
Error: time data '\xa0' does not match format '%B %d, %Y'
Function Name: _strptime
Data Corruption:
('\xa0', 'WINNIPEG A CS', ' MANITOBA ', '\xa0', 'January 11, 2006', '\xa0')


2024-04-10 17:46:16,618 - prod_util - ERROR  - system_log - 
Error: time data '\xa0' does not match format '%B %d, %Y'
Function Name: _strptime
Data Corruption:
('\xa0', 'WINNIPEG A CS', ' MANITOBA ', 'January 11, 2006', '\xa0', '\xa0')


2024-04-10 17:46:16,618 - prod_util - ERROR  - system_log - 
Error: could not convert string to float: '\xa0'
Function Name: _format_payload_for_insert
Data Corruption:
('January 11, 2006', 'WINNIPEG A CS', ' MANITOBA ', '\xa0', '\xa0', 'January 12, 2006')


2024-04-10 17:46:16,618 - prod_util - ERROR  - system_log - 
Error: time data '\xa0' does not match format '%B %d, %Y'
Function Name: _strptime
Data Corruption:
('\xa0', 'WINNIPEG A CS', ' MANITOBA ', '\xa0', 'January 12, 2006', '\xa0')


2024-04-10 17:46:16,618 - prod_util - ERROR  - system_log - 
Error: time data '\xa0' does not match format '%B %d, %Y'
Function Name: _strptime
Data Corruption:
('\xa0', 'WINNIPEG A CS', ' MANITOBA ', 'January 12, 2006', '\xa0', '\xa0')


2024-04-10 17:46:16,618 - prod_util - ERROR  - system_log - 
Error: could not convert string to float: '\xa0'
Function Name: _format_payload_for_insert
Data Corruption:
('January 12, 2006', 'WINNIPEG A CS', ' MANITOBA ', '\xa0', '\xa0', 'January 13, 2006')


2024-04-10 17:46:16,620 - prod_util - ERROR  - system_log - 
Error: time data '\xa0' does not match format '%B %d, %Y'
Function Name: _strptime
Data Corruption:
('\xa0', 'WINNIPEG A CS', ' MANITOBA ', '\xa0', 'January 13, 2006', '\xa0')


2024-04-10 17:46:16,620 - prod_util - ERROR  - system_log - 
Error: time data '\xa0' does not match format '%B %d, %Y'
Function Name: _strptime
Data Corruption:
('\xa0', 'WINNIPEG A CS', ' MANITOBA ', 'January 13, 2006', '\xa0', '\xa0')


2024-04-10 17:46:16,620 - prod_util - ERROR  - system_log - 
Error: could not convert string to float: '\xa0'
Function Name: _format_payload_for_insert
Data Corruption:
('January 13, 2006', 'WINNIPEG A CS', ' MANITOBA ', '\xa0', '\xa0', 'January 14, 2006')


2024-04-10 17:46:16,620 - prod_util - ERROR  - system_log - 
Error: time data '\xa0' does not match format '%B %d, %Y'
Function Name: _strptime
Data Corruption:
('\xa0', 'WINNIPEG A CS', ' MANITOBA ', '\xa0', 'January 14, 2006', '\xa0')


2024-04-10 17:46:16,621 - prod_util - ERROR  - system_log - 
Error: time data '\xa0' does not match format '%B %d, %Y'
Function Name: _strptime
Data Corruption:
('\xa0', 'WINNIPEG A CS', ' MANITOBA ', 'January 14, 2006', '\xa0', '\xa0')


2024-04-10 17:46:16,621 - prod_util - ERROR  - system_log - 
Error: could not convert string to float: '\xa0'
Function Name: _format_payload_for_insert
Data Corruption:
('January 14, 2006', 'WINNIPEG A CS', ' MANITOBA ', '\xa0', '\xa0', 'January 15, 2006')


2024-04-10 17:46:16,621 - prod_util - ERROR  - system_log - 
Error: time data '\xa0' does not match format '%B %d, %Y'
Function Name: _strptime
Data Corruption:
('\xa0', 'WINNIPEG A CS', ' MANITOBA ', '\xa0', 'January 15, 2006', '\xa0')


2024-04-10 17:46:16,622 - prod_util - ERROR  - system_log - 
Error: time data '\xa0' does not match format '%B %d, %Y'
Function Name: _strptime
Data Corruption:
('\xa0', 'WINNIPEG A CS', ' MANITOBA ', 'January 15, 2006', '\xa0', '\xa0')


2024-04-10 17:46:16,622 - prod_util - ERROR  - system_log - 
Error: could not convert string to float: '\xa0'
Function Name: _format_payload_for_insert
Data Corruption:
('January 15, 2006', 'WINNIPEG A CS', ' MANITOBA ', '\xa0', '\xa0', 'January 16, 2006')


2024-04-10 17:46:16,622 - prod_util - ERROR  - system_log - 
Error: time data '\xa0' does not match format '%B %d, %Y'
Function Name: _strptime
Data Corruption:
('\xa0', 'WINNIPEG A CS', ' MANITOBA ', '\xa0', 'January 16, 2006', '\xa0')


2024-04-10 17:46:16,622 - prod_util - ERROR  - system_log - 
Error: time data '\xa0' does not match format '%B %d, %Y'
Function Name: _strptime
Data Corruption:
('\xa0', 'WINNIPEG A CS', ' MANITOBA ', 'January 16, 2006', '\xa0', '\xa0')


2024-04-10 17:46:16,622 - prod_util - ERROR  - system_log - 
Error: could not convert string to float: '\xa0'
Function Name: _format_payload_for_insert
Data Corruption:
('January 16, 2006', 'WINNIPEG A CS', ' MANITOBA ', '\xa0', '\xa0', 'January 17, 2006')


2024-04-10 17:46:16,623 - prod_util - ERROR  - system_log - 
Error: time data '\xa0' does not match format '%B %d, %Y'
Function Name: _strptime
Data Corruption:
('\xa0', 'WINNIPEG A CS', ' MANITOBA ', '\xa0', 'January 17, 2006', '\xa0')


2024-04-10 17:46:16,623 - prod_util - ERROR  - system_log - 
Error: time data '\xa0' does not match format '%B %d, %Y'
Function Name: _strptime
Data Corruption:
('\xa0', 'WINNIPEG A CS', ' MANITOBA ', 'January 17, 2006', '\xa0', '\xa0')


2024-04-10 17:46:16,623 - prod_util - ERROR  - system_log - 
Error: could not convert string to float: '\xa0'
Function Name: _format_payload_for_insert
Data Corruption:
('January 17, 2006', 'WINNIPEG A CS', ' MANITOBA ', '\xa0', '\xa0', 'January 18, 2006')


2024-04-10 17:46:16,624 - prod_util - ERROR  - system_log - 
Error: time data '\xa0' does not match format '%B %d, %Y'
Function Name: _strptime
Data Corruption:
('\xa0', 'WINNIPEG A CS', ' MANITOBA ', '\xa0', 'January 18, 2006', '\xa0')


2024-04-10 17:46:16,624 - prod_util - ERROR  - system_log - 
Error: time data '\xa0' does not match format '%B %d, %Y'
Function Name: _strptime
Data Corruption:
('\xa0', 'WINNIPEG A CS', ' MANITOBA ', 'January 18, 2006', '\xa0', '\xa0')


2024-04-10 17:46:16,624 - prod_util - ERROR  - system_log - 
Error: could not convert string to float: '\xa0'
Function Name: _format_payload_for_insert
Data Corruption:
('January 18, 2006', 'WINNIPEG A CS', ' MANITOBA ', '\xa0', '\xa0', 'January 19, 2006')


2024-04-10 17:46:16,624 - prod_util - ERROR  - system_log - 
Error: time data '\xa0' does not match format '%B %d, %Y'
Function Name: _strptime
Data Corruption:
('\xa0', 'WINNIPEG A CS', ' MANITOBA ', '\xa0', 'January 19, 2006', '\xa0')


2024-04-10 17:46:16,625 - prod_util - ERROR  - system_log - 
Error: time data '\xa0' does not match format '%B %d, %Y'
Function Name: _strptime
Data Corruption:
('\xa0', 'WINNIPEG A CS', ' MANITOBA ', 'January 19, 2006', '\xa0', '\xa0')


2024-04-10 17:46:16,625 - prod_util - ERROR  - system_log - 
Error: could not convert string to float: '\xa0'
Function Name: _format_payload_for_insert
Data Corruption:
('January 19, 2006', 'WINNIPEG A CS', ' MANITOBA ', '\xa0', '\xa0', 'January 20, 2006')


2024-04-10 17:46:16,625 - prod_util - ERROR  - system_log - 
Error: time data '\xa0' does not match format '%B %d, %Y'
Function Name: _strptime
Data Corruption:
('\xa0', 'WINNIPEG A CS', ' MANITOBA ', '\xa0', 'January 20, 2006', '\xa0')


2024-04-10 17:46:16,625 - prod_util - ERROR  - system_log - 
Error: time data '\xa0' does not match format '%B %d, %Y'
Function Name: _strptime
Data Corruption:
('\xa0', 'WINNIPEG A CS', ' MANITOBA ', 'January 20, 2006', '\xa0', '\xa0')


2024-04-10 17:46:16,625 - prod_util - ERROR  - system_log - 
Error: could not convert string to float: '\xa0'
Function Name: _format_payload_for_insert
Data Corruption:
('January 20, 2006', 'WINNIPEG A CS', ' MANITOBA ', '\xa0', '\xa0', 'January 21, 2006')


2024-04-10 17:46:16,625 - prod_util - ERROR  - system_log - 
Error: time data '\xa0' does not match format '%B %d, %Y'
Function Name: _strptime
Data Corruption:
('\xa0', 'WINNIPEG A CS', ' MANITOBA ', '\xa0', 'January 21, 2006', '\xa0')


2024-04-10 17:46:16,626 - prod_util - ERROR  - system_log - 
Error: time data '\xa0' does not match format '%B %d, %Y'
Function Name: _strptime
Data Corruption:
('\xa0', 'WINNIPEG A CS', ' MANITOBA ', 'January 21, 2006', '\xa0', '\xa0')


2024-04-10 17:46:16,626 - prod_util - ERROR  - system_log - 
Error: could not convert string to float: '\xa0'
Function Name: _format_payload_for_insert
Data Corruption:
('January 21, 2006', 'WINNIPEG A CS', ' MANITOBA ', '\xa0', '\xa0', 'January 22, 2006')


2024-04-10 17:46:16,626 - prod_util - ERROR  - system_log - 
Error: time data '\xa0' does not match format '%B %d, %Y'
Function Name: _strptime
Data Corruption:
('\xa0', 'WINNIPEG A CS', ' MANITOBA ', '\xa0', 'January 22, 2006', '\xa0')


2024-04-10 17:46:16,626 - prod_util - ERROR  - system_log - 
Error: time data '\xa0' does not match format '%B %d, %Y'
Function Name: _strptime
Data Corruption:
('\xa0', 'WINNIPEG A CS', ' MANITOBA ', 'January 22, 2006', '\xa0', '\xa0')


2024-04-10 17:46:16,627 - prod_util - ERROR  - system_log - 
Error: could not convert string to float: '\xa0'
Function Name: _format_payload_for_insert
Data Corruption:
('January 22, 2006', 'WINNIPEG A CS', ' MANITOBA ', '\xa0', '\xa0', 'January 23, 2006')


2024-04-10 17:46:16,627 - prod_util - ERROR  - system_log - 
Error: time data '\xa0' does not match format '%B %d, %Y'
Function Name: _strptime
Data Corruption:
('\xa0', 'WINNIPEG A CS', ' MANITOBA ', '\xa0', 'January 23, 2006', '\xa0')


2024-04-10 17:46:16,627 - prod_util - ERROR  - system_log - 
Error: time data '\xa0' does not match format '%B %d, %Y'
Function Name: _strptime
Data Corruption:
('\xa0', 'WINNIPEG A CS', ' MANITOBA ', 'January 23, 2006', '\xa0', '\xa0')


2024-04-10 17:46:16,628 - prod_util - ERROR  - system_log - 
Error: could not convert string to float: '\xa0'
Function Name: _format_payload_for_insert
Data Corruption:
('January 23, 2006', 'WINNIPEG A CS', ' MANITOBA ', '\xa0', '\xa0', 'January 24, 2006')


2024-04-10 17:46:16,628 - prod_util - ERROR  - system_log - 
Error: time data '\xa0' does not match format '%B %d, %Y'
Function Name: _strptime
Data Corruption:
('\xa0', 'WINNIPEG A CS', ' MANITOBA ', '\xa0', 'January 24, 2006', '\xa0')


2024-04-10 17:46:16,628 - prod_util - ERROR  - system_log - 
Error: time data '\xa0' does not match format '%B %d, %Y'
Function Name: _strptime
Data Corruption:
('\xa0', 'WINNIPEG A CS', ' MANITOBA ', 'January 24, 2006', '\xa0', '\xa0')


2024-04-10 17:46:16,628 - prod_util - ERROR  - system_log - 
Error: could not convert string to float: '\xa0'
Function Name: _format_payload_for_insert
Data Corruption:
('January 24, 2006', 'WINNIPEG A CS', ' MANITOBA ', '\xa0', '\xa0', 'January 25, 2006')


2024-04-10 17:46:16,629 - prod_util - ERROR  - system_log - 
Error: time data '\xa0' does not match format '%B %d, %Y'
Function Name: _strptime
Data Corruption:
('\xa0', 'WINNIPEG A CS', ' MANITOBA ', '\xa0', 'January 25, 2006', '\xa0')


2024-04-10 17:46:16,629 - prod_util - ERROR  - system_log - 
Error: time data '\xa0' does not match format '%B %d, %Y'
Function Name: _strptime
Data Corruption:
('\xa0', 'WINNIPEG A CS', ' MANITOBA ', 'January 25, 2006', '\xa0', '\xa0')


2024-04-10 17:46:16,629 - prod_util - ERROR  - system_log - 
Error: could not convert string to float: '\xa0'
Function Name: _format_payload_for_insert
Data Corruption:
('January 25, 2006', 'WINNIPEG A CS', ' MANITOBA ', '\xa0', '\xa0', 'January 26, 2006')


2024-04-10 17:46:16,629 - prod_util - ERROR  - system_log - 
Error: time data '\xa0' does not match format '%B %d, %Y'
Function Name: _strptime
Data Corruption:
('\xa0', 'WINNIPEG A CS', ' MANITOBA ', '\xa0', 'January 26, 2006', '\xa0')


2024-04-10 17:46:16,630 - prod_util - ERROR  - system_log - 
Error: time data '\xa0' does not match format '%B %d, %Y'
Function Name: _strptime
Data Corruption:
('\xa0', 'WINNIPEG A CS', ' MANITOBA ', 'January 26, 2006', '\xa0', '\xa0')


2024-04-10 17:46:16,630 - prod_util - ERROR  - system_log - 
Error: could not convert string to float: '\xa0'
Function Name: _format_payload_for_insert
Data Corruption:
('January 26, 2006', 'WINNIPEG A CS', ' MANITOBA ', '\xa0', '\xa0', 'January 27, 2006')


2024-04-10 17:46:16,630 - prod_util - ERROR  - system_log - 
Error: time data '\xa0' does not match format '%B %d, %Y'
Function Name: _strptime
Data Corruption:
('\xa0', 'WINNIPEG A CS', ' MANITOBA ', '\xa0', 'January 27, 2006', '\xa0')


2024-04-10 17:46:16,631 - prod_util - ERROR  - system_log - 
Error: time data '\xa0' does not match format '%B %d, %Y'
Function Name: _strptime
Data Corruption:
('\xa0', 'WINNIPEG A CS', ' MANITOBA ', 'January 27, 2006', '\xa0', '\xa0')


2024-04-10 17:46:16,631 - prod_util - ERROR  - system_log - 
Error: could not convert string to float: '\xa0'
Function Name: _format_payload_for_insert
Data Corruption:
('January 27, 2006', 'WINNIPEG A CS', ' MANITOBA ', '\xa0', '\xa0', 'January 28, 2006')


2024-04-10 17:46:16,631 - prod_util - ERROR  - system_log - 
Error: time data '\xa0' does not match format '%B %d, %Y'
Function Name: _strptime
Data Corruption:
('\xa0', 'WINNIPEG A CS', ' MANITOBA ', '\xa0', 'January 28, 2006', '\xa0')


2024-04-10 17:46:16,631 - prod_util - ERROR  - system_log - 
Error: time data '\xa0' does not match format '%B %d, %Y'
Function Name: _strptime
Data Corruption:
('\xa0', 'WINNIPEG A CS', ' MANITOBA ', 'January 28, 2006', '\xa0', '\xa0')


2024-04-10 17:46:16,632 - prod_util - ERROR  - system_log - 
Error: could not convert string to float: '\xa0'
Function Name: _format_payload_for_insert
Data Corruption:
('January 28, 2006', 'WINNIPEG A CS', ' MANITOBA ', '\xa0', '\xa0', 'January 29, 2006')


2024-04-10 17:46:16,632 - prod_util - ERROR  - system_log - 
Error: time data '\xa0' does not match format '%B %d, %Y'
Function Name: _strptime
Data Corruption:
('\xa0', 'WINNIPEG A CS', ' MANITOBA ', '\xa0', 'January 29, 2006', '\xa0')


2024-04-10 17:46:16,632 - prod_util - ERROR  - system_log - 
Error: time data '\xa0' does not match format '%B %d, %Y'
Function Name: _strptime
Data Corruption:
('\xa0', 'WINNIPEG A CS', ' MANITOBA ', 'January 29, 2006', '\xa0', '\xa0')


2024-04-10 17:46:16,632 - prod_util - ERROR  - system_log - 
Error: could not convert string to float: '\xa0'
Function Name: _format_payload_for_insert
Data Corruption:
('January 29, 2006', 'WINNIPEG A CS', ' MANITOBA ', '\xa0', '\xa0', 'January 30, 2006')


2024-04-10 17:46:16,633 - prod_util - ERROR  - system_log - 
Error: time data '\xa0' does not match format '%B %d, %Y'
Function Name: _strptime
Data Corruption:
('\xa0', 'WINNIPEG A CS', ' MANITOBA ', '\xa0', 'January 30, 2006', '\xa0')


2024-04-10 17:46:16,633 - prod_util - ERROR  - system_log - 
Error: time data '\xa0' does not match format '%B %d, %Y'
Function Name: _strptime
Data Corruption:
('\xa0', 'WINNIPEG A CS', ' MANITOBA ', 'January 30, 2006', '\xa0', '\xa0')


2024-04-10 17:46:16,633 - prod_util - ERROR  - system_log - 
Error: could not convert string to float: '\xa0'
Function Name: _format_payload_for_insert
Data Corruption:
('January 30, 2006', 'WINNIPEG A CS', ' MANITOBA ', '\xa0', '\xa0', 'January 31, 2006')


2024-04-10 17:46:16,633 - prod_util - ERROR  - system_log - 
Error: time data '\xa0' does not match format '%B %d, %Y'
Function Name: _strptime
Data Corruption:
('\xa0', 'WINNIPEG A CS', ' MANITOBA ', '\xa0', 'January 31, 2006', '\xa0')


2024-04-10 17:46:16,633 - prod_util - ERROR  - system_log - 
Error: time data '\xa0' does not match format '%B %d, %Y'
Function Name: _strptime
Data Corruption:
('\xa0', 'WINNIPEG A CS', ' MANITOBA ', 'January 31, 2006', '\xa0', '\xa0')


2024-04-10 17:46:16,840 - urllib3.connectionpool - DEBUG  - _make_request - https://climate.weather.gc.ca:443 "GET /climate_data/daily_data_e.html?StationID=27174&timeframe=2&StartYear=1840&EndYear=2018&Year=2000&Month=12 HTTP/1.1" 200 8195
2024-04-10 17:46:16,847 - urllib3.connectionpool - DEBUG  - _make_request - https://climate.weather.gc.ca:443 "GET /climate_data/daily_data_e.html?StationID=27174&timeframe=2&StartYear=1840&EndYear=2018&Year=2017&Month=1 HTTP/1.1" 200 8711
2024-04-10 17:46:16,856 - urllib3.connectionpool - DEBUG  - _new_conn - Starting new HTTPS connection (1): climate.weather.gc.ca:443
2024-04-10 17:46:16,864 - prod_util - ERROR  - system_log - 
Error: could not convert string to float: 'October 28, 2017'
Function Name: _format_payload_for_insert
Data Corruption:
('4.8', 'WINNIPEG A CS', ' MANITOBA ', '-2.2', '1.3', 'October 27, 2017')


2024-04-10 17:46:16,864 - prod_util - ERROR  - system_log - 
Error: time data '-6.4' does not match format '%B %d, %Y'
Function Name: _strptime
Data Corruption:
('-2.2', 'WINNIPEG A CS', ' MANITOBA ', '1.3', 'October 27, 2017', '-6.4')


2024-04-10 17:46:16,866 - prod_util - ERROR  - system_log - 
Error: could not convert string to float: 'August 9, 2017'
Function Name: _format_payload_for_insert
Data Corruption:
('28.6', 'WINNIPEG A CS', ' MANITOBA ', '9.4', '19.0', 'August 8, 2017')


2024-04-10 17:46:16,867 - prod_util - ERROR  - system_log - 
Error: time data '13.0' does not match format '%B %d, %Y'
Function Name: _strptime
Data Corruption:
('9.4', 'WINNIPEG A CS', ' MANITOBA ', '19.0', 'August 8, 2017', '13.0')


2024-04-10 17:46:16,867 - prod_util - ERROR  - system_log - 
Error: could not convert string to float: 'August 10, 2017'
Function Name: _format_payload_for_insert
Data Corruption:
('19.0', 'WINNIPEG A CS', ' MANITOBA ', 'August 8, 2017', '13.0', 'August 9, 2017')


2024-04-10 17:46:16,869 - prod_util - ERROR  - system_log - 
Error: could not convert string to float: 'July 19, 2017'
Function Name: _format_payload_for_insert
Data Corruption:
('25.7', 'WINNIPEG A CS', ' MANITOBA ', '13.0', '19.4', 'July 18, 2017')


2024-04-10 17:46:16,869 - prod_util - ERROR  - system_log - 
Error: time data '11.1' does not match format '%B %d, %Y'
Function Name: _strptime
Data Corruption:
('13.0', 'WINNIPEG A CS', ' MANITOBA ', '19.4', 'July 18, 2017', '11.1')


2024-04-10 17:46:16,869 - prod_util - ERROR  - system_log - 
Error: could not convert string to float: 'July 20, 2017'
Function Name: _format_payload_for_insert
Data Corruption:
('19.4', 'WINNIPEG A CS', ' MANITOBA ', 'July 18, 2017', '11.1', 'July 19, 2017')


2024-04-10 17:46:16,870 - prod_util - ERROR  - system_log - 
Error: time data '11.1' does not match format '%B %d, %Y'
Function Name: _strptime
Data Corruption:
('July 18, 2017', 'WINNIPEG A CS', ' MANITOBA ', '11.1', 'July 19, 2017', '11.1')


2024-04-10 17:46:16,870 - prod_util - ERROR  - system_log - 
Error: could not convert string to float: 'July 21, 2017'
Function Name: _format_payload_for_insert
Data Corruption:
('11.1', 'WINNIPEG A CS', ' MANITOBA ', 'July 19, 2017', '11.1', 'July 20, 2017')


2024-04-10 17:46:16,870 - prod_util - ERROR  - system_log - 
Error: time data '8.0' does not match format '%B %d, %Y'
Function Name: _strptime
Data Corruption:
('July 19, 2017', 'WINNIPEG A CS', ' MANITOBA ', '11.1', 'July 20, 2017', '8.0')


2024-04-10 17:46:16,871 - prod_util - ERROR  - system_log - 
Error: could not convert string to float: 'June 16, 2017'
Function Name: _format_payload_for_insert
Data Corruption:
('23.7', 'WINNIPEG A CS', ' MANITOBA ', '14.1', '18.9', 'June 15, 2017')


2024-04-10 17:46:16,872 - prod_util - ERROR  - system_log - 
Error: time data '12.7' does not match format '%B %d, %Y'
Function Name: _strptime
Data Corruption:
('14.1', 'WINNIPEG A CS', ' MANITOBA ', '18.9', 'June 15, 2017', '12.7')


2024-04-10 17:46:16,878 - prod_util - ERROR  - system_log - 
Error: could not convert string to float: 'January 25, 2017'
Function Name: _format_payload_for_insert
Data Corruption:
('-0.1', 'WINNIPEG A CS', ' MANITOBA ', '-3.2', '-1.7', 'January 24, 2017')


2024-04-10 17:46:16,878 - prod_util - ERROR  - system_log - 
Error: time data '-3.7' does not match format '%B %d, %Y'
Function Name: _strptime
Data Corruption:
('-3.2', 'WINNIPEG A CS', ' MANITOBA ', '-1.7', 'January 24, 2017', '-3.7')


2024-04-10 17:46:16,886 - urllib3.connectionpool - DEBUG  - _make_request - https://climate.weather.gc.ca:443 "GET /climate_data/daily_data_e.html?StationID=27174&timeframe=2&StartYear=1840&EndYear=2018&Year=1999&Month=12 HTTP/1.1" 200 8191
2024-04-10 17:46:16,895 - urllib3.connectionpool - DEBUG  - _new_conn - Starting new HTTPS connection (1): climate.weather.gc.ca:443
2024-04-10 17:46:16,958 - urllib3.connectionpool - DEBUG  - _make_request - https://climate.weather.gc.ca:443 "GET /climate_data/daily_data_e.html?StationID=27174&timeframe=2&StartYear=1840&EndYear=2018&Year=1997&Month=12 HTTP/1.1" 200 8284
2024-04-10 17:46:16,969 - urllib3.connectionpool - DEBUG  - _new_conn - Starting new HTTPS connection (1): climate.weather.gc.ca:443
2024-04-10 17:46:17,503 - urllib3.connectionpool - DEBUG  - _make_request - https://climate.weather.gc.ca:443 "GET /climate_data/daily_data_e.html?StationID=27174&timeframe=2&StartYear=1840&EndYear=2018&Year=2011&Month=1 HTTP/1.1" 200 8398
2024-04-10 17:46:17,517 - prod_util - ERROR  - system_log - 
Error: time data '\xa0' does not match format '%B %d, %Y'
Function Name: _strptime
Data Corruption:
('12.3', 'WINNIPEG A CS', ' MANITOBA ', '-3.3', '4.5', '\xa0')


2024-04-10 17:46:17,517 - prod_util - ERROR  - system_log - 
Error: time data '\xa0' does not match format '%B %d, %Y'
Function Name: _strptime
Data Corruption:
('-3.3', 'WINNIPEG A CS', ' MANITOBA ', '4.5', '\xa0', '\xa0')


2024-04-10 17:46:17,517 - prod_util - ERROR  - system_log - 
Error: time data '\xa0' does not match format '%B %d, %Y'
Function Name: _strptime
Data Corruption:
('4.5', 'WINNIPEG A CS', ' MANITOBA ', '\xa0', '\xa0', '\xa0')


2024-04-10 17:46:17,518 - prod_util - ERROR  - system_log - 
Error: time data '\xa0' does not match format '%B %d, %Y'
Function Name: _strptime
Data Corruption:
('22.0', 'WINNIPEG A CS', ' MANITOBA ', '6.3', '14.2', '\xa0')


2024-04-10 17:46:17,518 - prod_util - ERROR  - system_log - 
Error: time data '\xa0' does not match format '%B %d, %Y'
Function Name: _strptime
Data Corruption:
('6.3', 'WINNIPEG A CS', ' MANITOBA ', '14.2', '\xa0', '\xa0')


2024-04-10 17:46:17,518 - prod_util - ERROR  - system_log - 
Error: time data '\xa0' does not match format '%B %d, %Y'
Function Name: _strptime
Data Corruption:
('14.2', 'WINNIPEG A CS', ' MANITOBA ', '\xa0', '\xa0', '\xa0')


2024-04-10 17:46:17,518 - prod_util - ERROR  - system_log - 
Error: could not convert string to float: 'October 11, 2011'
Function Name: _format_payload_for_insert
Data Corruption:
('15.9', 'WINNIPEG A CS', ' MANITOBA ', '0.1', '8.0', 'October 10, 2011')


2024-04-10 17:46:17,520 - prod_util - ERROR  - system_log - 
Error: time data '8.9' does not match format '%B %d, %Y'
Function Name: _strptime
Data Corruption:
('0.1', 'WINNIPEG A CS', ' MANITOBA ', '8.0', 'October 10, 2011', '8.9')


2024-04-10 17:46:17,520 - prod_util - ERROR  - system_log - 
Error: could not convert string to float: 'October 12, 2011'
Function Name: _format_payload_for_insert
Data Corruption:
('8.0', 'WINNIPEG A CS', ' MANITOBA ', 'October 10, 2011', '8.9', 'October 11, 2011')


2024-04-10 17:46:17,522 - prod_util - ERROR  - system_log - 
Error: time data '\xa0' does not match format '%B %d, %Y'
Function Name: _strptime
Data Corruption:
('19.9', 'WINNIPEG A CS', ' MANITOBA ', '5.9', '12.9', '\xa0')


2024-04-10 17:46:17,522 - prod_util - ERROR  - system_log - 
Error: time data '\xa0' does not match format '%B %d, %Y'
Function Name: _strptime
Data Corruption:
('5.9', 'WINNIPEG A CS', ' MANITOBA ', '12.9', '\xa0', '\xa0')


2024-04-10 17:46:17,522 - prod_util - ERROR  - system_log - 
Error: time data '\xa0' does not match format '%B %d, %Y'
Function Name: _strptime
Data Corruption:
('12.9', 'WINNIPEG A CS', ' MANITOBA ', '\xa0', '\xa0', '\xa0')


2024-04-10 17:46:17,522 - prod_util - ERROR  - system_log - 
Error: time data '\xa0' does not match format '%B %d, %Y'
Function Name: _strptime
Data Corruption:
('\xa0', 'WINNIPEG A CS', ' MANITOBA ', '\xa0', '\xa0', '\xa0')


2024-04-10 17:46:17,523 - prod_util - ERROR  - system_log - 
Error: time data '\xa0' does not match format '%B %d, %Y'
Function Name: _strptime
Data Corruption:
('\xa0', 'WINNIPEG A CS', ' MANITOBA ', '\xa0', '\xa0', '\xa0')


2024-04-10 17:46:17,523 - prod_util - ERROR  - system_log - 
Error: time data '\xa0' does not match format '%B %d, %Y'
Function Name: _strptime
Data Corruption:
('\xa0', 'WINNIPEG A CS', ' MANITOBA ', '\xa0', '\xa0', '\xa0')


2024-04-10 17:46:17,523 - prod_util - ERROR  - system_log - 
Error: time data '\xa0' does not match format '%B %d, %Y'
Function Name: _strptime
Data Corruption:
('\xa0', 'WINNIPEG A CS', ' MANITOBA ', '\xa0', '\xa0', '\xa0')


2024-04-10 17:46:17,523 - prod_util - ERROR  - system_log - 
Error: time data '\xa0' does not match format '%B %d, %Y'
Function Name: _strptime
Data Corruption:
('\xa0', 'WINNIPEG A CS', ' MANITOBA ', '\xa0', '\xa0', '\xa0')


2024-04-10 17:46:17,524 - prod_util - ERROR  - system_log - 
Error: time data '\xa0' does not match format '%B %d, %Y'
Function Name: _strptime
Data Corruption:
('\xa0', 'WINNIPEG A CS', ' MANITOBA ', '\xa0', '\xa0', '\xa0')


2024-04-10 17:46:17,524 - prod_util - ERROR  - system_log - 
Error: time data '\xa0' does not match format '%B %d, %Y'
Function Name: _strptime
Data Corruption:
('\xa0', 'WINNIPEG A CS', ' MANITOBA ', '\xa0', '\xa0', '\xa0')


2024-04-10 17:46:17,524 - prod_util - ERROR  - system_log - 
Error: time data '\xa0' does not match format '%B %d, %Y'
Function Name: _strptime
Data Corruption:
('\xa0', 'WINNIPEG A CS', ' MANITOBA ', '\xa0', '\xa0', '\xa0')


2024-04-10 17:46:17,524 - prod_util - ERROR  - system_log - 
Error: time data '\xa0' does not match format '%B %d, %Y'
Function Name: _strptime
Data Corruption:
('\xa0', 'WINNIPEG A CS', ' MANITOBA ', '\xa0', '\xa0', '\xa0')


2024-04-10 17:46:17,525 - prod_util - ERROR  - system_log - 
Error: time data '\xa0' does not match format '%B %d, %Y'
Function Name: _strptime
Data Corruption:
('\xa0', 'WINNIPEG A CS', ' MANITOBA ', '\xa0', '\xa0', '\xa0')


2024-04-10 17:46:17,525 - prod_util - ERROR  - system_log - 
Error: time data '\xa0' does not match format '%B %d, %Y'
Function Name: _strptime
Data Corruption:
('\xa0', 'WINNIPEG A CS', ' MANITOBA ', '\xa0', '\xa0', '\xa0')


2024-04-10 17:46:17,525 - prod_util - ERROR  - system_log - 
Error: time data '\xa0' does not match format '%B %d, %Y'
Function Name: _strptime
Data Corruption:
('\xa0', 'WINNIPEG A CS', ' MANITOBA ', '\xa0', '\xa0', '\xa0')


2024-04-10 17:46:17,525 - prod_util - ERROR  - system_log - 
Error: time data '\xa0' does not match format '%B %d, %Y'
Function Name: _strptime
Data Corruption:
('\xa0', 'WINNIPEG A CS', ' MANITOBA ', '\xa0', '\xa0', '\xa0')


2024-04-10 17:46:17,525 - prod_util - ERROR  - system_log - 
Error: time data '\xa0' does not match format '%B %d, %Y'
Function Name: _strptime
Data Corruption:
('\xa0', 'WINNIPEG A CS', ' MANITOBA ', '\xa0', '\xa0', '\xa0')


2024-04-10 17:46:17,525 - prod_util - ERROR  - system_log - 
Error: time data '\xa0' does not match format '%B %d, %Y'
Function Name: _strptime
Data Corruption:
('\xa0', 'WINNIPEG A CS', ' MANITOBA ', '\xa0', '\xa0', '\xa0')


2024-04-10 17:46:17,526 - prod_util - ERROR  - system_log - 
Error: could not convert string to float: 'September 20, 2011'
Function Name: _format_payload_for_insert
Data Corruption:
('\xa0', 'WINNIPEG A CS', ' MANITOBA ', '\xa0', '\xa0', 'September 19, 2011')


2024-04-10 17:46:17,526 - urllib3.connectionpool - DEBUG  - _make_request - https://climate.weather.gc.ca:443 "GET /climate_data/daily_data_e.html?StationID=27174&timeframe=2&StartYear=1840&EndYear=2018&Year=1996&Month=12 HTTP/1.1" 200 6449
2024-04-10 17:46:17,527 - prod_util - ERROR  - system_log - 
Error: time data '\xa0' does not match format '%B %d, %Y'
Function Name: _strptime
Data Corruption:
('12.7', 'WINNIPEG A CS', ' MANITOBA ', '9.3', '11.0', '\xa0')


2024-04-10 17:46:17,527 - prod_util - ERROR  - system_log - 
Error: time data '\xa0' does not match format '%B %d, %Y'
Function Name: _strptime
Data Corruption:
('9.3', 'WINNIPEG A CS', ' MANITOBA ', '11.0', '\xa0', '\xa0')


2024-04-10 17:46:17,527 - prod_util - ERROR  - system_log - 
Error: time data '\xa0' does not match format '%B %d, %Y'
Function Name: _strptime
Data Corruption:
('11.0', 'WINNIPEG A CS', ' MANITOBA ', '\xa0', '\xa0', '\xa0')


2024-04-10 17:46:17,527 - prod_util - ERROR  - system_log - 
Error: time data '\xa0' does not match format '%B %d, %Y'
Function Name: _strptime
Data Corruption:
('13.5', 'WINNIPEG A CS', ' MANITOBA ', '-1.3', '6.1', '\xa0')


2024-04-10 17:46:17,528 - prod_util - ERROR  - system_log - 
Error: time data '\xa0' does not match format '%B %d, %Y'
Function Name: _strptime
Data Corruption:
('-1.3', 'WINNIPEG A CS', ' MANITOBA ', '6.1', '\xa0', '\xa0')


2024-04-10 17:46:17,528 - prod_util - ERROR  - system_log - 
Error: time data '\xa0' does not match format '%B %d, %Y'
Function Name: _strptime
Data Corruption:
('6.1', 'WINNIPEG A CS', ' MANITOBA ', '\xa0', '\xa0', '\xa0')


2024-04-10 17:46:17,528 - prod_util - ERROR  - system_log - 
Error: time data '\xa0' does not match format '%B %d, %Y'
Function Name: _strptime
Data Corruption:
('\xa0', 'WINNIPEG A CS', ' MANITOBA ', '\xa0', '\xa0', '\xa0')


2024-04-10 17:46:17,529 - prod_util - ERROR  - system_log - 
Error: time data '\xa0' does not match format '%B %d, %Y'
Function Name: _strptime
Data Corruption:
('\xa0', 'WINNIPEG A CS', ' MANITOBA ', '\xa0', '\xa0', '\xa0')


2024-04-10 17:46:17,529 - prod_util - ERROR  - system_log - 
Error: time data '\xa0' does not match format '%B %d, %Y'
Function Name: _strptime
Data Corruption:
('\xa0', 'WINNIPEG A CS', ' MANITOBA ', '\xa0', '\xa0', '\xa0')


2024-04-10 17:46:17,530 - urllib3.connectionpool - DEBUG  - _make_request - https://climate.weather.gc.ca:443 "GET /climate_data/daily_data_e.html?StationID=27174&timeframe=2&StartYear=1840&EndYear=2018&Year=2008&Month=1 HTTP/1.1" 200 8477
2024-04-10 17:46:17,530 - prod_util - ERROR  - system_log - 
Error: time data '\xa0' does not match format '%B %d, %Y'
Function Name: _strptime
Data Corruption:
('22.0', 'WINNIPEG A CS', ' MANITOBA ', '9.7', '15.9', '\xa0')


2024-04-10 17:46:17,531 - prod_util - ERROR  - system_log - 
Error: time data '\xa0' does not match format '%B %d, %Y'
Function Name: _strptime
Data Corruption:
('9.7', 'WINNIPEG A CS', ' MANITOBA ', '15.9', '\xa0', '\xa0')


2024-04-10 17:46:17,531 - prod_util - ERROR  - system_log - 
Error: time data '\xa0' does not match format '%B %d, %Y'
Function Name: _strptime
Data Corruption:
('15.9', 'WINNIPEG A CS', ' MANITOBA ', '\xa0', '\xa0', '\xa0')


2024-04-10 17:46:17,532 - prod_util - ERROR  - system_log - 
Error: time data '\xa0' does not match format '%B %d, %Y'
Function Name: _strptime
Data Corruption:
('23.7', 'WINNIPEG A CS', ' MANITOBA ', '9.8', '16.8', '\xa0')


2024-04-10 17:46:17,532 - prod_util - ERROR  - system_log - 
Error: time data '\xa0' does not match format '%B %d, %Y'
Function Name: _strptime
Data Corruption:
('9.8', 'WINNIPEG A CS', ' MANITOBA ', '16.8', '\xa0', '\xa0')


2024-04-10 17:46:17,532 - prod_util - ERROR  - system_log - 
Error: time data '\xa0' does not match format '%B %d, %Y'
Function Name: _strptime
Data Corruption:
('16.8', 'WINNIPEG A CS', ' MANITOBA ', '\xa0', '\xa0', '\xa0')


2024-04-10 17:46:17,533 - urllib3.connectionpool - DEBUG  - _new_conn - Starting new HTTPS connection (1): climate.weather.gc.ca:443
2024-04-10 17:46:17,533 - prod_util - ERROR  - system_log - 
Error: time data '\xa0' does not match format '%B %d, %Y'
Function Name: _strptime
Data Corruption:
('\xa0', 'WINNIPEG A CS', ' MANITOBA ', '\xa0', '\xa0', '\xa0')


2024-04-10 17:46:17,535 - prod_util - ERROR  - system_log - 
Error: time data '\xa0' does not match format '%B %d, %Y'
Function Name: _strptime
Data Corruption:
('\xa0', 'WINNIPEG A CS', ' MANITOBA ', '\xa0', '\xa0', '\xa0')


2024-04-10 17:46:17,535 - prod_util - ERROR  - system_log - 
Error: time data '\xa0' does not match format '%B %d, %Y'
Function Name: _strptime
Data Corruption:
('\xa0', 'WINNIPEG A CS', ' MANITOBA ', '\xa0', '\xa0', '\xa0')


2024-04-10 17:46:17,537 - prod_util - ERROR  - system_log - 
Error: time data '\xa0' does not match format '%B %d, %Y'
Function Name: _strptime
Data Corruption:
('31.3', 'WINNIPEG A CS', ' MANITOBA ', '17.7', '24.5', '\xa0')


2024-04-10 17:46:17,538 - prod_util - ERROR  - system_log - 
Error: time data '\xa0' does not match format '%B %d, %Y'
Function Name: _strptime
Data Corruption:
('17.7', 'WINNIPEG A CS', ' MANITOBA ', '24.5', '\xa0', '\xa0')


2024-04-10 17:46:17,538 - prod_util - ERROR  - system_log - 
Error: time data '\xa0' does not match format '%B %d, %Y'
Function Name: _strptime
Data Corruption:
('24.5', 'WINNIPEG A CS', ' MANITOBA ', '\xa0', '\xa0', '\xa0')


2024-04-10 17:46:17,543 - prod_util - ERROR  - system_log - 
Error: could not convert string to float: 'May 13, 2011'
Function Name: _format_payload_for_insert
Data Corruption:
('12.7', 'WINNIPEG A CS', ' MANITOBA ', '5.4', '9.1', 'May 12, 2011')


2024-04-10 17:46:17,545 - prod_util - ERROR  - system_log - 
Error: time data '3.8' does not match format '%B %d, %Y'
Function Name: _strptime
Data Corruption:
('5.4', 'WINNIPEG A CS', ' MANITOBA ', '9.1', 'May 12, 2011', '3.8')


2024-04-10 17:46:17,545 - prod_util - ERROR  - system_log - 
Error: time data '\xa0' does not match format '%B %d, %Y'
Function Name: _strptime
Data Corruption:
('9.3', 'WINNIPEG A CS', ' MANITOBA ', '1.2', '5.3', '\xa0')


2024-04-10 17:46:17,545 - prod_util - ERROR  - system_log - 
Error: time data '\xa0' does not match format '%B %d, %Y'
Function Name: _strptime
Data Corruption:
('1.2', 'WINNIPEG A CS', ' MANITOBA ', '5.3', '\xa0', '\xa0')


2024-04-10 17:46:17,546 - prod_util - ERROR  - system_log - 
Error: time data '\xa0' does not match format '%B %d, %Y'
Function Name: _strptime
Data Corruption:
('5.3', 'WINNIPEG A CS', ' MANITOBA ', '\xa0', '\xa0', '\xa0')


2024-04-10 17:46:17,546 - prod_util - ERROR  - system_log - 
Error: time data '\xa0' does not match format '%B %d, %Y'
Function Name: _strptime
Data Corruption:
('\xa0', 'WINNIPEG A CS', ' MANITOBA ', '\xa0', '\xa0', '\xa0')


2024-04-10 17:46:17,547 - prod_util - ERROR  - system_log - 
Error: time data '\xa0' does not match format '%B %d, %Y'
Function Name: _strptime
Data Corruption:
('\xa0', 'WINNIPEG A CS', ' MANITOBA ', '\xa0', '\xa0', '\xa0')


2024-04-10 17:46:17,547 - prod_util - ERROR  - system_log - 
Error: time data '\xa0' does not match format '%B %d, %Y'
Function Name: _strptime
Data Corruption:
('\xa0', 'WINNIPEG A CS', ' MANITOBA ', '\xa0', '\xa0', '\xa0')


2024-04-10 17:46:17,549 - prod_util - ERROR  - system_log - 
Error: could not convert string to float: 'April 6, 2011'
Function Name: _format_payload_for_insert
Data Corruption:
('5.1', 'WINNIPEG A CS', ' MANITOBA ', '-2.5', '1.3', 'April 5, 2011')


2024-04-10 17:46:17,549 - prod_util - ERROR  - system_log - 
Error: time data '-4.1' does not match format '%B %d, %Y'
Function Name: _strptime
Data Corruption:
('-2.5', 'WINNIPEG A CS', ' MANITOBA ', '1.3', 'April 5, 2011', '-4.1')


2024-04-10 17:46:17,550 - prod_util - ERROR  - system_log - 
Error: time data '\xa0' does not match format '%B %d, %Y'
Function Name: _strptime
Data Corruption:
('6.4', 'WINNIPEG A CS', ' MANITOBA ', '-1.4', '2.5', '\xa0')


2024-04-10 17:46:17,550 - prod_util - ERROR  - system_log - 
Error: time data '\xa0' does not match format '%B %d, %Y'
Function Name: _strptime
Data Corruption:
('-1.4', 'WINNIPEG A CS', ' MANITOBA ', '2.5', '\xa0', '\xa0')


2024-04-10 17:46:17,550 - prod_util - ERROR  - system_log - 
Error: time data '\xa0' does not match format '%B %d, %Y'
Function Name: _strptime
Data Corruption:
('2.5', 'WINNIPEG A CS', ' MANITOBA ', '\xa0', '\xa0', '\xa0')


2024-04-10 17:46:17,551 - prod_util - ERROR  - system_log - 
Error: time data '\xa0' does not match format '%B %d, %Y'
Function Name: _strptime
Data Corruption:
('10.6', 'WINNIPEG A CS', ' MANITOBA ', '1.7', '6.2', '\xa0')


2024-04-10 17:46:17,551 - prod_util - ERROR  - system_log - 
Error: time data '\xa0' does not match format '%B %d, %Y'
Function Name: _strptime
Data Corruption:
('1.7', 'WINNIPEG A CS', ' MANITOBA ', '6.2', '\xa0', '\xa0')


2024-04-10 17:46:17,551 - prod_util - ERROR  - system_log - 
Error: time data '\xa0' does not match format '%B %d, %Y'
Function Name: _strptime
Data Corruption:
('6.2', 'WINNIPEG A CS', ' MANITOBA ', '\xa0', '\xa0', '\xa0')


2024-04-10 17:46:17,552 - prod_util - ERROR  - system_log - 
Error: time data '\xa0' does not match format '%B %d, %Y'
Function Name: _strptime
Data Corruption:
('\xa0', 'WINNIPEG A CS', ' MANITOBA ', '\xa0', '\xa0', '\xa0')


2024-04-10 17:46:17,552 - prod_util - ERROR  - system_log - 
Error: time data '\xa0' does not match format '%B %d, %Y'
Function Name: _strptime
Data Corruption:
('\xa0', 'WINNIPEG A CS', ' MANITOBA ', '\xa0', '\xa0', '\xa0')


2024-04-10 17:46:17,552 - prod_util - ERROR  - system_log - 
Error: time data '\xa0' does not match format '%B %d, %Y'
Function Name: _strptime
Data Corruption:
('\xa0', 'WINNIPEG A CS', ' MANITOBA ', '\xa0', '\xa0', '\xa0')


2024-04-10 17:46:17,553 - prod_util - ERROR  - system_log - 
Error: time data '\xa0' does not match format '%B %d, %Y'
Function Name: _strptime
Data Corruption:
('\xa0', 'WINNIPEG A CS', ' MANITOBA ', '\xa0', '\xa0', '\xa0')


2024-04-10 17:46:17,553 - prod_util - ERROR  - system_log - 
Error: time data '\xa0' does not match format '%B %d, %Y'
Function Name: _strptime
Data Corruption:
('\xa0', 'WINNIPEG A CS', ' MANITOBA ', '\xa0', '\xa0', '\xa0')


2024-04-10 17:46:17,553 - prod_util - ERROR  - system_log - 
Error: time data '\xa0' does not match format '%B %d, %Y'
Function Name: _strptime
Data Corruption:
('\xa0', 'WINNIPEG A CS', ' MANITOBA ', '\xa0', '\xa0', '\xa0')


2024-04-10 17:46:17,554 - prod_util - ERROR  - system_log - 
Error: time data '\xa0' does not match format '%B %d, %Y'
Function Name: _strptime
Data Corruption:
('9.9', 'WINNIPEG A CS', ' MANITOBA ', '-2.6', '3.7', '\xa0')


2024-04-10 17:46:17,554 - prod_util - ERROR  - system_log - 
Error: time data '\xa0' does not match format '%B %d, %Y'
Function Name: _strptime
Data Corruption:
('-2.6', 'WINNIPEG A CS', ' MANITOBA ', '3.7', '\xa0', '\xa0')


2024-04-10 17:46:17,554 - prod_util - ERROR  - system_log - 
Error: time data '\xa0' does not match format '%B %d, %Y'
Function Name: _strptime
Data Corruption:
('3.7', 'WINNIPEG A CS', ' MANITOBA ', '\xa0', '\xa0', '\xa0')


2024-04-10 17:46:17,554 - prod_util - ERROR  - system_log - 
Error: time data '\xa0' does not match format '%B %d, %Y'
Function Name: _strptime
Data Corruption:
('14.1', 'WINNIPEG A CS', ' MANITOBA ', '-2.8', '5.7', '\xa0')


2024-04-10 17:46:17,555 - prod_util - ERROR  - system_log - 
Error: time data '\xa0' does not match format '%B %d, %Y'
Function Name: _strptime
Data Corruption:
('-2.8', 'WINNIPEG A CS', ' MANITOBA ', '5.7', '\xa0', '\xa0')


2024-04-10 17:46:17,555 - prod_util - ERROR  - system_log - 
Error: time data '\xa0' does not match format '%B %d, %Y'
Function Name: _strptime
Data Corruption:
('5.7', 'WINNIPEG A CS', ' MANITOBA ', '\xa0', '\xa0', '\xa0')


2024-04-10 17:46:17,556 - prod_util - ERROR  - system_log - 
Error: time data '\xa0' does not match format '%B %d, %Y'
Function Name: _strptime
Data Corruption:
('2.4', 'WINNIPEG A CS', ' MANITOBA ', '0.2', '1.3', '\xa0')


2024-04-10 17:46:17,557 - prod_util - ERROR  - system_log - 
Error: time data '\xa0' does not match format '%B %d, %Y'
Function Name: _strptime
Data Corruption:
('0.2', 'WINNIPEG A CS', ' MANITOBA ', '1.3', '\xa0', '\xa0')


2024-04-10 17:46:17,557 - prod_util - ERROR  - system_log - 
Error: time data '\xa0' does not match format '%B %d, %Y'
Function Name: _strptime
Data Corruption:
('1.3', 'WINNIPEG A CS', ' MANITOBA ', '\xa0', '\xa0', '\xa0')


2024-04-10 17:46:17,558 - urllib3.connectionpool - DEBUG  - _make_request - https://climate.weather.gc.ca:443 "GET /climate_data/daily_data_e.html?StationID=27174&timeframe=2&StartYear=1840&EndYear=2018&Year=2002&Month=11 HTTP/1.1" 200 8159
2024-04-10 17:46:17,568 - urllib3.connectionpool - DEBUG  - _new_conn - Starting new HTTPS connection (1): climate.weather.gc.ca:443
2024-04-10 17:46:17,593 - urllib3.connectionpool - DEBUG  - _make_request - https://climate.weather.gc.ca:443 "GET /climate_data/daily_data_e.html?StationID=27174&timeframe=2&StartYear=1840&EndYear=2018&Year=2018&Month=1 HTTP/1.1" 200 8661
2024-04-10 17:46:17,593 - prod_util - ERROR  - system_log - 
Error: could not convert string to float: '\xa0'
Function Name: _format_payload_for_insert
Data Corruption:
('-14.4', 'WINNIPEG A CS', ' MANITOBA ', '-28.0', '-21.2', 'March 6, 2008')


2024-04-10 17:46:17,595 - prod_util - ERROR  - system_log - 
Error: time data '-32.1' does not match format '%B %d, %Y'
Function Name: _strptime
Data Corruption:
('-28.0', 'WINNIPEG A CS', ' MANITOBA ', '-21.2', 'March 6, 2008', '-32.1')


2024-04-10 17:46:17,595 - prod_util - ERROR  - system_log - 
Error: time data '\xa0' does not match format '%B %d, %Y'
Function Name: _strptime
Data Corruption:
('-21.2', 'WINNIPEG A CS', ' MANITOBA ', 'March 6, 2008', '-32.1', '\xa0')


2024-04-10 17:46:17,596 - prod_util - ERROR  - system_log - 
Error: time data '\xa0' does not match format '%B %d, %Y'
Function Name: _strptime
Data Corruption:
('March 6, 2008', 'WINNIPEG A CS', ' MANITOBA ', '-32.1', '\xa0', '\xa0')


2024-04-10 17:46:17,596 - prod_util - ERROR  - system_log - 
Error: time data '\xa0' does not match format '%B %d, %Y'
Function Name: _strptime
Data Corruption:
('-32.1', 'WINNIPEG A CS', ' MANITOBA ', '\xa0', '\xa0', '\xa0')


2024-04-10 17:46:17,596 - prod_util - ERROR  - system_log - 
Error: time data '\xa0' does not match format '%B %d, %Y'
Function Name: _strptime
Data Corruption:
('\xa0', 'WINNIPEG A CS', ' MANITOBA ', '\xa0', '\xa0', '\xa0')


2024-04-10 17:46:17,596 - prod_util - ERROR  - system_log - 
Error: time data '\xa0' does not match format '%B %d, %Y'
Function Name: _strptime
Data Corruption:
('\xa0', 'WINNIPEG A CS', ' MANITOBA ', '\xa0', '\xa0', '\xa0')


2024-04-10 17:46:17,597 - prod_util - ERROR  - system_log - 
Error: time data '\xa0' does not match format '%B %d, %Y'
Function Name: _strptime
Data Corruption:
('\xa0', 'WINNIPEG A CS', ' MANITOBA ', '\xa0', '\xa0', '\xa0')


2024-04-10 17:46:17,597 - prod_util - ERROR  - system_log - 
Error: time data '\xa0' does not match format '%B %d, %Y'
Function Name: _strptime
Data Corruption:
('\xa0', 'WINNIPEG A CS', ' MANITOBA ', '\xa0', '\xa0', '\xa0')


2024-04-10 17:46:17,597 - prod_util - ERROR  - system_log - 
Error: time data '\xa0' does not match format '%B %d, %Y'
Function Name: _strptime
Data Corruption:
('\xa0', 'WINNIPEG A CS', ' MANITOBA ', '\xa0', '\xa0', '\xa0')


2024-04-10 17:46:17,598 - prod_util - ERROR  - system_log - 
Error: time data '\xa0' does not match format '%B %d, %Y'
Function Name: _strptime
Data Corruption:
('\xa0', 'WINNIPEG A CS', ' MANITOBA ', '\xa0', '\xa0', '\xa0')


2024-04-10 17:46:17,598 - prod_util - ERROR  - system_log - 
Error: time data '\xa0' does not match format '%B %d, %Y'
Function Name: _strptime
Data Corruption:
('\xa0', 'WINNIPEG A CS', ' MANITOBA ', '\xa0', '\xa0', '\xa0')


2024-04-10 17:46:17,598 - prod_util - ERROR  - system_log - 
Error: time data '\xa0' does not match format '%B %d, %Y'
Function Name: _strptime
Data Corruption:
('\xa0', 'WINNIPEG A CS', ' MANITOBA ', '\xa0', '\xa0', '\xa0')


2024-04-10 17:46:17,598 - prod_util - ERROR  - system_log - 
Error: time data '\xa0' does not match format '%B %d, %Y'
Function Name: _strptime
Data Corruption:
('\xa0', 'WINNIPEG A CS', ' MANITOBA ', '\xa0', '\xa0', '\xa0')


2024-04-10 17:46:17,610 - prod_util - ERROR  - system_log - 
Error: could not convert string to float: 'November 9, 2018'
Function Name: _format_payload_for_insert
Data Corruption:
('-4.6', 'WINNIPEG A CS', ' MANITOBA ', '-7.2', '-5.9', 'November 8, 2018')


2024-04-10 17:46:17,611 - prod_util - ERROR  - system_log - 
Error: could not convert string to float: 'November 10, 2018'
Function Name: _format_payload_for_insert
Data Corruption:
('-7.2', 'WINNIPEG A CS', ' MANITOBA ', '-5.9', 'November 8, 2018', 'November 9, 2018')


2024-04-10 17:46:17,617 - prod_util - ERROR  - system_log - 
Error: could not convert string to float: 'May 15, 2018'
Function Name: _format_payload_for_insert
Data Corruption:
('28.1', 'WINNIPEG A CS', ' MANITOBA ', '10.7', '19.4', 'May 14, 2018')


2024-04-10 17:46:17,618 - prod_util - ERROR  - system_log - 
Error: time data '1.8' does not match format '%B %d, %Y'
Function Name: _strptime
Data Corruption:
('10.7', 'WINNIPEG A CS', ' MANITOBA ', '19.4', 'May 14, 2018', '1.8')


2024-04-10 17:46:17,618 - prod_util - ERROR  - system_log - 
Error: could not convert string to float: 'May 16, 2018'
Function Name: _format_payload_for_insert
Data Corruption:
('19.4', 'WINNIPEG A CS', ' MANITOBA ', 'May 14, 2018', '1.8', 'May 15, 2018')


2024-04-10 17:46:17,618 - prod_util - ERROR  - system_log - 
Error: time data '31.3' does not match format '%B %d, %Y'
Function Name: _strptime
Data Corruption:
('May 14, 2018', 'WINNIPEG A CS', ' MANITOBA ', '1.8', 'May 15, 2018', '31.3')


2024-04-10 17:46:17,619 - prod_util - ERROR  - system_log - 
Error: could not convert string to float: 'May 30, 2018'
Function Name: _format_payload_for_insert
Data Corruption:
('27.7', 'WINNIPEG A CS', ' MANITOBA ', '10.6', '19.2', 'May 29, 2018')


2024-04-10 17:46:17,619 - prod_util - ERROR  - system_log - 
Error: time data '13.8' does not match format '%B %d, %Y'
Function Name: _strptime
Data Corruption:
('10.6', 'WINNIPEG A CS', ' MANITOBA ', '19.2', 'May 29, 2018', '13.8')


2024-04-10 17:46:17,619 - prod_util - ERROR  - system_log - 
Error: could not convert string to float: 'May 31, 2018'
Function Name: _format_payload_for_insert
Data Corruption:
('19.2', 'WINNIPEG A CS', ' MANITOBA ', 'May 29, 2018', '13.8', 'May 30, 2018')


2024-04-10 17:46:17,619 - prod_util - ERROR  - system_log - 
Error: list index out of range
Function Name: _format_payload_for_insert
Data Corruption:
('May 29, 2018', 'WINNIPEG A CS', ' MANITOBA ', '13.8', 'May 30, 2018', 'May 31, 2018')


2024-04-10 17:46:17,619 - prod_util - ERROR  - system_log - 
Error: time data '15.2' does not match format '%B %d, %Y'
Function Name: _strptime
Data Corruption:
('13.8', 'WINNIPEG A CS', ' MANITOBA ', 'May 30, 2018', 'May 31, 2018', '15.2')


2024-04-10 17:46:17,622 - prod_util - ERROR  - system_log - 
Error: could not convert string to float: 'March 7, 2018'
Function Name: _format_payload_for_insert
Data Corruption:
('1.9', 'WINNIPEG A CS', ' MANITOBA ', '-6.2', '-2.2', 'March 6, 2018')


2024-04-10 17:46:17,622 - prod_util - ERROR  - system_log - 
Error: time data '-12.7' does not match format '%B %d, %Y'
Function Name: _strptime
Data Corruption:
('-6.2', 'WINNIPEG A CS', ' MANITOBA ', '-2.2', 'March 6, 2018', '-12.7')


2024-04-10 17:46:17,626 - urllib3.connectionpool - DEBUG  - _make_request - https://climate.weather.gc.ca:443 "GET /climate_data/daily_data_e.html?StationID=27174&timeframe=2&StartYear=1840&EndYear=2018&Year=2001&Month=11 HTTP/1.1" 200 8269
2024-04-10 17:46:17,640 - urllib3.connectionpool - DEBUG  - _new_conn - Starting new HTTPS connection (1): climate.weather.gc.ca:443
2024-04-10 17:46:17,663 - urllib3.connectionpool - DEBUG  - _make_request - https://climate.weather.gc.ca:443 "GET /climate_data/daily_data_e.html?StationID=27174&timeframe=2&StartYear=1840&EndYear=2018&Year=2020&Month=2 HTTP/1.1" 200 8546
2024-04-10 17:46:17,673 - urllib3.connectionpool - DEBUG  - _new_conn - Starting new HTTPS connection (1): climate.weather.gc.ca:443
2024-04-10 17:46:17,905 - urllib3.connectionpool - DEBUG  - _make_request - https://climate.weather.gc.ca:443 "GET /climate_data/daily_data_e.html?StationID=27174&timeframe=2&StartYear=1840&EndYear=2018&Year=2016&Month=2 HTTP/1.1" 200 8580
2024-04-10 17:46:17,913 - urllib3.connectionpool - DEBUG  - _new_conn - Starting new HTTPS connection (1): climate.weather.gc.ca:443
2024-04-10 17:46:17,945 - urllib3.connectionpool - DEBUG  - _make_request - https://climate.weather.gc.ca:443 "GET /climate_data/daily_data_e.html?StationID=27174&timeframe=2&StartYear=1840&EndYear=2018&Year=1998&Month=12 HTTP/1.1" 200 8283
2024-04-10 17:46:17,954 - urllib3.connectionpool - DEBUG  - _new_conn - Starting new HTTPS connection (1): climate.weather.gc.ca:443
2024-04-10 17:46:18,087 - urllib3.connectionpool - DEBUG  - _make_request - https://climate.weather.gc.ca:443 "GET /climate_data/daily_data_e.html?StationID=27174&timeframe=2&StartYear=1840&EndYear=2018&Year=2000&Month=11 HTTP/1.1" 200 8347
2024-04-10 17:46:18,099 - urllib3.connectionpool - DEBUG  - _new_conn - Starting new HTTPS connection (1): climate.weather.gc.ca:443
2024-04-10 17:46:18,422 - urllib3.connectionpool - DEBUG  - _make_request - https://climate.weather.gc.ca:443 "GET /climate_data/daily_data_e.html?StationID=27174&timeframe=2&StartYear=1840&EndYear=2018&Year=1999&Month=11 HTTP/1.1" 200 8186
2024-04-10 17:46:18,429 - urllib3.connectionpool - DEBUG  - _new_conn - Starting new HTTPS connection (1): climate.weather.gc.ca:443
2024-04-10 17:46:18,483 - urllib3.connectionpool - DEBUG  - _make_request - https://climate.weather.gc.ca:443 "GET /climate_data/daily_data_e.html?StationID=27174&timeframe=2&StartYear=1840&EndYear=2018&Year=1997&Month=11 HTTP/1.1" 200 8254
2024-04-10 17:46:18,491 - urllib3.connectionpool - DEBUG  - _new_conn - Starting new HTTPS connection (1): climate.weather.gc.ca:443
2024-04-10 17:46:18,588 - urllib3.connectionpool - DEBUG  - _make_request - https://climate.weather.gc.ca:443 "GET /climate_data/daily_data_e.html?StationID=27174&timeframe=2&StartYear=1840&EndYear=2018&Year=2023&Month=1 HTTP/1.1" 200 8593
2024-04-10 17:46:18,605 - urllib3.connectionpool - DEBUG  - _make_request - https://climate.weather.gc.ca:443 "GET /climate_data/daily_data_e.html?StationID=27174&timeframe=2&StartYear=1840&EndYear=2018&Year=2005&Month=3 HTTP/1.1" 200 8307
2024-04-10 17:46:18,608 - prod_util - ERROR  - system_log - 
Error: list index out of range
Function Name: _format_payload_for_insert
Data Corruption:
('4.5', 'WINNIPEG A CS', ' MANITOBA ', '-5.2', '-0.4', 'November 30, 2023')


2024-04-10 17:46:18,612 - prod_util - ERROR  - system_log - 
Error: could not convert string to float: 'October 5, 2023'
Function Name: _format_payload_for_insert
Data Corruption:
('22.5', 'WINNIPEG A CS', ' MANITOBA ', '12.1', '17.3', 'October 4, 2023')


2024-04-10 17:46:18,613 - prod_util - ERROR  - system_log - 
Error: could not convert string to float: 'October 29, 2023'
Function Name: _format_payload_for_insert
Data Corruption:
('0.7', 'WINNIPEG A CS', ' MANITOBA ', '-4.3', '-1.8', 'October 28, 2023')


2024-04-10 17:46:18,618 - urllib3.connectionpool - DEBUG  - _make_request - https://climate.weather.gc.ca:443 "GET /climate_data/daily_data_e.html?StationID=27174&timeframe=2&StartYear=1840&EndYear=2018&Year=2004&Month=5 HTTP/1.1" 200 8293
2024-04-10 17:46:18,619 - urllib3.connectionpool - DEBUG  - _make_request - https://climate.weather.gc.ca:443 "GET /climate_data/daily_data_e.html?StationID=27174&timeframe=2&StartYear=1840&EndYear=2018&Year=2014&Month=1 HTTP/1.1" 200 8743
2024-04-10 17:46:18,626 - prod_util - ERROR  - system_log - 
Error: could not convert string to float: 'August 29, 2023'
Function Name: _format_payload_for_insert
Data Corruption:
('28.7', 'WINNIPEG A CS', ' MANITOBA ', '12.9', '20.8', 'August 28, 2023')


2024-04-10 17:46:18,626 - prod_util - ERROR  - system_log - 
Error: could not convert string to float: 'August 31, 2023'
Function Name: _format_payload_for_insert
Data Corruption:
('21.2', 'WINNIPEG A CS', ' MANITOBA ', '9.2', '15.2', 'August 30, 2023')


2024-04-10 17:46:18,630 - urllib3.connectionpool - DEBUG  - _new_conn - Starting new HTTPS connection (1): climate.weather.gc.ca:443
2024-04-10 17:46:18,638 - urllib3.connectionpool - DEBUG  - _new_conn - Starting new HTTPS connection (1): climate.weather.gc.ca:443
2024-04-10 17:46:18,644 - prod_util - ERROR  - system_log - 
Error: could not convert string to float: 'December 30, 2014'
Function Name: _format_payload_for_insert
Data Corruption:
('-22.3', 'WINNIPEG A CS', ' MANITOBA ', '-30.9', '-26.6', 'December 29, 2014')


2024-04-10 17:46:18,645 - prod_util - ERROR  - system_log - 
Error: time data '-20.8' does not match format '%B %d, %Y'
Function Name: _strptime
Data Corruption:
('-30.9', 'WINNIPEG A CS', ' MANITOBA ', '-26.6', 'December 29, 2014', '-20.8')


2024-04-10 17:46:18,648 - prod_util - ERROR  - system_log - 
Error: could not convert string to float: 'October 23, 2014'
Function Name: _format_payload_for_insert
Data Corruption:
('16.6', 'WINNIPEG A CS', ' MANITOBA ', '3.7', '10.2', 'October 22, 2014')


2024-04-10 17:46:18,648 - prod_util - ERROR  - system_log - 
Error: time data '11.5' does not match format '%B %d, %Y'
Function Name: _strptime
Data Corruption:
('3.7', 'WINNIPEG A CS', ' MANITOBA ', '10.2', 'October 22, 2014', '11.5')


2024-04-10 17:46:18,652 - prod_util - ERROR  - system_log - 
Error: could not convert string to float: 'July 4, 2014'
Function Name: _format_payload_for_insert
Data Corruption:
('22.1', 'WINNIPEG A CS', ' MANITOBA ', '7.6', '14.9', 'July 3, 2014')


2024-04-10 17:46:18,653 - prod_util - ERROR  - system_log - 
Error: time data '9.0' does not match format '%B %d, %Y'
Function Name: _strptime
Data Corruption:
('7.6', 'WINNIPEG A CS', ' MANITOBA ', '14.9', 'July 3, 2014', '9.0')


2024-04-10 17:46:18,879 - urllib3.connectionpool - DEBUG  - _make_request - https://climate.weather.gc.ca:443 "GET /climate_data/daily_data_e.html?StationID=27174&timeframe=2&StartYear=1840&EndYear=2018&Year=2003&Month=11 HTTP/1.1" 200 8181
2024-04-10 17:46:18,891 - urllib3.connectionpool - DEBUG  - _new_conn - Starting new HTTPS connection (1): climate.weather.gc.ca:443
2024-04-10 17:46:18,947 - urllib3.connectionpool - DEBUG  - _make_request - https://climate.weather.gc.ca:443 "GET /climate_data/daily_data_e.html?StationID=27174&timeframe=2&StartYear=1840&EndYear=2018&Year=2016&Month=1 HTTP/1.1" 200 8633
2024-04-10 17:46:18,962 - prod_util - ERROR  - system_log - 
Error: could not convert string to float: 'July 19, 2016'
Function Name: _format_payload_for_insert
Data Corruption:
('23.4', 'WINNIPEG A CS', ' MANITOBA ', '12.2', '17.8', 'July 18, 2016')


2024-04-10 17:46:18,963 - prod_util - ERROR  - system_log - 
Error: time data '9.7' does not match format '%B %d, %Y'
Function Name: _strptime
Data Corruption:
('12.2', 'WINNIPEG A CS', ' MANITOBA ', '17.8', 'July 18, 2016', '9.7')


2024-04-10 17:46:18,964 - prod_util - ERROR  - system_log - 
Error: could not convert string to float: 'June 3, 2016'
Function Name: _format_payload_for_insert
Data Corruption:
('12.8', 'WINNIPEG A CS', ' MANITOBA ', '6.4', '9.6', 'June 2, 2016')


2024-04-10 17:46:18,964 - prod_util - ERROR  - system_log - 
Error: time data '3.9' does not match format '%B %d, %Y'
Function Name: _strptime
Data Corruption:
('6.4', 'WINNIPEG A CS', ' MANITOBA ', '9.6', 'June 2, 2016', '3.9')


2024-04-10 17:46:19,175 - urllib3.connectionpool - DEBUG  - _make_request - https://climate.weather.gc.ca:443 "GET /climate_data/daily_data_e.html?StationID=27174&timeframe=2&StartYear=1840&EndYear=2018&Year=2001&Month=10 HTTP/1.1" 200 8278
2024-04-10 17:46:19,184 - urllib3.connectionpool - DEBUG  - _new_conn - Starting new HTTPS connection (1): climate.weather.gc.ca:443
2024-04-10 17:46:19,965 - urllib3.connectionpool - DEBUG  - _make_request - https://climate.weather.gc.ca:443 "GET /climate_data/daily_data_e.html?StationID=27174&timeframe=2&StartYear=1840&EndYear=2018&Year=2020&Month=1 HTTP/1.1" 200 8626
2024-04-10 17:46:19,980 - prod_util - ERROR  - system_log - 
Error: could not convert string to float: 'November 6, 2020'
Function Name: _format_payload_for_insert
Data Corruption:
('18.5', 'WINNIPEG A CS', ' MANITOBA ', '-3.2', '7.7', 'November 5, 2020')


2024-04-10 17:46:19,980 - prod_util - ERROR  - system_log - 
Error: could not convert string to float: 'November 11, 2020'
Function Name: _format_payload_for_insert
Data Corruption:
('2.6', 'WINNIPEG A CS', ' MANITOBA ', '-8.8', '-3.1', 'November 10, 2020')


2024-04-10 17:46:19,982 - prod_util - ERROR  - system_log - 
Error: could not convert string to float: 'September 3, 2020'
Function Name: _format_payload_for_insert
Data Corruption:
('21.7', 'WINNIPEG A CS', ' MANITOBA ', '6.1', '13.9', 'September 2, 2020')


2024-04-10 17:46:19,984 - prod_util - ERROR  - system_log - 
Error: could not convert string to float: 'August 7, 2020'
Function Name: _format_payload_for_insert
Data Corruption:
('28.8', 'WINNIPEG A CS', ' MANITOBA ', '13.6', '21.2', 'August 6, 2020')


2024-04-10 17:46:20,094 - urllib3.connectionpool - DEBUG  - _make_request - https://climate.weather.gc.ca:443 "GET /climate_data/daily_data_e.html?StationID=27174&timeframe=2&StartYear=1840&EndYear=2018&Year=1997&Month=10 HTTP/1.1" 200 8282
2024-04-10 17:46:20,098 - urllib3.connectionpool - DEBUG  - _make_request - https://climate.weather.gc.ca:443 "GET /climate_data/daily_data_e.html?StationID=27174&timeframe=2&StartYear=1840&EndYear=2018&Year=1996&Month=11 HTTP/1.1" 200 8224
2024-04-10 17:46:20,105 - urllib3.connectionpool - DEBUG  - _new_conn - Starting new HTTPS connection (1): climate.weather.gc.ca:443
2024-04-10 17:46:20,107 - urllib3.connectionpool - DEBUG  - _new_conn - Starting new HTTPS connection (1): climate.weather.gc.ca:443
2024-04-10 17:46:20,123 - urllib3.connectionpool - DEBUG  - _make_request - https://climate.weather.gc.ca:443 "GET /climate_data/daily_data_e.html?StationID=27174&timeframe=2&StartYear=1840&EndYear=2018&Year=2002&Month=10 HTTP/1.1" 200 8279
2024-04-10 17:46:20,133 - urllib3.connectionpool - DEBUG  - _new_conn - Starting new HTTPS connection (1): climate.weather.gc.ca:443
2024-04-10 17:46:20,315 - urllib3.connectionpool - DEBUG  - _make_request - https://climate.weather.gc.ca:443 "GET /climate_data/daily_data_e.html?StationID=27174&timeframe=2&StartYear=1840&EndYear=2018&Year=2005&Month=2 HTTP/1.1" 200 8124
2024-04-10 17:46:20,323 - urllib3.connectionpool - DEBUG  - _new_conn - Starting new HTTPS connection (1): climate.weather.gc.ca:443
2024-04-10 17:46:20,337 - urllib3.connectionpool - DEBUG  - _make_request - https://climate.weather.gc.ca:443 "GET /climate_data/daily_data_e.html?StationID=27174&timeframe=2&StartYear=1840&EndYear=2018&Year=2004&Month=4 HTTP/1.1" 200 8250
2024-04-10 17:46:20,345 - urllib3.connectionpool - DEBUG  - _new_conn - Starting new HTTPS connection (1): climate.weather.gc.ca:443
2024-04-10 17:46:20,482 - urllib3.connectionpool - DEBUG  - _make_request - https://climate.weather.gc.ca:443 "GET /climate_data/daily_data_e.html?StationID=27174&timeframe=2&StartYear=1840&EndYear=2018&Year=2003&Month=10 HTTP/1.1" 200 8260
2024-04-10 17:46:20,493 - urllib3.connectionpool - DEBUG  - _new_conn - Starting new HTTPS connection (1): climate.weather.gc.ca:443
2024-04-10 17:46:20,515 - urllib3.connectionpool - DEBUG  - _make_request - https://climate.weather.gc.ca:443 "GET /climate_data/daily_data_e.html?StationID=27174&timeframe=2&StartYear=1840&EndYear=2018&Year=1998&Month=11 HTTP/1.1" 200 8300
2024-04-10 17:46:20,524 - urllib3.connectionpool - DEBUG  - _new_conn - Starting new HTTPS connection (1): climate.weather.gc.ca:443
2024-04-10 17:46:20,647 - urllib3.connectionpool - DEBUG  - _make_request - https://climate.weather.gc.ca:443 "GET /climate_data/daily_data_e.html?StationID=27174&timeframe=2&StartYear=1840&EndYear=2018&Year=2000&Month=10 HTTP/1.1" 200 8192
2024-04-10 17:46:20,659 - urllib3.connectionpool - DEBUG  - _new_conn - Starting new HTTPS connection (1): climate.weather.gc.ca:443
2024-04-10 17:46:20,975 - urllib3.connectionpool - DEBUG  - _make_request - https://climate.weather.gc.ca:443 "GET /climate_data/daily_data_e.html?StationID=27174&timeframe=2&StartYear=1840&EndYear=2018&Year=1999&Month=10 HTTP/1.1" 200 8259
2024-04-10 17:46:20,983 - urllib3.connectionpool - DEBUG  - _new_conn - Starting new HTTPS connection (1): climate.weather.gc.ca:443
2024-04-10 17:46:21,116 - urllib3.connectionpool - DEBUG  - _make_request - https://climate.weather.gc.ca:443 "GET /climate_data/daily_data_e.html?StationID=27174&timeframe=2&StartYear=1840&EndYear=2018&Year=2005&Month=1 HTTP/1.1" 200 8250
2024-04-10 17:46:21,118 - urllib3.connectionpool - DEBUG  - _make_request - https://climate.weather.gc.ca:443 "GET /climate_data/daily_data_e.html?StationID=27174&timeframe=2&StartYear=1840&EndYear=2018&Year=2001&Month=9 HTTP/1.1" 200 8226
2024-04-10 17:46:21,133 - urllib3.connectionpool - DEBUG  - _new_conn - Starting new HTTPS connection (1): climate.weather.gc.ca:443
2024-04-10 17:46:21,895 - urllib3.connectionpool - DEBUG  - _make_request - https://climate.weather.gc.ca:443 "GET /climate_data/daily_data_e.html?StationID=27174&timeframe=2&StartYear=1840&EndYear=2018&Year=2004&Month=3 HTTP/1.1" 200 8186
2024-04-10 17:46:21,907 - urllib3.connectionpool - DEBUG  - _new_conn - Starting new HTTPS connection (1): climate.weather.gc.ca:443
2024-04-10 17:46:22,100 - urllib3.connectionpool - DEBUG  - _make_request - https://climate.weather.gc.ca:443 "GET /climate_data/daily_data_e.html?StationID=27174&timeframe=2&StartYear=1840&EndYear=2018&Year=1996&Month=10 HTTP/1.1" 200 8143
2024-04-10 17:46:22,106 - urllib3.connectionpool - DEBUG  - _make_request - https://climate.weather.gc.ca:443 "GET /climate_data/daily_data_e.html?StationID=27174&timeframe=2&StartYear=1840&EndYear=2018&Year=2003&Month=9 HTTP/1.1" 200 8247
2024-04-10 17:46:22,113 - urllib3.connectionpool - DEBUG  - _new_conn - Starting new HTTPS connection (1): climate.weather.gc.ca:443
2024-04-10 17:46:22,116 - urllib3.connectionpool - DEBUG  - _make_request - https://climate.weather.gc.ca:443 "GET /climate_data/daily_data_e.html?StationID=27174&timeframe=2&StartYear=1840&EndYear=2018&Year=1998&Month=10 HTTP/1.1" 200 8248
2024-04-10 17:46:22,117 - urllib3.connectionpool - DEBUG  - _new_conn - Starting new HTTPS connection (1): climate.weather.gc.ca:443
2024-04-10 17:46:22,125 - urllib3.connectionpool - DEBUG  - _new_conn - Starting new HTTPS connection (1): climate.weather.gc.ca:443
2024-04-10 17:46:22,648 - urllib3.connectionpool - DEBUG  - _make_request - https://climate.weather.gc.ca:443 "GET /climate_data/daily_data_e.html?StationID=27174&timeframe=2&StartYear=1840&EndYear=2018&Year=2001&Month=8 HTTP/1.1" 200 8249
2024-04-10 17:46:22,659 - urllib3.connectionpool - DEBUG  - _new_conn - Starting new HTTPS connection (1): climate.weather.gc.ca:443
2024-04-10 17:46:22,672 - urllib3.connectionpool - DEBUG  - _make_request - https://climate.weather.gc.ca:443 "GET /climate_data/daily_data_e.html?StationID=27174&timeframe=2&StartYear=1840&EndYear=2018&Year=1997&Month=9 HTTP/1.1" 200 8227
2024-04-10 17:46:22,677 - urllib3.connectionpool - DEBUG  - _make_request - https://climate.weather.gc.ca:443 "GET /climate_data/daily_data_e.html?StationID=27174&timeframe=2&StartYear=1840&EndYear=2018&Year=2002&Month=9 HTTP/1.1" 200 8184
2024-04-10 17:46:22,686 - urllib3.connectionpool - DEBUG  - _new_conn - Starting new HTTPS connection (1): climate.weather.gc.ca:443
2024-04-10 17:46:22,690 - urllib3.connectionpool - DEBUG  - _new_conn - Starting new HTTPS connection (1): climate.weather.gc.ca:443
2024-04-10 17:46:23,103 - urllib3.connectionpool - DEBUG  - _make_request - https://climate.weather.gc.ca:443 "GET /climate_data/daily_data_e.html?StationID=27174&timeframe=2&StartYear=1840&EndYear=2018&Year=1999&Month=9 HTTP/1.1" 200 8223
2024-04-10 17:46:23,113 - urllib3.connectionpool - DEBUG  - _new_conn - Starting new HTTPS connection (1): climate.weather.gc.ca:443
2024-04-10 17:46:23,159 - urllib3.connectionpool - DEBUG  - _make_request - https://climate.weather.gc.ca:443 "GET /climate_data/daily_data_e.html?StationID=27174&timeframe=2&StartYear=1840&EndYear=2018&Year=2000&Month=9 HTTP/1.1" 200 8229
2024-04-10 17:46:23,167 - urllib3.connectionpool - DEBUG  - _new_conn - Starting new HTTPS connection (1): climate.weather.gc.ca:443
2024-04-10 17:46:23,705 - urllib3.connectionpool - DEBUG  - _make_request - https://climate.weather.gc.ca:443 "GET /climate_data/daily_data_e.html?StationID=27174&timeframe=2&StartYear=1840&EndYear=2018&Year=1996&Month=9 HTTP/1.1" 200 8142
2024-04-10 17:46:24,384 - urllib3.connectionpool - DEBUG  - _make_request - https://climate.weather.gc.ca:443 "GET /climate_data/daily_data_e.html?StationID=27174&timeframe=2&StartYear=1840&EndYear=2018&Year=1997&Month=8 HTTP/1.1" 200 8263
2024-04-10 17:46:24,393 - urllib3.connectionpool - DEBUG  - _new_conn - Starting new HTTPS connection (1): climate.weather.gc.ca:443
2024-04-10 17:46:24,402 - urllib3.connectionpool - DEBUG  - _make_request - https://climate.weather.gc.ca:443 "GET /climate_data/daily_data_e.html?StationID=27174&timeframe=2&StartYear=1840&EndYear=2018&Year=2004&Month=2 HTTP/1.1" 200 8209
2024-04-10 17:46:24,407 - urllib3.connectionpool - DEBUG  - _make_request - https://climate.weather.gc.ca:443 "GET /climate_data/daily_data_e.html?StationID=27174&timeframe=2&StartYear=1840&EndYear=2018&Year=1998&Month=9 HTTP/1.1" 200 8267
2024-04-10 17:46:24,412 - urllib3.connectionpool - DEBUG  - _new_conn - Starting new HTTPS connection (1): climate.weather.gc.ca:443
2024-04-10 17:46:24,416 - urllib3.connectionpool - DEBUG  - _new_conn - Starting new HTTPS connection (1): climate.weather.gc.ca:443
2024-04-10 17:46:24,674 - urllib3.connectionpool - DEBUG  - _make_request - https://climate.weather.gc.ca:443 "GET /climate_data/daily_data_e.html?StationID=27174&timeframe=2&StartYear=1840&EndYear=2018&Year=2003&Month=8 HTTP/1.1" 200 8270
2024-04-10 17:46:24,676 - urllib3.connectionpool - DEBUG  - _make_request - https://climate.weather.gc.ca:443 "GET /climate_data/daily_data_e.html?StationID=27174&timeframe=2&StartYear=1840&EndYear=2018&Year=2000&Month=8 HTTP/1.1" 200 8264
2024-04-10 17:46:24,687 - urllib3.connectionpool - DEBUG  - _new_conn - Starting new HTTPS connection (1): climate.weather.gc.ca:443
2024-04-10 17:46:24,689 - urllib3.connectionpool - DEBUG  - _new_conn - Starting new HTTPS connection (1): climate.weather.gc.ca:443
2024-04-10 17:46:25,195 - urllib3.connectionpool - DEBUG  - _make_request - https://climate.weather.gc.ca:443 "GET /climate_data/daily_data_e.html?StationID=27174&timeframe=2&StartYear=1840&EndYear=2018&Year=2001&Month=7 HTTP/1.1" 200 8248
2024-04-10 17:46:25,206 - urllib3.connectionpool - DEBUG  - _new_conn - Starting new HTTPS connection (1): climate.weather.gc.ca:443
2024-04-10 17:46:25,210 - urllib3.connectionpool - DEBUG  - _make_request - https://climate.weather.gc.ca:443 "GET /climate_data/daily_data_e.html?StationID=27174&timeframe=2&StartYear=1840&EndYear=2018&Year=1999&Month=8 HTTP/1.1" 200 8250
2024-04-10 17:46:25,220 - urllib3.connectionpool - DEBUG  - _new_conn - Starting new HTTPS connection (1): climate.weather.gc.ca:443
2024-04-10 17:46:25,223 - urllib3.connectionpool - DEBUG  - _make_request - https://climate.weather.gc.ca:443 "GET /climate_data/daily_data_e.html?StationID=27174&timeframe=2&StartYear=1840&EndYear=2018&Year=2002&Month=8 HTTP/1.1" 200 8277
2024-04-10 17:46:25,231 - urllib3.connectionpool - DEBUG  - _new_conn - Starting new HTTPS connection (1): climate.weather.gc.ca:443
2024-04-10 17:46:25,921 - urllib3.connectionpool - DEBUG  - _make_request - https://climate.weather.gc.ca:443 "GET /climate_data/daily_data_e.html?StationID=27174&timeframe=2&StartYear=1840&EndYear=2018&Year=1997&Month=7 HTTP/1.1" 200 8363
2024-04-10 17:46:25,932 - urllib3.connectionpool - DEBUG  - _new_conn - Starting new HTTPS connection (1): climate.weather.gc.ca:443
2024-04-10 17:46:25,940 - urllib3.connectionpool - DEBUG  - _make_request - https://climate.weather.gc.ca:443 "GET /climate_data/daily_data_e.html?StationID=27174&timeframe=2&StartYear=1840&EndYear=2018&Year=2004&Month=1 HTTP/1.1" 200 8215
2024-04-10 17:46:25,950 - prod_util - ERROR  - system_log - 
Error: could not convert string to float: '\xa0'
Function Name: _format_payload_for_insert
Data Corruption:
('December 31, 2004', 'WINNIPEG A CS', ' MANITOBA ', '\xa0', '\xa0', 'December 1, 2004')


2024-04-10 17:46:25,951 - prod_util - ERROR  - system_log - 
Error: time data '\xa0' does not match format '%B %d, %Y'
Function Name: _strptime
Data Corruption:
('\xa0', 'WINNIPEG A CS', ' MANITOBA ', '\xa0', 'December 1, 2004', '\xa0')


2024-04-10 17:46:25,951 - prod_util - ERROR  - system_log - 
Error: time data '\xa0' does not match format '%B %d, %Y'
Function Name: _strptime
Data Corruption:
('\xa0', 'WINNIPEG A CS', ' MANITOBA ', 'December 1, 2004', '\xa0', '\xa0')


2024-04-10 17:46:25,951 - prod_util - ERROR  - system_log - 
Error: could not convert string to float: '\xa0'
Function Name: _format_payload_for_insert
Data Corruption:
('December 1, 2004', 'WINNIPEG A CS', ' MANITOBA ', '\xa0', '\xa0', 'December 2, 2004')


2024-04-10 17:46:25,951 - prod_util - ERROR  - system_log - 
Error: time data '\xa0' does not match format '%B %d, %Y'
Function Name: _strptime
Data Corruption:
('\xa0', 'WINNIPEG A CS', ' MANITOBA ', '\xa0', 'December 2, 2004', '\xa0')


2024-04-10 17:46:25,952 - prod_util - ERROR  - system_log - 
Error: time data '\xa0' does not match format '%B %d, %Y'
Function Name: _strptime
Data Corruption:
('\xa0', 'WINNIPEG A CS', ' MANITOBA ', 'December 2, 2004', '\xa0', '\xa0')


2024-04-10 17:46:25,952 - prod_util - ERROR  - system_log - 
Error: could not convert string to float: '\xa0'
Function Name: _format_payload_for_insert
Data Corruption:
('December 2, 2004', 'WINNIPEG A CS', ' MANITOBA ', '\xa0', '\xa0', 'December 3, 2004')


2024-04-10 17:46:25,952 - prod_util - ERROR  - system_log - 
Error: time data '\xa0' does not match format '%B %d, %Y'
Function Name: _strptime
Data Corruption:
('\xa0', 'WINNIPEG A CS', ' MANITOBA ', '\xa0', 'December 3, 2004', '\xa0')


2024-04-10 17:46:25,952 - prod_util - ERROR  - system_log - 
Error: time data '\xa0' does not match format '%B %d, %Y'
Function Name: _strptime
Data Corruption:
('\xa0', 'WINNIPEG A CS', ' MANITOBA ', 'December 3, 2004', '\xa0', '\xa0')


2024-04-10 17:46:25,953 - prod_util - ERROR  - system_log - 
Error: could not convert string to float: '\xa0'
Function Name: _format_payload_for_insert
Data Corruption:
('December 3, 2004', 'WINNIPEG A CS', ' MANITOBA ', '\xa0', '\xa0', 'December 4, 2004')


2024-04-10 17:46:25,953 - prod_util - ERROR  - system_log - 
Error: time data '\xa0' does not match format '%B %d, %Y'
Function Name: _strptime
Data Corruption:
('\xa0', 'WINNIPEG A CS', ' MANITOBA ', '\xa0', 'December 4, 2004', '\xa0')


2024-04-10 17:46:25,953 - prod_util - ERROR  - system_log - 
Error: time data '\xa0' does not match format '%B %d, %Y'
Function Name: _strptime
Data Corruption:
('\xa0', 'WINNIPEG A CS', ' MANITOBA ', 'December 4, 2004', '\xa0', '\xa0')


2024-04-10 17:46:25,953 - prod_util - ERROR  - system_log - 
Error: could not convert string to float: '\xa0'
Function Name: _format_payload_for_insert
Data Corruption:
('December 4, 2004', 'WINNIPEG A CS', ' MANITOBA ', '\xa0', '\xa0', 'December 5, 2004')


2024-04-10 17:46:25,953 - prod_util - ERROR  - system_log - 
Error: time data '\xa0' does not match format '%B %d, %Y'
Function Name: _strptime
Data Corruption:
('\xa0', 'WINNIPEG A CS', ' MANITOBA ', '\xa0', 'December 5, 2004', '\xa0')


2024-04-10 17:46:25,954 - prod_util - ERROR  - system_log - 
Error: time data '\xa0' does not match format '%B %d, %Y'
Function Name: _strptime
Data Corruption:
('\xa0', 'WINNIPEG A CS', ' MANITOBA ', 'December 5, 2004', '\xa0', '\xa0')


2024-04-10 17:46:25,954 - prod_util - ERROR  - system_log - 
Error: could not convert string to float: '\xa0'
Function Name: _format_payload_for_insert
Data Corruption:
('December 5, 2004', 'WINNIPEG A CS', ' MANITOBA ', '\xa0', '\xa0', 'December 6, 2004')


2024-04-10 17:46:25,954 - prod_util - ERROR  - system_log - 
Error: time data '\xa0' does not match format '%B %d, %Y'
Function Name: _strptime
Data Corruption:
('\xa0', 'WINNIPEG A CS', ' MANITOBA ', '\xa0', 'December 6, 2004', '\xa0')


2024-04-10 17:46:25,954 - prod_util - ERROR  - system_log - 
Error: time data '\xa0' does not match format '%B %d, %Y'
Function Name: _strptime
Data Corruption:
('\xa0', 'WINNIPEG A CS', ' MANITOBA ', 'December 6, 2004', '\xa0', '\xa0')


2024-04-10 17:46:25,955 - prod_util - ERROR  - system_log - 
Error: could not convert string to float: '\xa0'
Function Name: _format_payload_for_insert
Data Corruption:
('December 6, 2004', 'WINNIPEG A CS', ' MANITOBA ', '\xa0', '\xa0', 'December 7, 2004')


2024-04-10 17:46:25,955 - prod_util - ERROR  - system_log - 
Error: time data '\xa0' does not match format '%B %d, %Y'
Function Name: _strptime
Data Corruption:
('\xa0', 'WINNIPEG A CS', ' MANITOBA ', '\xa0', 'December 7, 2004', '\xa0')


2024-04-10 17:46:25,955 - prod_util - ERROR  - system_log - 
Error: time data '\xa0' does not match format '%B %d, %Y'
Function Name: _strptime
Data Corruption:
('\xa0', 'WINNIPEG A CS', ' MANITOBA ', 'December 7, 2004', '\xa0', '\xa0')


2024-04-10 17:46:25,955 - prod_util - ERROR  - system_log - 
Error: could not convert string to float: '\xa0'
Function Name: _format_payload_for_insert
Data Corruption:
('December 7, 2004', 'WINNIPEG A CS', ' MANITOBA ', '\xa0', '\xa0', 'December 8, 2004')


2024-04-10 17:46:25,955 - prod_util - ERROR  - system_log - 
Error: time data '\xa0' does not match format '%B %d, %Y'
Function Name: _strptime
Data Corruption:
('\xa0', 'WINNIPEG A CS', ' MANITOBA ', '\xa0', 'December 8, 2004', '\xa0')


2024-04-10 17:46:25,956 - prod_util - ERROR  - system_log - 
Error: time data '\xa0' does not match format '%B %d, %Y'
Function Name: _strptime
Data Corruption:
('\xa0', 'WINNIPEG A CS', ' MANITOBA ', 'December 8, 2004', '\xa0', '\xa0')


2024-04-10 17:46:25,956 - prod_util - ERROR  - system_log - 
Error: could not convert string to float: '\xa0'
Function Name: _format_payload_for_insert
Data Corruption:
('December 8, 2004', 'WINNIPEG A CS', ' MANITOBA ', '\xa0', '\xa0', 'December 9, 2004')


2024-04-10 17:46:25,956 - prod_util - ERROR  - system_log - 
Error: time data '\xa0' does not match format '%B %d, %Y'
Function Name: _strptime
Data Corruption:
('\xa0', 'WINNIPEG A CS', ' MANITOBA ', '\xa0', 'December 9, 2004', '\xa0')


2024-04-10 17:46:25,956 - prod_util - ERROR  - system_log - 
Error: time data '\xa0' does not match format '%B %d, %Y'
Function Name: _strptime
Data Corruption:
('\xa0', 'WINNIPEG A CS', ' MANITOBA ', 'December 9, 2004', '\xa0', '\xa0')


2024-04-10 17:46:25,957 - prod_util - ERROR  - system_log - 
Error: could not convert string to float: '\xa0'
Function Name: _format_payload_for_insert
Data Corruption:
('December 9, 2004', 'WINNIPEG A CS', ' MANITOBA ', '\xa0', '\xa0', 'December 10, 2004')


2024-04-10 17:46:25,957 - prod_util - ERROR  - system_log - 
Error: time data '\xa0' does not match format '%B %d, %Y'
Function Name: _strptime
Data Corruption:
('\xa0', 'WINNIPEG A CS', ' MANITOBA ', '\xa0', 'December 10, 2004', '\xa0')


2024-04-10 17:46:25,957 - prod_util - ERROR  - system_log - 
Error: time data '\xa0' does not match format '%B %d, %Y'
Function Name: _strptime
Data Corruption:
('\xa0', 'WINNIPEG A CS', ' MANITOBA ', 'December 10, 2004', '\xa0', '\xa0')


2024-04-10 17:46:25,957 - prod_util - ERROR  - system_log - 
Error: could not convert string to float: '\xa0'
Function Name: _format_payload_for_insert
Data Corruption:
('December 10, 2004', 'WINNIPEG A CS', ' MANITOBA ', '\xa0', '\xa0', 'December 11, 2004')


2024-04-10 17:46:25,958 - prod_util - ERROR  - system_log - 
Error: time data '\xa0' does not match format '%B %d, %Y'
Function Name: _strptime
Data Corruption:
('\xa0', 'WINNIPEG A CS', ' MANITOBA ', '\xa0', 'December 11, 2004', '\xa0')


2024-04-10 17:46:25,958 - prod_util - ERROR  - system_log - 
Error: time data '\xa0' does not match format '%B %d, %Y'
Function Name: _strptime
Data Corruption:
('\xa0', 'WINNIPEG A CS', ' MANITOBA ', 'December 11, 2004', '\xa0', '\xa0')


2024-04-10 17:46:25,958 - prod_util - ERROR  - system_log - 
Error: could not convert string to float: '\xa0'
Function Name: _format_payload_for_insert
Data Corruption:
('December 11, 2004', 'WINNIPEG A CS', ' MANITOBA ', '\xa0', '\xa0', 'December 12, 2004')


2024-04-10 17:46:25,958 - prod_util - ERROR  - system_log - 
Error: time data '\xa0' does not match format '%B %d, %Y'
Function Name: _strptime
Data Corruption:
('\xa0', 'WINNIPEG A CS', ' MANITOBA ', '\xa0', 'December 12, 2004', '\xa0')


2024-04-10 17:46:25,959 - prod_util - ERROR  - system_log - 
Error: time data '\xa0' does not match format '%B %d, %Y'
Function Name: _strptime
Data Corruption:
('\xa0', 'WINNIPEG A CS', ' MANITOBA ', 'December 12, 2004', '\xa0', '\xa0')


2024-04-10 17:46:25,959 - prod_util - ERROR  - system_log - 
Error: could not convert string to float: '\xa0'
Function Name: _format_payload_for_insert
Data Corruption:
('December 12, 2004', 'WINNIPEG A CS', ' MANITOBA ', '\xa0', '\xa0', 'December 13, 2004')


2024-04-10 17:46:25,959 - prod_util - ERROR  - system_log - 
Error: time data '\xa0' does not match format '%B %d, %Y'
Function Name: _strptime
Data Corruption:
('\xa0', 'WINNIPEG A CS', ' MANITOBA ', '\xa0', 'December 13, 2004', '\xa0')


2024-04-10 17:46:25,959 - prod_util - ERROR  - system_log - 
Error: time data '\xa0' does not match format '%B %d, %Y'
Function Name: _strptime
Data Corruption:
('\xa0', 'WINNIPEG A CS', ' MANITOBA ', 'December 13, 2004', '\xa0', '\xa0')


2024-04-10 17:46:25,960 - prod_util - ERROR  - system_log - 
Error: could not convert string to float: '\xa0'
Function Name: _format_payload_for_insert
Data Corruption:
('December 13, 2004', 'WINNIPEG A CS', ' MANITOBA ', '\xa0', '\xa0', 'December 14, 2004')


2024-04-10 17:46:25,960 - prod_util - ERROR  - system_log - 
Error: time data '\xa0' does not match format '%B %d, %Y'
Function Name: _strptime
Data Corruption:
('\xa0', 'WINNIPEG A CS', ' MANITOBA ', '\xa0', 'December 14, 2004', '\xa0')


2024-04-10 17:46:25,960 - prod_util - ERROR  - system_log - 
Error: time data '\xa0' does not match format '%B %d, %Y'
Function Name: _strptime
Data Corruption:
('\xa0', 'WINNIPEG A CS', ' MANITOBA ', 'December 14, 2004', '\xa0', '\xa0')


2024-04-10 17:46:25,960 - prod_util - ERROR  - system_log - 
Error: could not convert string to float: '\xa0'
Function Name: _format_payload_for_insert
Data Corruption:
('December 14, 2004', 'WINNIPEG A CS', ' MANITOBA ', '\xa0', '\xa0', 'December 15, 2004')


2024-04-10 17:46:25,961 - prod_util - ERROR  - system_log - 
Error: time data '\xa0' does not match format '%B %d, %Y'
Function Name: _strptime
Data Corruption:
('\xa0', 'WINNIPEG A CS', ' MANITOBA ', '\xa0', 'December 15, 2004', '\xa0')


2024-04-10 17:46:25,961 - prod_util - ERROR  - system_log - 
Error: time data '\xa0' does not match format '%B %d, %Y'
Function Name: _strptime
Data Corruption:
('\xa0', 'WINNIPEG A CS', ' MANITOBA ', 'December 15, 2004', '\xa0', '\xa0')


2024-04-10 17:46:25,961 - prod_util - ERROR  - system_log - 
Error: could not convert string to float: '\xa0'
Function Name: _format_payload_for_insert
Data Corruption:
('December 15, 2004', 'WINNIPEG A CS', ' MANITOBA ', '\xa0', '\xa0', 'December 16, 2004')


2024-04-10 17:46:25,961 - prod_util - ERROR  - system_log - 
Error: time data '\xa0' does not match format '%B %d, %Y'
Function Name: _strptime
Data Corruption:
('\xa0', 'WINNIPEG A CS', ' MANITOBA ', '\xa0', 'December 16, 2004', '\xa0')


2024-04-10 17:46:25,962 - prod_util - ERROR  - system_log - 
Error: time data '\xa0' does not match format '%B %d, %Y'
Function Name: _strptime
Data Corruption:
('\xa0', 'WINNIPEG A CS', ' MANITOBA ', 'December 16, 2004', '\xa0', '\xa0')


2024-04-10 17:46:25,962 - prod_util - ERROR  - system_log - 
Error: could not convert string to float: '\xa0'
Function Name: _format_payload_for_insert
Data Corruption:
('December 16, 2004', 'WINNIPEG A CS', ' MANITOBA ', '\xa0', '\xa0', 'December 17, 2004')


2024-04-10 17:46:25,962 - prod_util - ERROR  - system_log - 
Error: time data '\xa0' does not match format '%B %d, %Y'
Function Name: _strptime
Data Corruption:
('\xa0', 'WINNIPEG A CS', ' MANITOBA ', '\xa0', 'December 17, 2004', '\xa0')


2024-04-10 17:46:25,962 - prod_util - ERROR  - system_log - 
Error: time data '\xa0' does not match format '%B %d, %Y'
Function Name: _strptime
Data Corruption:
('\xa0', 'WINNIPEG A CS', ' MANITOBA ', 'December 17, 2004', '\xa0', '\xa0')


2024-04-10 17:46:25,962 - prod_util - ERROR  - system_log - 
Error: could not convert string to float: '\xa0'
Function Name: _format_payload_for_insert
Data Corruption:
('December 17, 2004', 'WINNIPEG A CS', ' MANITOBA ', '\xa0', '\xa0', 'December 18, 2004')


2024-04-10 17:46:25,963 - prod_util - ERROR  - system_log - 
Error: time data '\xa0' does not match format '%B %d, %Y'
Function Name: _strptime
Data Corruption:
('\xa0', 'WINNIPEG A CS', ' MANITOBA ', '\xa0', 'December 18, 2004', '\xa0')


2024-04-10 17:46:25,963 - prod_util - ERROR  - system_log - 
Error: time data '\xa0' does not match format '%B %d, %Y'
Function Name: _strptime
Data Corruption:
('\xa0', 'WINNIPEG A CS', ' MANITOBA ', 'December 18, 2004', '\xa0', '\xa0')


2024-04-10 17:46:25,963 - prod_util - ERROR  - system_log - 
Error: could not convert string to float: '\xa0'
Function Name: _format_payload_for_insert
Data Corruption:
('December 18, 2004', 'WINNIPEG A CS', ' MANITOBA ', '\xa0', '\xa0', 'December 19, 2004')


2024-04-10 17:46:25,963 - prod_util - ERROR  - system_log - 
Error: time data '\xa0' does not match format '%B %d, %Y'
Function Name: _strptime
Data Corruption:
('\xa0', 'WINNIPEG A CS', ' MANITOBA ', '\xa0', 'December 19, 2004', '\xa0')


2024-04-10 17:46:25,963 - prod_util - ERROR  - system_log - 
Error: time data '\xa0' does not match format '%B %d, %Y'
Function Name: _strptime
Data Corruption:
('\xa0', 'WINNIPEG A CS', ' MANITOBA ', 'December 19, 2004', '\xa0', '\xa0')


2024-04-10 17:46:25,963 - prod_util - ERROR  - system_log - 
Error: could not convert string to float: '\xa0'
Function Name: _format_payload_for_insert
Data Corruption:
('December 19, 2004', 'WINNIPEG A CS', ' MANITOBA ', '\xa0', '\xa0', 'December 20, 2004')


2024-04-10 17:46:25,965 - prod_util - ERROR  - system_log - 
Error: time data '\xa0' does not match format '%B %d, %Y'
Function Name: _strptime
Data Corruption:
('\xa0', 'WINNIPEG A CS', ' MANITOBA ', '\xa0', 'December 20, 2004', '\xa0')


2024-04-10 17:46:25,965 - prod_util - ERROR  - system_log - 
Error: time data '\xa0' does not match format '%B %d, %Y'
Function Name: _strptime
Data Corruption:
('\xa0', 'WINNIPEG A CS', ' MANITOBA ', 'December 20, 2004', '\xa0', '\xa0')


2024-04-10 17:46:25,965 - prod_util - ERROR  - system_log - 
Error: could not convert string to float: '\xa0'
Function Name: _format_payload_for_insert
Data Corruption:
('December 20, 2004', 'WINNIPEG A CS', ' MANITOBA ', '\xa0', '\xa0', 'December 21, 2004')


2024-04-10 17:46:25,965 - prod_util - ERROR  - system_log - 
Error: time data '\xa0' does not match format '%B %d, %Y'
Function Name: _strptime
Data Corruption:
('\xa0', 'WINNIPEG A CS', ' MANITOBA ', '\xa0', 'December 21, 2004', '\xa0')


2024-04-10 17:46:25,966 - prod_util - ERROR  - system_log - 
Error: time data '\xa0' does not match format '%B %d, %Y'
Function Name: _strptime
Data Corruption:
('\xa0', 'WINNIPEG A CS', ' MANITOBA ', 'December 21, 2004', '\xa0', '\xa0')


2024-04-10 17:46:25,966 - prod_util - ERROR  - system_log - 
Error: could not convert string to float: '\xa0'
Function Name: _format_payload_for_insert
Data Corruption:
('December 21, 2004', 'WINNIPEG A CS', ' MANITOBA ', '\xa0', '\xa0', 'December 22, 2004')


2024-04-10 17:46:25,966 - prod_util - ERROR  - system_log - 
Error: time data '\xa0' does not match format '%B %d, %Y'
Function Name: _strptime
Data Corruption:
('\xa0', 'WINNIPEG A CS', ' MANITOBA ', '\xa0', 'December 22, 2004', '\xa0')


2024-04-10 17:46:25,966 - prod_util - ERROR  - system_log - 
Error: time data '\xa0' does not match format '%B %d, %Y'
Function Name: _strptime
Data Corruption:
('\xa0', 'WINNIPEG A CS', ' MANITOBA ', 'December 22, 2004', '\xa0', '\xa0')


2024-04-10 17:46:25,967 - prod_util - ERROR  - system_log - 
Error: could not convert string to float: '\xa0'
Function Name: _format_payload_for_insert
Data Corruption:
('December 22, 2004', 'WINNIPEG A CS', ' MANITOBA ', '\xa0', '\xa0', 'December 23, 2004')


2024-04-10 17:46:25,967 - prod_util - ERROR  - system_log - 
Error: time data '\xa0' does not match format '%B %d, %Y'
Function Name: _strptime
Data Corruption:
('\xa0', 'WINNIPEG A CS', ' MANITOBA ', '\xa0', 'December 23, 2004', '\xa0')


2024-04-10 17:46:25,967 - prod_util - ERROR  - system_log - 
Error: time data '\xa0' does not match format '%B %d, %Y'
Function Name: _strptime
Data Corruption:
('\xa0', 'WINNIPEG A CS', ' MANITOBA ', 'December 23, 2004', '\xa0', '\xa0')


2024-04-10 17:46:25,967 - prod_util - ERROR  - system_log - 
Error: could not convert string to float: '\xa0'
Function Name: _format_payload_for_insert
Data Corruption:
('December 23, 2004', 'WINNIPEG A CS', ' MANITOBA ', '\xa0', '\xa0', 'December 24, 2004')


2024-04-10 17:46:25,968 - prod_util - ERROR  - system_log - 
Error: time data '\xa0' does not match format '%B %d, %Y'
Function Name: _strptime
Data Corruption:
('\xa0', 'WINNIPEG A CS', ' MANITOBA ', '\xa0', 'December 24, 2004', '\xa0')


2024-04-10 17:46:25,968 - prod_util - ERROR  - system_log - 
Error: time data '\xa0' does not match format '%B %d, %Y'
Function Name: _strptime
Data Corruption:
('\xa0', 'WINNIPEG A CS', ' MANITOBA ', 'December 24, 2004', '\xa0', '\xa0')


2024-04-10 17:46:25,968 - prod_util - ERROR  - system_log - 
Error: could not convert string to float: '\xa0'
Function Name: _format_payload_for_insert
Data Corruption:
('December 24, 2004', 'WINNIPEG A CS', ' MANITOBA ', '\xa0', '\xa0', 'December 25, 2004')


2024-04-10 17:46:25,968 - prod_util - ERROR  - system_log - 
Error: time data '\xa0' does not match format '%B %d, %Y'
Function Name: _strptime
Data Corruption:
('\xa0', 'WINNIPEG A CS', ' MANITOBA ', '\xa0', 'December 25, 2004', '\xa0')


2024-04-10 17:46:25,969 - prod_util - ERROR  - system_log - 
Error: time data '\xa0' does not match format '%B %d, %Y'
Function Name: _strptime
Data Corruption:
('\xa0', 'WINNIPEG A CS', ' MANITOBA ', 'December 25, 2004', '\xa0', '\xa0')


2024-04-10 17:46:25,969 - prod_util - ERROR  - system_log - 
Error: could not convert string to float: '\xa0'
Function Name: _format_payload_for_insert
Data Corruption:
('December 25, 2004', 'WINNIPEG A CS', ' MANITOBA ', '\xa0', '\xa0', 'December 26, 2004')


2024-04-10 17:46:25,969 - prod_util - ERROR  - system_log - 
Error: time data '\xa0' does not match format '%B %d, %Y'
Function Name: _strptime
Data Corruption:
('\xa0', 'WINNIPEG A CS', ' MANITOBA ', '\xa0', 'December 26, 2004', '\xa0')


2024-04-10 17:46:25,969 - prod_util - ERROR  - system_log - 
Error: time data '\xa0' does not match format '%B %d, %Y'
Function Name: _strptime
Data Corruption:
('\xa0', 'WINNIPEG A CS', ' MANITOBA ', 'December 26, 2004', '\xa0', '\xa0')


2024-04-10 17:46:25,970 - prod_util - ERROR  - system_log - 
Error: could not convert string to float: '\xa0'
Function Name: _format_payload_for_insert
Data Corruption:
('December 26, 2004', 'WINNIPEG A CS', ' MANITOBA ', '\xa0', '\xa0', 'December 27, 2004')


2024-04-10 17:46:25,970 - prod_util - ERROR  - system_log - 
Error: time data '\xa0' does not match format '%B %d, %Y'
Function Name: _strptime
Data Corruption:
('\xa0', 'WINNIPEG A CS', ' MANITOBA ', '\xa0', 'December 27, 2004', '\xa0')


2024-04-10 17:46:25,970 - prod_util - ERROR  - system_log - 
Error: time data '\xa0' does not match format '%B %d, %Y'
Function Name: _strptime
Data Corruption:
('\xa0', 'WINNIPEG A CS', ' MANITOBA ', 'December 27, 2004', '\xa0', '\xa0')


2024-04-10 17:46:25,970 - prod_util - ERROR  - system_log - 
Error: could not convert string to float: '\xa0'
Function Name: _format_payload_for_insert
Data Corruption:
('December 27, 2004', 'WINNIPEG A CS', ' MANITOBA ', '\xa0', '\xa0', 'December 28, 2004')


2024-04-10 17:46:25,971 - prod_util - ERROR  - system_log - 
Error: time data '\xa0' does not match format '%B %d, %Y'
Function Name: _strptime
Data Corruption:
('\xa0', 'WINNIPEG A CS', ' MANITOBA ', '\xa0', 'December 28, 2004', '\xa0')


2024-04-10 17:46:25,971 - prod_util - ERROR  - system_log - 
Error: time data '\xa0' does not match format '%B %d, %Y'
Function Name: _strptime
Data Corruption:
('\xa0', 'WINNIPEG A CS', ' MANITOBA ', 'December 28, 2004', '\xa0', '\xa0')


2024-04-10 17:46:25,971 - prod_util - ERROR  - system_log - 
Error: could not convert string to float: '\xa0'
Function Name: _format_payload_for_insert
Data Corruption:
('December 28, 2004', 'WINNIPEG A CS', ' MANITOBA ', '\xa0', '\xa0', 'December 29, 2004')


2024-04-10 17:46:25,971 - prod_util - ERROR  - system_log - 
Error: time data '\xa0' does not match format '%B %d, %Y'
Function Name: _strptime
Data Corruption:
('\xa0', 'WINNIPEG A CS', ' MANITOBA ', '\xa0', 'December 29, 2004', '\xa0')


2024-04-10 17:46:25,972 - prod_util - ERROR  - system_log - 
Error: time data '\xa0' does not match format '%B %d, %Y'
Function Name: _strptime
Data Corruption:
('\xa0', 'WINNIPEG A CS', ' MANITOBA ', 'December 29, 2004', '\xa0', '\xa0')


2024-04-10 17:46:25,972 - prod_util - ERROR  - system_log - 
Error: could not convert string to float: '\xa0'
Function Name: _format_payload_for_insert
Data Corruption:
('December 29, 2004', 'WINNIPEG A CS', ' MANITOBA ', '\xa0', '\xa0', 'December 30, 2004')


2024-04-10 17:46:25,972 - prod_util - ERROR  - system_log - 
Error: time data '\xa0' does not match format '%B %d, %Y'
Function Name: _strptime
Data Corruption:
('\xa0', 'WINNIPEG A CS', ' MANITOBA ', '\xa0', 'December 30, 2004', '\xa0')


2024-04-10 17:46:25,972 - prod_util - ERROR  - system_log - 
Error: time data '\xa0' does not match format '%B %d, %Y'
Function Name: _strptime
Data Corruption:
('\xa0', 'WINNIPEG A CS', ' MANITOBA ', 'December 30, 2004', '\xa0', '\xa0')


2024-04-10 17:46:25,972 - prod_util - ERROR  - system_log - 
Error: could not convert string to float: '\xa0'
Function Name: _format_payload_for_insert
Data Corruption:
('December 30, 2004', 'WINNIPEG A CS', ' MANITOBA ', '\xa0', '\xa0', 'December 31, 2004')


2024-04-10 17:46:25,973 - prod_util - ERROR  - system_log - 
Error: time data '\xa0' does not match format '%B %d, %Y'
Function Name: _strptime
Data Corruption:
('\xa0', 'WINNIPEG A CS', ' MANITOBA ', '\xa0', 'December 31, 2004', '\xa0')


2024-04-10 17:46:25,973 - prod_util - ERROR  - system_log - 
Error: time data '\xa0' does not match format '%B %d, %Y'
Function Name: _strptime
Data Corruption:
('\xa0', 'WINNIPEG A CS', ' MANITOBA ', 'December 31, 2004', '\xa0', '\xa0')


2024-04-10 17:46:25,975 - prod_util - ERROR  - system_log - 
Error: could not convert string to float: 'October 2, 2004'
Function Name: _format_payload_for_insert
Data Corruption:
('\xa0', 'WINNIPEG A CS', ' MANITOBA ', '\xa0', '\xa0', 'October 1, 2004')


2024-04-10 17:46:25,975 - prod_util - ERROR  - system_log - 
Error: could not convert string to float: 'October 3, 2004'
Function Name: _format_payload_for_insert
Data Corruption:
('\xa0', 'WINNIPEG A CS', ' MANITOBA ', '\xa0', 'October 1, 2004', 'October 2, 2004')


2024-04-10 17:46:25,975 - prod_util - ERROR  - system_log - 
Error: could not convert string to float: 'October 4, 2004'
Function Name: _format_payload_for_insert
Data Corruption:
('\xa0', 'WINNIPEG A CS', ' MANITOBA ', 'October 1, 2004', 'October 2, 2004', 'October 3, 2004')


2024-04-10 17:46:25,975 - prod_util - ERROR  - system_log - 
Error: could not convert string to float: 'October 5, 2004'
Function Name: _format_payload_for_insert
Data Corruption:
('October 1, 2004', 'WINNIPEG A CS', ' MANITOBA ', 'October 2, 2004', 'October 3, 2004', 'October 4, 2004')


2024-04-10 17:46:25,976 - prod_util - ERROR  - system_log - 
Error: could not convert string to float: 'October 6, 2004'
Function Name: _format_payload_for_insert
Data Corruption:
('October 2, 2004', 'WINNIPEG A CS', ' MANITOBA ', 'October 3, 2004', 'October 4, 2004', 'October 5, 2004')


2024-04-10 17:46:25,976 - prod_util - ERROR  - system_log - 
Error: could not convert string to float: 'October 7, 2004'
Function Name: _format_payload_for_insert
Data Corruption:
('October 3, 2004', 'WINNIPEG A CS', ' MANITOBA ', 'October 4, 2004', 'October 5, 2004', 'October 6, 2004')


2024-04-10 17:46:25,976 - prod_util - ERROR  - system_log - 
Error: could not convert string to float: 'October 8, 2004'
Function Name: _format_payload_for_insert
Data Corruption:
('October 4, 2004', 'WINNIPEG A CS', ' MANITOBA ', 'October 5, 2004', 'October 6, 2004', 'October 7, 2004')


2024-04-10 17:46:25,977 - prod_util - ERROR  - system_log - 
Error: could not convert string to float: 'October 9, 2004'
Function Name: _format_payload_for_insert
Data Corruption:
('October 5, 2004', 'WINNIPEG A CS', ' MANITOBA ', 'October 6, 2004', 'October 7, 2004', 'October 8, 2004')


2024-04-10 17:46:25,977 - prod_util - ERROR  - system_log - 
Error: could not convert string to float: 'October 10, 2004'
Function Name: _format_payload_for_insert
Data Corruption:
('October 6, 2004', 'WINNIPEG A CS', ' MANITOBA ', 'October 7, 2004', 'October 8, 2004', 'October 9, 2004')


2024-04-10 17:46:25,977 - prod_util - ERROR  - system_log - 
Error: could not convert string to float: 'October 11, 2004'
Function Name: _format_payload_for_insert
Data Corruption:
('October 7, 2004', 'WINNIPEG A CS', ' MANITOBA ', 'October 8, 2004', 'October 9, 2004', 'October 10, 2004')


2024-04-10 17:46:25,977 - prod_util - ERROR  - system_log - 
Error: could not convert string to float: 'October 12, 2004'
Function Name: _format_payload_for_insert
Data Corruption:
('October 8, 2004', 'WINNIPEG A CS', ' MANITOBA ', 'October 9, 2004', 'October 10, 2004', 'October 11, 2004')


2024-04-10 17:46:25,977 - prod_util - ERROR  - system_log - 
Error: could not convert string to float: 'October 13, 2004'
Function Name: _format_payload_for_insert
Data Corruption:
('October 9, 2004', 'WINNIPEG A CS', ' MANITOBA ', 'October 10, 2004', 'October 11, 2004', 'October 12, 2004')


2024-04-10 17:46:25,978 - prod_util - ERROR  - system_log - 
Error: could not convert string to float: 'October 14, 2004'
Function Name: _format_payload_for_insert
Data Corruption:
('October 10, 2004', 'WINNIPEG A CS', ' MANITOBA ', 'October 11, 2004', 'October 12, 2004', 'October 13, 2004')


2024-04-10 17:46:25,978 - prod_util - ERROR  - system_log - 
Error: could not convert string to float: '\xa0'
Function Name: _format_payload_for_insert
Data Corruption:
('October 11, 2004', 'WINNIPEG A CS', ' MANITOBA ', 'October 12, 2004', 'October 13, 2004', 'October 14, 2004')


2024-04-10 17:46:25,978 - prod_util - ERROR  - system_log - 
Error: time data '\xa0' does not match format '%B %d, %Y'
Function Name: _strptime
Data Corruption:
('October 12, 2004', 'WINNIPEG A CS', ' MANITOBA ', 'October 13, 2004', 'October 14, 2004', '\xa0')


2024-04-10 17:46:25,978 - prod_util - ERROR  - system_log - 
Error: time data '\xa0' does not match format '%B %d, %Y'
Function Name: _strptime
Data Corruption:
('October 13, 2004', 'WINNIPEG A CS', ' MANITOBA ', 'October 14, 2004', '\xa0', '\xa0')


2024-04-10 17:46:25,978 - prod_util - ERROR  - system_log - 
Error: time data '\xa0' does not match format '%B %d, %Y'
Function Name: _strptime
Data Corruption:
('October 14, 2004', 'WINNIPEG A CS', ' MANITOBA ', '\xa0', '\xa0', '\xa0')


2024-04-10 17:46:25,978 - prod_util - ERROR  - system_log - 
Error: time data '\xa0' does not match format '%B %d, %Y'
Function Name: _strptime
Data Corruption:
('\xa0', 'WINNIPEG A CS', ' MANITOBA ', '\xa0', '\xa0', '\xa0')


2024-04-10 17:46:25,980 - prod_util - ERROR  - system_log - 
Error: time data '\xa0' does not match format '%B %d, %Y'
Function Name: _strptime
Data Corruption:
('\xa0', 'WINNIPEG A CS', ' MANITOBA ', '\xa0', '\xa0', '\xa0')


2024-04-10 17:46:25,980 - prod_util - ERROR  - system_log - 
Error: time data '\xa0' does not match format '%B %d, %Y'
Function Name: _strptime
Data Corruption:
('\xa0', 'WINNIPEG A CS', ' MANITOBA ', '\xa0', '\xa0', '\xa0')


2024-04-10 17:46:25,980 - prod_util - ERROR  - system_log - 
Error: time data '\xa0' does not match format '%B %d, %Y'
Function Name: _strptime
Data Corruption:
('\xa0', 'WINNIPEG A CS', ' MANITOBA ', '\xa0', '\xa0', '\xa0')


2024-04-10 17:46:25,981 - prod_util - ERROR  - system_log - 
Error: time data '\xa0' does not match format '%B %d, %Y'
Function Name: _strptime
Data Corruption:
('\xa0', 'WINNIPEG A CS', ' MANITOBA ', '\xa0', '\xa0', '\xa0')


2024-04-10 17:46:25,981 - prod_util - ERROR  - system_log - 
Error: time data '\xa0' does not match format '%B %d, %Y'
Function Name: _strptime
Data Corruption:
('\xa0', 'WINNIPEG A CS', ' MANITOBA ', '\xa0', '\xa0', '\xa0')


2024-04-10 17:46:25,981 - prod_util - ERROR  - system_log - 
Error: time data '\xa0' does not match format '%B %d, %Y'
Function Name: _strptime
Data Corruption:
('\xa0', 'WINNIPEG A CS', ' MANITOBA ', '\xa0', '\xa0', '\xa0')


2024-04-10 17:46:25,981 - prod_util - ERROR  - system_log - 
Error: time data '\xa0' does not match format '%B %d, %Y'
Function Name: _strptime
Data Corruption:
('\xa0', 'WINNIPEG A CS', ' MANITOBA ', '\xa0', '\xa0', '\xa0')


2024-04-10 17:46:25,982 - prod_util - ERROR  - system_log - 
Error: time data '\xa0' does not match format '%B %d, %Y'
Function Name: _strptime
Data Corruption:
('\xa0', 'WINNIPEG A CS', ' MANITOBA ', '\xa0', '\xa0', '\xa0')


2024-04-10 17:46:25,982 - prod_util - ERROR  - system_log - 
Error: time data '\xa0' does not match format '%B %d, %Y'
Function Name: _strptime
Data Corruption:
('\xa0', 'WINNIPEG A CS', ' MANITOBA ', '\xa0', '\xa0', '\xa0')


2024-04-10 17:46:25,982 - prod_util - ERROR  - system_log - 
Error: time data '\xa0' does not match format '%B %d, %Y'
Function Name: _strptime
Data Corruption:
('\xa0', 'WINNIPEG A CS', ' MANITOBA ', '\xa0', '\xa0', '\xa0')


2024-04-10 17:46:25,983 - prod_util - ERROR  - system_log - 
Error: time data '\xa0' does not match format '%B %d, %Y'
Function Name: _strptime
Data Corruption:
('\xa0', 'WINNIPEG A CS', ' MANITOBA ', '\xa0', '\xa0', '\xa0')


2024-04-10 17:46:25,983 - prod_util - ERROR  - system_log - 
Error: time data '\xa0' does not match format '%B %d, %Y'
Function Name: _strptime
Data Corruption:
('\xa0', 'WINNIPEG A CS', ' MANITOBA ', '\xa0', '\xa0', '\xa0')


2024-04-10 17:46:25,983 - prod_util - ERROR  - system_log - 
Error: time data '\xa0' does not match format '%B %d, %Y'
Function Name: _strptime
Data Corruption:
('\xa0', 'WINNIPEG A CS', ' MANITOBA ', '\xa0', '\xa0', '\xa0')


2024-04-10 17:46:25,984 - prod_util - ERROR  - system_log - 
Error: time data '\xa0' does not match format '%B %d, %Y'
Function Name: _strptime
Data Corruption:
('\xa0', 'WINNIPEG A CS', ' MANITOBA ', '\xa0', '\xa0', '\xa0')


2024-04-10 17:46:25,984 - prod_util - ERROR  - system_log - 
Error: time data '\xa0' does not match format '%B %d, %Y'
Function Name: _strptime
Data Corruption:
('\xa0', 'WINNIPEG A CS', ' MANITOBA ', '\xa0', '\xa0', '\xa0')


2024-04-10 17:46:25,984 - prod_util - ERROR  - system_log - 
Error: time data '\xa0' does not match format '%B %d, %Y'
Function Name: _strptime
Data Corruption:
('\xa0', 'WINNIPEG A CS', ' MANITOBA ', '\xa0', '\xa0', '\xa0')


2024-04-10 17:46:25,984 - prod_util - ERROR  - system_log - 
Error: time data '\xa0' does not match format '%B %d, %Y'
Function Name: _strptime
Data Corruption:
('\xa0', 'WINNIPEG A CS', ' MANITOBA ', '\xa0', '\xa0', '\xa0')


2024-04-10 17:46:25,985 - prod_util - ERROR  - system_log - 
Error: time data '\xa0' does not match format '%B %d, %Y'
Function Name: _strptime
Data Corruption:
('\xa0', 'WINNIPEG A CS', ' MANITOBA ', '\xa0', '\xa0', '\xa0')


2024-04-10 17:46:25,985 - prod_util - ERROR  - system_log - 
Error: time data '\xa0' does not match format '%B %d, %Y'
Function Name: _strptime
Data Corruption:
('\xa0', 'WINNIPEG A CS', ' MANITOBA ', '\xa0', '\xa0', '\xa0')


2024-04-10 17:46:25,985 - prod_util - ERROR  - system_log - 
Error: time data '\xa0' does not match format '%B %d, %Y'
Function Name: _strptime
Data Corruption:
('\xa0', 'WINNIPEG A CS', ' MANITOBA ', '\xa0', '\xa0', '\xa0')


2024-04-10 17:46:25,985 - prod_util - ERROR  - system_log - 
Error: time data '\xa0' does not match format '%B %d, %Y'
Function Name: _strptime
Data Corruption:
('\xa0', 'WINNIPEG A CS', ' MANITOBA ', '\xa0', '\xa0', '\xa0')


2024-04-10 17:46:25,985 - prod_util - ERROR  - system_log - 
Error: time data '\xa0' does not match format '%B %d, %Y'
Function Name: _strptime
Data Corruption:
('\xa0', 'WINNIPEG A CS', ' MANITOBA ', '\xa0', '\xa0', '\xa0')


2024-04-10 17:46:25,986 - prod_util - ERROR  - system_log - 
Error: time data '\xa0' does not match format '%B %d, %Y'
Function Name: _strptime
Data Corruption:
('\xa0', 'WINNIPEG A CS', ' MANITOBA ', '\xa0', '\xa0', '\xa0')


2024-04-10 17:46:25,986 - prod_util - ERROR  - system_log - 
Error: time data '\xa0' does not match format '%B %d, %Y'
Function Name: _strptime
Data Corruption:
('\xa0', 'WINNIPEG A CS', ' MANITOBA ', '\xa0', '\xa0', '\xa0')


2024-04-10 17:46:25,986 - prod_util - ERROR  - system_log - 
Error: time data '\xa0' does not match format '%B %d, %Y'
Function Name: _strptime
Data Corruption:
('\xa0', 'WINNIPEG A CS', ' MANITOBA ', '\xa0', '\xa0', '\xa0')


2024-04-10 17:46:25,986 - prod_util - ERROR  - system_log - 
Error: time data '\xa0' does not match format '%B %d, %Y'
Function Name: _strptime
Data Corruption:
('\xa0', 'WINNIPEG A CS', ' MANITOBA ', '\xa0', '\xa0', '\xa0')


2024-04-10 17:46:25,987 - prod_util - ERROR  - system_log - 
Error: time data '\xa0' does not match format '%B %d, %Y'
Function Name: _strptime
Data Corruption:
('\xa0', 'WINNIPEG A CS', ' MANITOBA ', '\xa0', '\xa0', '\xa0')


2024-04-10 17:46:25,987 - prod_util - ERROR  - system_log - 
Error: time data '\xa0' does not match format '%B %d, %Y'
Function Name: _strptime
Data Corruption:
('\xa0', 'WINNIPEG A CS', ' MANITOBA ', '\xa0', '\xa0', '\xa0')


2024-04-10 17:46:25,987 - prod_util - ERROR  - system_log - 
Error: time data '\xa0' does not match format '%B %d, %Y'
Function Name: _strptime
Data Corruption:
('\xa0', 'WINNIPEG A CS', ' MANITOBA ', '\xa0', '\xa0', '\xa0')


2024-04-10 17:46:25,988 - prod_util - ERROR  - system_log - 
Error: time data '\xa0' does not match format '%B %d, %Y'
Function Name: _strptime
Data Corruption:
('\xa0', 'WINNIPEG A CS', ' MANITOBA ', '\xa0', '\xa0', '\xa0')


2024-04-10 17:46:25,988 - prod_util - ERROR  - system_log - 
Error: time data '\xa0' does not match format '%B %d, %Y'
Function Name: _strptime
Data Corruption:
('\xa0', 'WINNIPEG A CS', ' MANITOBA ', '\xa0', '\xa0', '\xa0')


2024-04-10 17:46:25,988 - prod_util - ERROR  - system_log - 
Error: time data '\xa0' does not match format '%B %d, %Y'
Function Name: _strptime
Data Corruption:
('\xa0', 'WINNIPEG A CS', ' MANITOBA ', '\xa0', '\xa0', '\xa0')


2024-04-10 17:46:25,988 - prod_util - ERROR  - system_log - 
Error: time data '\xa0' does not match format '%B %d, %Y'
Function Name: _strptime
Data Corruption:
('\xa0', 'WINNIPEG A CS', ' MANITOBA ', '\xa0', '\xa0', '\xa0')


2024-04-10 17:46:25,989 - prod_util - ERROR  - system_log - 
Error: time data '\xa0' does not match format '%B %d, %Y'
Function Name: _strptime
Data Corruption:
('\xa0', 'WINNIPEG A CS', ' MANITOBA ', '\xa0', '\xa0', '\xa0')


2024-04-10 17:46:25,989 - prod_util - ERROR  - system_log - 
Error: time data '\xa0' does not match format '%B %d, %Y'
Function Name: _strptime
Data Corruption:
('\xa0', 'WINNIPEG A CS', ' MANITOBA ', '\xa0', '\xa0', '\xa0')


2024-04-10 17:46:25,989 - prod_util - ERROR  - system_log - 
Error: time data '\xa0' does not match format '%B %d, %Y'
Function Name: _strptime
Data Corruption:
('\xa0', 'WINNIPEG A CS', ' MANITOBA ', '\xa0', '\xa0', '\xa0')


2024-04-10 17:46:25,990 - prod_util - ERROR  - system_log - 
Error: time data '\xa0' does not match format '%B %d, %Y'
Function Name: _strptime
Data Corruption:
('\xa0', 'WINNIPEG A CS', ' MANITOBA ', '\xa0', '\xa0', '\xa0')


2024-04-10 17:46:25,990 - prod_util - ERROR  - system_log - 
Error: time data '\xa0' does not match format '%B %d, %Y'
Function Name: _strptime
Data Corruption:
('\xa0', 'WINNIPEG A CS', ' MANITOBA ', '\xa0', '\xa0', '\xa0')


2024-04-10 17:46:25,990 - prod_util - ERROR  - system_log - 
Error: time data '\xa0' does not match format '%B %d, %Y'
Function Name: _strptime
Data Corruption:
('\xa0', 'WINNIPEG A CS', ' MANITOBA ', '\xa0', '\xa0', '\xa0')


2024-04-10 17:46:25,990 - prod_util - ERROR  - system_log - 
Error: time data '\xa0' does not match format '%B %d, %Y'
Function Name: _strptime
Data Corruption:
('\xa0', 'WINNIPEG A CS', ' MANITOBA ', '\xa0', '\xa0', '\xa0')


2024-04-10 17:46:25,991 - prod_util - ERROR  - system_log - 
Error: time data '\xa0' does not match format '%B %d, %Y'
Function Name: _strptime
Data Corruption:
('\xa0', 'WINNIPEG A CS', ' MANITOBA ', '\xa0', '\xa0', '\xa0')


2024-04-10 17:46:25,991 - prod_util - ERROR  - system_log - 
Error: time data '\xa0' does not match format '%B %d, %Y'
Function Name: _strptime
Data Corruption:
('\xa0', 'WINNIPEG A CS', ' MANITOBA ', '\xa0', '\xa0', '\xa0')


2024-04-10 17:46:25,991 - prod_util - ERROR  - system_log - 
Error: time data '\xa0' does not match format '%B %d, %Y'
Function Name: _strptime
Data Corruption:
('\xa0', 'WINNIPEG A CS', ' MANITOBA ', '\xa0', '\xa0', '\xa0')


2024-04-10 17:46:25,992 - prod_util - ERROR  - system_log - 
Error: time data '\xa0' does not match format '%B %d, %Y'
Function Name: _strptime
Data Corruption:
('\xa0', 'WINNIPEG A CS', ' MANITOBA ', '\xa0', '\xa0', '\xa0')


2024-04-10 17:46:25,992 - prod_util - ERROR  - system_log - 
Error: time data '\xa0' does not match format '%B %d, %Y'
Function Name: _strptime
Data Corruption:
('\xa0', 'WINNIPEG A CS', ' MANITOBA ', '\xa0', '\xa0', '\xa0')


2024-04-10 17:46:25,992 - prod_util - ERROR  - system_log - 
Error: time data '\xa0' does not match format '%B %d, %Y'
Function Name: _strptime
Data Corruption:
('\xa0', 'WINNIPEG A CS', ' MANITOBA ', '\xa0', '\xa0', '\xa0')


2024-04-10 17:46:25,993 - prod_util - ERROR  - system_log - 
Error: time data '\xa0' does not match format '%B %d, %Y'
Function Name: _strptime
Data Corruption:
('\xa0', 'WINNIPEG A CS', ' MANITOBA ', '\xa0', '\xa0', '\xa0')


2024-04-10 17:46:25,995 - prod_util - ERROR  - system_log - 
Error: could not convert string to float: 'August 2, 2004'
Function Name: _format_payload_for_insert
Data Corruption:
('August 29, 2004', 'WINNIPEG A CS', ' MANITOBA ', 'August 30, 2004', 'August 31, 2004', 'August 1, 2004')


2024-04-10 17:46:25,995 - prod_util - ERROR  - system_log - 
Error: could not convert string to float: 'August 3, 2004'
Function Name: _format_payload_for_insert
Data Corruption:
('August 30, 2004', 'WINNIPEG A CS', ' MANITOBA ', 'August 31, 2004', 'August 1, 2004', 'August 2, 2004')


2024-04-10 17:46:25,996 - prod_util - ERROR  - system_log - 
Error: could not convert string to float: 'August 4, 2004'
Function Name: _format_payload_for_insert
Data Corruption:
('August 31, 2004', 'WINNIPEG A CS', ' MANITOBA ', 'August 1, 2004', 'August 2, 2004', 'August 3, 2004')


2024-04-10 17:46:25,996 - prod_util - ERROR  - system_log - 
Error: could not convert string to float: 'August 5, 2004'
Function Name: _format_payload_for_insert
Data Corruption:
('August 1, 2004', 'WINNIPEG A CS', ' MANITOBA ', 'August 2, 2004', 'August 3, 2004', 'August 4, 2004')


2024-04-10 17:46:25,996 - prod_util - ERROR  - system_log - 
Error: could not convert string to float: 'August 6, 2004'
Function Name: _format_payload_for_insert
Data Corruption:
('August 2, 2004', 'WINNIPEG A CS', ' MANITOBA ', 'August 3, 2004', 'August 4, 2004', 'August 5, 2004')


2024-04-10 17:46:25,996 - prod_util - ERROR  - system_log - 
Error: could not convert string to float: 'August 7, 2004'
Function Name: _format_payload_for_insert
Data Corruption:
('August 3, 2004', 'WINNIPEG A CS', ' MANITOBA ', 'August 4, 2004', 'August 5, 2004', 'August 6, 2004')


2024-04-10 17:46:25,997 - prod_util - ERROR  - system_log - 
Error: could not convert string to float: 'August 8, 2004'
Function Name: _format_payload_for_insert
Data Corruption:
('August 4, 2004', 'WINNIPEG A CS', ' MANITOBA ', 'August 5, 2004', 'August 6, 2004', 'August 7, 2004')


2024-04-10 17:46:25,997 - prod_util - ERROR  - system_log - 
Error: could not convert string to float: 'August 9, 2004'
Function Name: _format_payload_for_insert
Data Corruption:
('August 5, 2004', 'WINNIPEG A CS', ' MANITOBA ', 'August 6, 2004', 'August 7, 2004', 'August 8, 2004')


2024-04-10 17:46:25,997 - prod_util - ERROR  - system_log - 
Error: could not convert string to float: 'August 10, 2004'
Function Name: _format_payload_for_insert
Data Corruption:
('August 6, 2004', 'WINNIPEG A CS', ' MANITOBA ', 'August 7, 2004', 'August 8, 2004', 'August 9, 2004')


2024-04-10 17:46:25,997 - prod_util - ERROR  - system_log - 
Error: could not convert string to float: 'August 11, 2004'
Function Name: _format_payload_for_insert
Data Corruption:
('August 7, 2004', 'WINNIPEG A CS', ' MANITOBA ', 'August 8, 2004', 'August 9, 2004', 'August 10, 2004')


2024-04-10 17:46:25,997 - prod_util - ERROR  - system_log - 
Error: could not convert string to float: 'August 12, 2004'
Function Name: _format_payload_for_insert
Data Corruption:
('August 8, 2004', 'WINNIPEG A CS', ' MANITOBA ', 'August 9, 2004', 'August 10, 2004', 'August 11, 2004')


2024-04-10 17:46:25,998 - prod_util - ERROR  - system_log - 
Error: could not convert string to float: 'August 13, 2004'
Function Name: _format_payload_for_insert
Data Corruption:
('August 9, 2004', 'WINNIPEG A CS', ' MANITOBA ', 'August 10, 2004', 'August 11, 2004', 'August 12, 2004')


2024-04-10 17:46:25,998 - prod_util - ERROR  - system_log - 
Error: could not convert string to float: 'August 14, 2004'
Function Name: _format_payload_for_insert
Data Corruption:
('August 10, 2004', 'WINNIPEG A CS', ' MANITOBA ', 'August 11, 2004', 'August 12, 2004', 'August 13, 2004')


2024-04-10 17:46:25,998 - prod_util - ERROR  - system_log - 
Error: could not convert string to float: 'August 15, 2004'
Function Name: _format_payload_for_insert
Data Corruption:
('August 11, 2004', 'WINNIPEG A CS', ' MANITOBA ', 'August 12, 2004', 'August 13, 2004', 'August 14, 2004')


2024-04-10 17:46:25,998 - prod_util - ERROR  - system_log - 
Error: could not convert string to float: 'August 16, 2004'
Function Name: _format_payload_for_insert
Data Corruption:
('August 12, 2004', 'WINNIPEG A CS', ' MANITOBA ', 'August 13, 2004', 'August 14, 2004', 'August 15, 2004')


2024-04-10 17:46:25,998 - prod_util - ERROR  - system_log - 
Error: could not convert string to float: 'August 17, 2004'
Function Name: _format_payload_for_insert
Data Corruption:
('August 13, 2004', 'WINNIPEG A CS', ' MANITOBA ', 'August 14, 2004', 'August 15, 2004', 'August 16, 2004')


2024-04-10 17:46:25,998 - prod_util - ERROR  - system_log - 
Error: could not convert string to float: 'August 18, 2004'
Function Name: _format_payload_for_insert
Data Corruption:
('August 14, 2004', 'WINNIPEG A CS', ' MANITOBA ', 'August 15, 2004', 'August 16, 2004', 'August 17, 2004')


2024-04-10 17:46:25,999 - prod_util - ERROR  - system_log - 
Error: could not convert string to float: 'August 19, 2004'
Function Name: _format_payload_for_insert
Data Corruption:
('August 15, 2004', 'WINNIPEG A CS', ' MANITOBA ', 'August 16, 2004', 'August 17, 2004', 'August 18, 2004')


2024-04-10 17:46:25,999 - prod_util - ERROR  - system_log - 
Error: could not convert string to float: 'August 20, 2004'
Function Name: _format_payload_for_insert
Data Corruption:
('August 16, 2004', 'WINNIPEG A CS', ' MANITOBA ', 'August 17, 2004', 'August 18, 2004', 'August 19, 2004')


2024-04-10 17:46:25,999 - prod_util - ERROR  - system_log - 
Error: could not convert string to float: 'August 21, 2004'
Function Name: _format_payload_for_insert
Data Corruption:
('August 17, 2004', 'WINNIPEG A CS', ' MANITOBA ', 'August 18, 2004', 'August 19, 2004', 'August 20, 2004')


2024-04-10 17:46:25,999 - prod_util - ERROR  - system_log - 
Error: could not convert string to float: 'August 22, 2004'
Function Name: _format_payload_for_insert
Data Corruption:
('August 18, 2004', 'WINNIPEG A CS', ' MANITOBA ', 'August 19, 2004', 'August 20, 2004', 'August 21, 2004')


2024-04-10 17:46:25,999 - prod_util - ERROR  - system_log - 
Error: could not convert string to float: 'August 23, 2004'
Function Name: _format_payload_for_insert
Data Corruption:
('August 19, 2004', 'WINNIPEG A CS', ' MANITOBA ', 'August 20, 2004', 'August 21, 2004', 'August 22, 2004')


2024-04-10 17:46:26,000 - prod_util - ERROR  - system_log - 
Error: could not convert string to float: 'August 24, 2004'
Function Name: _format_payload_for_insert
Data Corruption:
('August 20, 2004', 'WINNIPEG A CS', ' MANITOBA ', 'August 21, 2004', 'August 22, 2004', 'August 23, 2004')


2024-04-10 17:46:26,000 - prod_util - ERROR  - system_log - 
Error: could not convert string to float: 'August 25, 2004'
Function Name: _format_payload_for_insert
Data Corruption:
('August 21, 2004', 'WINNIPEG A CS', ' MANITOBA ', 'August 22, 2004', 'August 23, 2004', 'August 24, 2004')


2024-04-10 17:46:26,000 - prod_util - ERROR  - system_log - 
Error: could not convert string to float: 'August 26, 2004'
Function Name: _format_payload_for_insert
Data Corruption:
('August 22, 2004', 'WINNIPEG A CS', ' MANITOBA ', 'August 23, 2004', 'August 24, 2004', 'August 25, 2004')


2024-04-10 17:46:26,000 - prod_util - ERROR  - system_log - 
Error: could not convert string to float: 'August 27, 2004'
Function Name: _format_payload_for_insert
Data Corruption:
('August 23, 2004', 'WINNIPEG A CS', ' MANITOBA ', 'August 24, 2004', 'August 25, 2004', 'August 26, 2004')


2024-04-10 17:46:26,000 - prod_util - ERROR  - system_log - 
Error: could not convert string to float: 'August 28, 2004'
Function Name: _format_payload_for_insert
Data Corruption:
('August 24, 2004', 'WINNIPEG A CS', ' MANITOBA ', 'August 25, 2004', 'August 26, 2004', 'August 27, 2004')


2024-04-10 17:46:26,000 - prod_util - ERROR  - system_log - 
Error: could not convert string to float: 'August 29, 2004'
Function Name: _format_payload_for_insert
Data Corruption:
('August 25, 2004', 'WINNIPEG A CS', ' MANITOBA ', 'August 26, 2004', 'August 27, 2004', 'August 28, 2004')


2024-04-10 17:46:26,001 - prod_util - ERROR  - system_log - 
Error: could not convert string to float: 'August 30, 2004'
Function Name: _format_payload_for_insert
Data Corruption:
('August 26, 2004', 'WINNIPEG A CS', ' MANITOBA ', 'August 27, 2004', 'August 28, 2004', 'August 29, 2004')


2024-04-10 17:46:26,001 - prod_util - ERROR  - system_log - 
Error: could not convert string to float: 'August 31, 2004'
Function Name: _format_payload_for_insert
Data Corruption:
('August 27, 2004', 'WINNIPEG A CS', ' MANITOBA ', 'August 28, 2004', 'August 29, 2004', 'August 30, 2004')


2024-04-10 17:46:26,001 - prod_util - ERROR  - system_log - 
Error: list index out of range
Function Name: _format_payload_for_insert
Data Corruption:
('August 28, 2004', 'WINNIPEG A CS', ' MANITOBA ', 'August 29, 2004', 'August 30, 2004', 'August 31, 2004')


2024-04-10 17:46:26,210 - urllib3.connectionpool - DEBUG  - _make_request - https://climate.weather.gc.ca:443 "GET /climate_data/daily_data_e.html?StationID=27174&timeframe=2&StartYear=1840&EndYear=2018&Year=1998&Month=8 HTTP/1.1" 200 8281
2024-04-10 17:46:26,218 - urllib3.connectionpool - DEBUG  - _new_conn - Starting new HTTPS connection (1): climate.weather.gc.ca:443
2024-04-10 17:46:26,742 - urllib3.connectionpool - DEBUG  - _make_request - https://climate.weather.gc.ca:443 "GET /climate_data/daily_data_e.html?StationID=27174&timeframe=2&StartYear=1840&EndYear=2018&Year=1999&Month=7 HTTP/1.1" 200 8261
2024-04-10 17:46:26,750 - urllib3.connectionpool - DEBUG  - _new_conn - Starting new HTTPS connection (1): climate.weather.gc.ca:443
2024-04-10 17:46:27,255 - urllib3.connectionpool - DEBUG  - _make_request - https://climate.weather.gc.ca:443 "GET /climate_data/daily_data_e.html?StationID=27174&timeframe=2&StartYear=1840&EndYear=2018&Year=2003&Month=7 HTTP/1.1" 200 8268
2024-04-10 17:46:27,260 - urllib3.connectionpool - DEBUG  - _make_request - https://climate.weather.gc.ca:443 "GET /climate_data/daily_data_e.html?StationID=27174&timeframe=2&StartYear=1840&EndYear=2018&Year=2000&Month=7 HTTP/1.1" 200 8253
2024-04-10 17:46:27,268 - urllib3.connectionpool - DEBUG  - _new_conn - Starting new HTTPS connection (1): climate.weather.gc.ca:443
2024-04-10 17:46:27,271 - urllib3.connectionpool - DEBUG  - _new_conn - Starting new HTTPS connection (1): climate.weather.gc.ca:443
2024-04-10 17:46:27,431 - urllib3.connectionpool - DEBUG  - _make_request - https://climate.weather.gc.ca:443 "GET /climate_data/daily_data_e.html?StationID=27174&timeframe=2&StartYear=1840&EndYear=2018&Year=1997&Month=6 HTTP/1.1" 200 8219
2024-04-10 17:46:27,435 - urllib3.connectionpool - DEBUG  - _make_request - https://climate.weather.gc.ca:443 "GET /climate_data/daily_data_e.html?StationID=27174&timeframe=2&StartYear=1840&EndYear=2018&Year=1999&Month=6 HTTP/1.1" 200 8275
2024-04-10 17:46:27,444 - urllib3.connectionpool - DEBUG  - _new_conn - Starting new HTTPS connection (1): climate.weather.gc.ca:443
2024-04-10 17:46:27,445 - urllib3.connectionpool - DEBUG  - _new_conn - Starting new HTTPS connection (1): climate.weather.gc.ca:443
2024-04-10 17:46:27,729 - urllib3.connectionpool - DEBUG  - _make_request - https://climate.weather.gc.ca:443 "GET /climate_data/daily_data_e.html?StationID=27174&timeframe=2&StartYear=1840&EndYear=2018&Year=2001&Month=6 HTTP/1.1" 200 8242
2024-04-10 17:46:27,741 - urllib3.connectionpool - DEBUG  - _new_conn - Starting new HTTPS connection (1): climate.weather.gc.ca:443
2024-04-10 17:46:27,757 - urllib3.connectionpool - DEBUG  - _make_request - https://climate.weather.gc.ca:443 "GET /climate_data/daily_data_e.html?StationID=27174&timeframe=2&StartYear=1840&EndYear=2018&Year=2002&Month=7 HTTP/1.1" 200 8257
2024-04-10 17:46:27,767 - urllib3.connectionpool - DEBUG  - _new_conn - Starting new HTTPS connection (1): climate.weather.gc.ca:443
2024-04-10 17:46:28,335 - urllib3.connectionpool - DEBUG  - _make_request - https://climate.weather.gc.ca:443 "GET /climate_data/daily_data_e.html?StationID=27174&timeframe=2&StartYear=1840&EndYear=2018&Year=2000&Month=6 HTTP/1.1" 200 8261
2024-04-10 17:46:28,341 - urllib3.connectionpool - DEBUG  - _make_request - https://climate.weather.gc.ca:443 "GET /climate_data/daily_data_e.html?StationID=27174&timeframe=2&StartYear=1840&EndYear=2018&Year=2003&Month=6 HTTP/1.1" 200 8219
2024-04-10 17:46:28,341 - urllib3.connectionpool - DEBUG  - _make_request - https://climate.weather.gc.ca:443 "GET /climate_data/daily_data_e.html?StationID=27174&timeframe=2&StartYear=1840&EndYear=2018&Year=1997&Month=5 HTTP/1.1" 200 8253
2024-04-10 17:46:28,343 - urllib3.connectionpool - DEBUG  - _make_request - https://climate.weather.gc.ca:443 "GET /climate_data/daily_data_e.html?StationID=27174&timeframe=2&StartYear=1840&EndYear=2018&Year=2002&Month=6 HTTP/1.1" 200 8247
2024-04-10 17:46:28,351 - urllib3.connectionpool - DEBUG  - _make_request - https://climate.weather.gc.ca:443 "GET /climate_data/daily_data_e.html?StationID=27174&timeframe=2&StartYear=1840&EndYear=2018&Year=1998&Month=7 HTTP/1.1" 200 8260
2024-04-10 17:46:28,359 - urllib3.connectionpool - DEBUG  - _new_conn - Starting new HTTPS connection (1): climate.weather.gc.ca:443
2024-04-10 17:46:28,360 - urllib3.connectionpool - DEBUG  - _new_conn - Starting new HTTPS connection (1): climate.weather.gc.ca:443
2024-04-10 17:46:28,365 - urllib3.connectionpool - DEBUG  - _new_conn - Starting new HTTPS connection (1): climate.weather.gc.ca:443
2024-04-10 17:46:28,366 - urllib3.connectionpool - DEBUG  - _new_conn - Starting new HTTPS connection (1): climate.weather.gc.ca:443
2024-04-10 17:46:28,368 - urllib3.connectionpool - DEBUG  - _new_conn - Starting new HTTPS connection (1): climate.weather.gc.ca:443
2024-04-10 17:46:29,942 - urllib3.connectionpool - DEBUG  - _make_request - https://climate.weather.gc.ca:443 "GET /climate_data/daily_data_e.html?StationID=27174&timeframe=2&StartYear=1840&EndYear=2018&Year=1998&Month=6 HTTP/1.1" 200 8277
2024-04-10 17:46:29,950 - urllib3.connectionpool - DEBUG  - _new_conn - Starting new HTTPS connection (1): climate.weather.gc.ca:443
2024-04-10 17:46:30,029 - urllib3.connectionpool - DEBUG  - _make_request - https://climate.weather.gc.ca:443 "GET /climate_data/daily_data_e.html?StationID=27174&timeframe=2&StartYear=1840&EndYear=2018&Year=2003&Month=5 HTTP/1.1" 200 8238
2024-04-10 17:46:30,031 - urllib3.connectionpool - DEBUG  - _make_request - https://climate.weather.gc.ca:443 "GET /climate_data/daily_data_e.html?StationID=27174&timeframe=2&StartYear=1840&EndYear=2018&Year=2002&Month=5 HTTP/1.1" 200 8262
2024-04-10 17:46:30,041 - urllib3.connectionpool - DEBUG  - _new_conn - Starting new HTTPS connection (1): climate.weather.gc.ca:443
2024-04-10 17:46:30,043 - urllib3.connectionpool - DEBUG  - _new_conn - Starting new HTTPS connection (1): climate.weather.gc.ca:443
2024-04-10 17:46:30,221 - urllib3.connectionpool - DEBUG  - _make_request - https://climate.weather.gc.ca:443 "GET /climate_data/daily_data_e.html?StationID=27174&timeframe=2&StartYear=1840&EndYear=2018&Year=1999&Month=5 HTTP/1.1" 200 8253
2024-04-10 17:46:30,233 - urllib3.connectionpool - DEBUG  - _new_conn - Starting new HTTPS connection (1): climate.weather.gc.ca:443
2024-04-10 17:46:30,265 - urllib3.connectionpool - DEBUG  - _make_request - https://climate.weather.gc.ca:443 "GET /climate_data/daily_data_e.html?StationID=27174&timeframe=2&StartYear=1840&EndYear=2018&Year=2001&Month=5 HTTP/1.1" 200 8253
2024-04-10 17:46:30,276 - urllib3.connectionpool - DEBUG  - _new_conn - Starting new HTTPS connection (1): climate.weather.gc.ca:443
2024-04-10 17:46:31,033 - urllib3.connectionpool - DEBUG  - _make_request - https://climate.weather.gc.ca:443 "GET /climate_data/daily_data_e.html?StationID=27174&timeframe=2&StartYear=1840&EndYear=2018&Year=1997&Month=4 HTTP/1.1" 200 8304
2024-04-10 17:46:31,042 - urllib3.connectionpool - DEBUG  - _new_conn - Starting new HTTPS connection (1): climate.weather.gc.ca:443
2024-04-10 17:46:31,066 - urllib3.connectionpool - DEBUG  - _make_request - https://climate.weather.gc.ca:443 "GET /climate_data/daily_data_e.html?StationID=27174&timeframe=2&StartYear=1840&EndYear=2018&Year=2000&Month=5 HTTP/1.1" 200 8220
2024-04-10 17:46:31,075 - urllib3.connectionpool - DEBUG  - _new_conn - Starting new HTTPS connection (1): climate.weather.gc.ca:443
2024-04-10 17:46:31,103 - urllib3.connectionpool - DEBUG  - _make_request - https://climate.weather.gc.ca:443 "GET /climate_data/daily_data_e.html?StationID=27174&timeframe=2&StartYear=1840&EndYear=2018&Year=2003&Month=4 HTTP/1.1" 200 8262
2024-04-10 17:46:31,112 - urllib3.connectionpool - DEBUG  - _new_conn - Starting new HTTPS connection (1): climate.weather.gc.ca:443
2024-04-10 17:46:32,076 - urllib3.connectionpool - DEBUG  - _make_request - https://climate.weather.gc.ca:443 "GET /climate_data/daily_data_e.html?StationID=27174&timeframe=2&StartYear=1840&EndYear=2018&Year=2001&Month=4 HTTP/1.1" 200 8243
2024-04-10 17:46:32,081 - urllib3.connectionpool - DEBUG  - _make_request - https://climate.weather.gc.ca:443 "GET /climate_data/daily_data_e.html?StationID=27174&timeframe=2&StartYear=1840&EndYear=2018&Year=2002&Month=4 HTTP/1.1" 200 8273
2024-04-10 17:46:32,091 - urllib3.connectionpool - DEBUG  - _new_conn - Starting new HTTPS connection (1): climate.weather.gc.ca:443
2024-04-10 17:46:32,092 - urllib3.connectionpool - DEBUG  - _new_conn - Starting new HTTPS connection (1): climate.weather.gc.ca:443
2024-04-10 17:46:32,475 - urllib3.connectionpool - DEBUG  - _make_request - https://climate.weather.gc.ca:443 "GET /climate_data/daily_data_e.html?StationID=27174&timeframe=2&StartYear=1840&EndYear=2018&Year=1998&Month=5 HTTP/1.1" 200 8289
2024-04-10 17:46:32,482 - urllib3.connectionpool - DEBUG  - _new_conn - Starting new HTTPS connection (1): climate.weather.gc.ca:443
2024-04-10 17:46:32,751 - urllib3.connectionpool - DEBUG  - _make_request - https://climate.weather.gc.ca:443 "GET /climate_data/daily_data_e.html?StationID=27174&timeframe=2&StartYear=1840&EndYear=2018&Year=1999&Month=4 HTTP/1.1" 200 8225
2024-04-10 17:46:32,761 - urllib3.connectionpool - DEBUG  - _new_conn - Starting new HTTPS connection (1): climate.weather.gc.ca:443
2024-04-10 17:46:32,983 - urllib3.connectionpool - DEBUG  - _make_request - https://climate.weather.gc.ca:443 "GET /climate_data/daily_data_e.html?StationID=27174&timeframe=2&StartYear=1840&EndYear=2018&Year=1997&Month=3 HTTP/1.1" 200 8314
2024-04-10 17:46:32,999 - urllib3.connectionpool - DEBUG  - _new_conn - Starting new HTTPS connection (1): climate.weather.gc.ca:443
2024-04-10 17:46:33,597 - urllib3.connectionpool - DEBUG  - _make_request - https://climate.weather.gc.ca:443 "GET /climate_data/daily_data_e.html?StationID=27174&timeframe=2&StartYear=1840&EndYear=2018&Year=2002&Month=3 HTTP/1.1" 200 8181
2024-04-10 17:46:33,601 - urllib3.connectionpool - DEBUG  - _make_request - https://climate.weather.gc.ca:443 "GET /climate_data/daily_data_e.html?StationID=27174&timeframe=2&StartYear=1840&EndYear=2018&Year=2000&Month=4 HTTP/1.1" 200 8187
2024-04-10 17:46:33,609 - urllib3.connectionpool - DEBUG  - _new_conn - Starting new HTTPS connection (1): climate.weather.gc.ca:443
2024-04-10 17:46:33,613 - urllib3.connectionpool - DEBUG  - _new_conn - Starting new HTTPS connection (1): climate.weather.gc.ca:443
2024-04-10 17:46:33,619 - urllib3.connectionpool - DEBUG  - _make_request - https://climate.weather.gc.ca:443 "GET /climate_data/daily_data_e.html?StationID=27174&timeframe=2&StartYear=1840&EndYear=2018&Year=2003&Month=3 HTTP/1.1" 200 8202
2024-04-10 17:46:33,629 - urllib3.connectionpool - DEBUG  - _new_conn - Starting new HTTPS connection (1): climate.weather.gc.ca:443
2024-04-10 17:46:33,948 - urllib3.connectionpool - DEBUG  - _make_request - https://climate.weather.gc.ca:443 "GET /climate_data/daily_data_e.html?StationID=27174&timeframe=2&StartYear=1840&EndYear=2018&Year=1998&Month=4 HTTP/1.1" 200 8177
2024-04-10 17:46:33,960 - urllib3.connectionpool - DEBUG  - _new_conn - Starting new HTTPS connection (1): climate.weather.gc.ca:443
2024-04-10 17:46:34,236 - urllib3.connectionpool - DEBUG  - _make_request - https://climate.weather.gc.ca:443 "GET /climate_data/daily_data_e.html?StationID=27174&timeframe=2&StartYear=1840&EndYear=2018&Year=1999&Month=3 HTTP/1.1" 200 8278
2024-04-10 17:46:34,245 - urllib3.connectionpool - DEBUG  - _new_conn - Starting new HTTPS connection (1): climate.weather.gc.ca:443
2024-04-10 17:46:34,517 - urllib3.connectionpool - DEBUG  - _make_request - https://climate.weather.gc.ca:443 "GET /climate_data/daily_data_e.html?StationID=27174&timeframe=2&StartYear=1840&EndYear=2018&Year=1997&Month=2 HTTP/1.1" 200 8231
2024-04-10 17:46:34,528 - urllib3.connectionpool - DEBUG  - _new_conn - Starting new HTTPS connection (1): climate.weather.gc.ca:443
2024-04-10 17:46:34,637 - urllib3.connectionpool - DEBUG  - _make_request - https://climate.weather.gc.ca:443 "GET /climate_data/daily_data_e.html?StationID=27174&timeframe=2&StartYear=1840&EndYear=2018&Year=2001&Month=3 HTTP/1.1" 200 8261
2024-04-10 17:46:34,654 - urllib3.connectionpool - DEBUG  - _new_conn - Starting new HTTPS connection (1): climate.weather.gc.ca:443
2024-04-10 17:46:35,144 - urllib3.connectionpool - DEBUG  - _make_request - https://climate.weather.gc.ca:443 "GET /climate_data/daily_data_e.html?StationID=27174&timeframe=2&StartYear=1840&EndYear=2018&Year=2002&Month=2 HTTP/1.1" 200 8134
2024-04-10 17:46:35,154 - urllib3.connectionpool - DEBUG  - _new_conn - Starting new HTTPS connection (1): climate.weather.gc.ca:443
2024-04-10 17:46:35,196 - urllib3.connectionpool - DEBUG  - _make_request - https://climate.weather.gc.ca:443 "GET /climate_data/daily_data_e.html?StationID=27174&timeframe=2&StartYear=1840&EndYear=2018&Year=1998&Month=3 HTTP/1.1" 200 8349
2024-04-10 17:46:35,207 - urllib3.connectionpool - DEBUG  - _new_conn - Starting new HTTPS connection (1): climate.weather.gc.ca:443
2024-04-10 17:46:35,765 - urllib3.connectionpool - DEBUG  - _make_request - https://climate.weather.gc.ca:443 "GET /climate_data/daily_data_e.html?StationID=27174&timeframe=2&StartYear=1840&EndYear=2018&Year=1999&Month=2 HTTP/1.1" 200 8127
2024-04-10 17:46:35,775 - urllib3.connectionpool - DEBUG  - _new_conn - Starting new HTTPS connection (1): climate.weather.gc.ca:443
2024-04-10 17:46:36,158 - urllib3.connectionpool - DEBUG  - _make_request - https://climate.weather.gc.ca:443 "GET /climate_data/daily_data_e.html?StationID=27174&timeframe=2&StartYear=1840&EndYear=2018&Year=2003&Month=2 HTTP/1.1" 200 8145
2024-04-10 17:46:36,162 - urllib3.connectionpool - DEBUG  - _make_request - https://climate.weather.gc.ca:443 "GET /climate_data/daily_data_e.html?StationID=27174&timeframe=2&StartYear=1840&EndYear=2018&Year=2000&Month=3 HTTP/1.1" 200 8293
2024-04-10 17:46:36,166 - urllib3.connectionpool - DEBUG  - _make_request - https://climate.weather.gc.ca:443 "GET /climate_data/daily_data_e.html?StationID=27174&timeframe=2&StartYear=1840&EndYear=2018&Year=2001&Month=2 HTTP/1.1" 200 8151
2024-04-10 17:46:36,176 - urllib3.connectionpool - DEBUG  - _new_conn - Starting new HTTPS connection (1): climate.weather.gc.ca:443
2024-04-10 17:46:36,177 - urllib3.connectionpool - DEBUG  - _new_conn - Starting new HTTPS connection (1): climate.weather.gc.ca:443
2024-04-10 17:46:36,179 - urllib3.connectionpool - DEBUG  - _new_conn - Starting new HTTPS connection (1): climate.weather.gc.ca:443
2024-04-10 17:46:36,654 - urllib3.connectionpool - DEBUG  - _make_request - https://climate.weather.gc.ca:443 "GET /climate_data/daily_data_e.html?StationID=27174&timeframe=2&StartYear=1840&EndYear=2018&Year=2002&Month=1 HTTP/1.1" 200 8205
2024-04-10 17:46:36,979 - urllib3.connectionpool - DEBUG  - _make_request - https://climate.weather.gc.ca:443 "GET /climate_data/daily_data_e.html?StationID=27174&timeframe=2&StartYear=1840&EndYear=2018&Year=1997&Month=1 HTTP/1.1" 200 6541
2024-04-10 17:46:36,985 - urllib3.connectionpool - DEBUG  - _new_conn - Starting new HTTPS connection (1): climate.weather.gc.ca:443
2024-04-10 17:46:37,679 - urllib3.connectionpool - DEBUG  - _make_request - https://climate.weather.gc.ca:443 "GET /climate_data/daily_data_e.html?StationID=27174&timeframe=2&StartYear=1840&EndYear=2018&Year=1998&Month=2 HTTP/1.1" 200 8062
2024-04-10 17:46:37,681 - urllib3.connectionpool - DEBUG  - _make_request - https://climate.weather.gc.ca:443 "GET /climate_data/daily_data_e.html?StationID=27174&timeframe=2&StartYear=1840&EndYear=2018&Year=1996&Month=12 HTTP/1.1" 200 6449
2024-04-10 17:46:37,692 - urllib3.connectionpool - DEBUG  - _new_conn - Starting new HTTPS connection (1): climate.weather.gc.ca:443
2024-04-10 17:46:37,694 - urllib3.connectionpool - DEBUG  - _new_conn - Starting new HTTPS connection (1): climate.weather.gc.ca:443
2024-04-10 17:46:37,729 - urllib3.connectionpool - DEBUG  - _make_request - https://climate.weather.gc.ca:443 "GET /climate_data/daily_data_e.html?StationID=27174&timeframe=2&StartYear=1840&EndYear=2018&Year=2003&Month=1 HTTP/1.1" 200 8230
2024-04-10 17:46:37,758 - urllib3.connectionpool - DEBUG  - _make_request - https://climate.weather.gc.ca:443 "GET /climate_data/daily_data_e.html?StationID=27174&timeframe=2&StartYear=1840&EndYear=2018&Year=2000&Month=2 HTTP/1.1" 200 8153
2024-04-10 17:46:37,764 - urllib3.connectionpool - DEBUG  - _make_request - https://climate.weather.gc.ca:443 "GET /climate_data/daily_data_e.html?StationID=27174&timeframe=2&StartYear=1840&EndYear=2018&Year=2001&Month=1 HTTP/1.1" 200 8201
2024-04-10 17:46:37,771 - urllib3.connectionpool - DEBUG  - _new_conn - Starting new HTTPS connection (1): climate.weather.gc.ca:443
2024-04-10 17:46:38,241 - urllib3.connectionpool - DEBUG  - _make_request - https://climate.weather.gc.ca:443 "GET /climate_data/daily_data_e.html?StationID=27174&timeframe=2&StartYear=1840&EndYear=2018&Year=1999&Month=1 HTTP/1.1" 200 8295
2024-04-10 17:46:39,385 - urllib3.connectionpool - DEBUG  - _make_request - https://climate.weather.gc.ca:443 "GET /climate_data/daily_data_e.html?StationID=27174&timeframe=2&StartYear=1840&EndYear=2018&Year=1996&Month=11 HTTP/1.1" 200 8224
2024-04-10 17:46:39,395 - prod_util - ERROR  - system_log - 
Error: could not convert string to float: '\xa0'
Function Name: _format_payload_for_insert
Data Corruption:
('-9.1', 'WINNIPEG A CS', ' MANITOBA ', '-25.2', '-17.2', 'December 31, 1997')


2024-04-10 17:46:39,396 - prod_util - ERROR  - system_log - 
Error: time data '\xa0' does not match format '%B %d, %Y'
Function Name: _strptime
Data Corruption:
('-25.2', 'WINNIPEG A CS', ' MANITOBA ', '-17.2', 'December 31, 1997', '\xa0')


2024-04-10 17:46:39,397 - prod_util - ERROR  - system_log - 
Error: could not convert string to float: '\xa0'
Function Name: _format_payload_for_insert
Data Corruption:
('5.4', 'WINNIPEG A CS', ' MANITOBA ', '-4.9', '0.3', 'November 30, 1997')


2024-04-10 17:46:39,397 - prod_util - ERROR  - system_log - 
Error: time data '\xa0' does not match format '%B %d, %Y'
Function Name: _strptime
Data Corruption:
('-4.9', 'WINNIPEG A CS', ' MANITOBA ', '0.3', 'November 30, 1997', '\xa0')


2024-04-10 17:46:40,235 - urllib3.connectionpool - DEBUG  - _make_request - https://climate.weather.gc.ca:443 "GET /climate_data/daily_data_e.html?StationID=27174&timeframe=2&StartYear=1840&EndYear=2018&Year=1998&Month=1 HTTP/1.1" 200 8372
2024-04-10 17:46:40,247 - prod_util - ERROR  - system_log - 
Error: could not convert string to float: 'November 7, 1998'
Function Name: _format_payload_for_insert
Data Corruption:
('-2.2', 'WINNIPEG A CS', ' MANITOBA ', '-5.6', '-3.9', 'November 6, 1998')


2024-04-10 17:46:40,248 - prod_util - ERROR  - system_log - 
Error: time data '-5.6' does not match format '%B %d, %Y'
Function Name: _strptime
Data Corruption:
('-5.6', 'WINNIPEG A CS', ' MANITOBA ', '-3.9', 'November 6, 1998', '-5.6')


2024-04-10 17:46:40,248 - prod_util - ERROR  - system_log - 
Error: could not convert string to float: '\xa0'
Function Name: _format_payload_for_insert
Data Corruption:
('6.9', 'WINNIPEG A CS', ' MANITOBA ', '-5.4', '0.8', 'November 24, 1998')


2024-04-10 17:46:40,248 - prod_util - ERROR  - system_log - 
Error: time data '-7.4' does not match format '%B %d, %Y'
Function Name: _strptime
Data Corruption:
('-5.4', 'WINNIPEG A CS', ' MANITOBA ', '0.8', 'November 24, 1998', '-7.4')


2024-04-10 17:46:40,249 - prod_util - ERROR  - system_log - 
Error: time data '\xa0' does not match format '%B %d, %Y'
Function Name: _strptime
Data Corruption:
('0.8', 'WINNIPEG A CS', ' MANITOBA ', 'November 24, 1998', '-7.4', '\xa0')


2024-04-10 17:46:40,249 - prod_util - ERROR  - system_log - 
Error: time data '\xa0' does not match format '%B %d, %Y'
Function Name: _strptime
Data Corruption:
('November 24, 1998', 'WINNIPEG A CS', ' MANITOBA ', '-7.4', '\xa0', '\xa0')


2024-04-10 17:46:40,249 - prod_util - ERROR  - system_log - 
Error: time data '\xa0' does not match format '%B %d, %Y'
Function Name: _strptime
Data Corruption:
('-7.4', 'WINNIPEG A CS', ' MANITOBA ', '\xa0', '\xa0', '\xa0')


2024-04-10 17:46:40,249 - prod_util - ERROR  - system_log - 
Error: time data '\xa0' does not match format '%B %d, %Y'
Function Name: _strptime
Data Corruption:
('\xa0', 'WINNIPEG A CS', ' MANITOBA ', '\xa0', '\xa0', '\xa0')


2024-04-10 17:46:40,250 - prod_util - ERROR  - system_log - 
Error: time data '\xa0' does not match format '%B %d, %Y'
Function Name: _strptime
Data Corruption:
('\xa0', 'WINNIPEG A CS', ' MANITOBA ', '\xa0', '\xa0', '\xa0')


2024-04-10 17:46:40,250 - prod_util - ERROR  - system_log - 
Error: time data '\xa0' does not match format '%B %d, %Y'
Function Name: _strptime
Data Corruption:
('\xa0', 'WINNIPEG A CS', ' MANITOBA ', '\xa0', '\xa0', '\xa0')


2024-04-10 17:46:40,250 - prod_util - ERROR  - system_log - 
Error: time data '\xa0' does not match format '%B %d, %Y'
Function Name: _strptime
Data Corruption:
('\xa0', 'WINNIPEG A CS', ' MANITOBA ', '\xa0', '\xa0', '\xa0')


2024-04-10 17:46:40,251 - prod_util - ERROR  - system_log - 
Error: time data '\xa0' does not match format '%B %d, %Y'
Function Name: _strptime
Data Corruption:
('\xa0', 'WINNIPEG A CS', ' MANITOBA ', '\xa0', '\xa0', '\xa0')


2024-04-10 17:46:40,251 - prod_util - ERROR  - system_log - 
Error: time data '\xa0' does not match format '%B %d, %Y'
Function Name: _strptime
Data Corruption:
('\xa0', 'WINNIPEG A CS', ' MANITOBA ', '\xa0', '\xa0', '\xa0')


2024-04-10 17:46:40,251 - prod_util - ERROR  - system_log - 
Error: time data '\xa0' does not match format '%B %d, %Y'
Function Name: _strptime
Data Corruption:
('\xa0', 'WINNIPEG A CS', ' MANITOBA ', '\xa0', '\xa0', '\xa0')


2024-04-10 17:46:40,252 - prod_util - ERROR  - system_log - 
Error: time data '\xa0' does not match format '%B %d, %Y'
Function Name: _strptime
Data Corruption:
('\xa0', 'WINNIPEG A CS', ' MANITOBA ', '\xa0', '\xa0', '\xa0')


2024-04-10 17:46:40,252 - prod_util - ERROR  - system_log - 
Error: time data '\xa0' does not match format '%B %d, %Y'
Function Name: _strptime
Data Corruption:
('\xa0', 'WINNIPEG A CS', ' MANITOBA ', '\xa0', '\xa0', '\xa0')


2024-04-10 17:46:40,252 - prod_util - ERROR  - system_log - 
Error: time data '\xa0' does not match format '%B %d, %Y'
Function Name: _strptime
Data Corruption:
('\xa0', 'WINNIPEG A CS', ' MANITOBA ', '\xa0', '\xa0', '\xa0')


2024-04-10 17:46:40,252 - prod_util - ERROR  - system_log - 
Error: time data '\xa0' does not match format '%B %d, %Y'
Function Name: _strptime
Data Corruption:
('\xa0', 'WINNIPEG A CS', ' MANITOBA ', '\xa0', '\xa0', '\xa0')


2024-04-10 17:46:40,253 - prod_util - ERROR  - system_log - 
Error: time data '\xa0' does not match format '%B %d, %Y'
Function Name: _strptime
Data Corruption:
('\xa0', 'WINNIPEG A CS', ' MANITOBA ', '\xa0', '\xa0', '\xa0')


2024-04-10 17:46:40,253 - prod_util - ERROR  - system_log - 
Error: time data '\xa0' does not match format '%B %d, %Y'
Function Name: _strptime
Data Corruption:
('\xa0', 'WINNIPEG A CS', ' MANITOBA ', '\xa0', '\xa0', '\xa0')


2024-04-10 17:46:40,253 - prod_util - ERROR  - system_log - 
Error: time data '\xa0' does not match format '%B %d, %Y'
Function Name: _strptime
Data Corruption:
('\xa0', 'WINNIPEG A CS', ' MANITOBA ', '\xa0', '\xa0', '\xa0')


2024-04-10 17:46:40,253 - prod_util - ERROR  - system_log - 
Error: time data '\xa0' does not match format '%B %d, %Y'
Function Name: _strptime
Data Corruption:
('\xa0', 'WINNIPEG A CS', ' MANITOBA ', '\xa0', '\xa0', '\xa0')


2024-04-10 17:46:40,263 - prod_util - ERROR  - system_log - 
Error: could not convert string to float: '\xa0'
Function Name: _format_payload_for_insert
Data Corruption:
('-12.3', 'WINNIPEG A CS', ' MANITOBA ', '-22.4', '-17.4', 'February 4, 1998')


2024-04-10 17:46:40,264 - prod_util - ERROR  - system_log - 
Error: time data '\xa0' does not match format '%B %d, %Y'
Function Name: _strptime
Data Corruption:
('-22.4', 'WINNIPEG A CS', ' MANITOBA ', '-17.4', 'February 4, 1998', '\xa0')


2024-04-10 17:46:40,264 - prod_util - ERROR  - system_log - 
Error: could not convert string to float: '\xa0'
Function Name: _format_payload_for_insert
Data Corruption:
('-17.4', 'WINNIPEG A CS', ' MANITOBA ', 'February 4, 1998', '\xa0', 'February 5, 1998')


2024-04-10 17:46:40,265 - prod_util - ERROR  - system_log - 
Error: time data '\xa0' does not match format '%B %d, %Y'
Function Name: _strptime
Data Corruption:
('February 4, 1998', 'WINNIPEG A CS', ' MANITOBA ', '\xa0', 'February 5, 1998', '\xa0')


2024-04-10 17:46:40,265 - prod_util - ERROR  - system_log - 
Error: could not convert string to float: '\xa0'
Function Name: _format_payload_for_insert
Data Corruption:
('\xa0', 'WINNIPEG A CS', ' MANITOBA ', 'February 5, 1998', '\xa0', 'February 6, 1998')


2024-04-10 17:46:40,266 - prod_util - ERROR  - system_log - 
Error: time data '\xa0' does not match format '%B %d, %Y'
Function Name: _strptime
Data Corruption:
('February 5, 1998', 'WINNIPEG A CS', ' MANITOBA ', '\xa0', 'February 6, 1998', '\xa0')


2024-04-10 17:46:40,266 - prod_util - ERROR  - system_log - 
Error: could not convert string to float: '\xa0'
Function Name: _format_payload_for_insert
Data Corruption:
('\xa0', 'WINNIPEG A CS', ' MANITOBA ', 'February 6, 1998', '\xa0', 'February 7, 1998')


2024-04-10 17:46:40,266 - prod_util - ERROR  - system_log - 
Error: time data '\xa0' does not match format '%B %d, %Y'
Function Name: _strptime
Data Corruption:
('February 6, 1998', 'WINNIPEG A CS', ' MANITOBA ', '\xa0', 'February 7, 1998', '\xa0')


2024-04-10 17:46:40,266 - prod_util - ERROR  - system_log - 
Error: could not convert string to float: '\xa0'
Function Name: _format_payload_for_insert
Data Corruption:
('\xa0', 'WINNIPEG A CS', ' MANITOBA ', 'February 7, 1998', '\xa0', 'February 8, 1998')


2024-04-10 17:46:40,267 - prod_util - ERROR  - system_log - 
Error: time data '\xa0' does not match format '%B %d, %Y'
Function Name: _strptime
Data Corruption:
('February 7, 1998', 'WINNIPEG A CS', ' MANITOBA ', '\xa0', 'February 8, 1998', '\xa0')


2024-04-10 17:46:40,267 - prod_util - ERROR  - system_log - 
Error: could not convert string to float: '\xa0'
Function Name: _format_payload_for_insert
Data Corruption:
('\xa0', 'WINNIPEG A CS', ' MANITOBA ', 'February 8, 1998', '\xa0', 'February 9, 1998')


2024-04-10 17:46:40,267 - prod_util - ERROR  - system_log - 
Error: time data '\xa0' does not match format '%B %d, %Y'
Function Name: _strptime
Data Corruption:
('February 8, 1998', 'WINNIPEG A CS', ' MANITOBA ', '\xa0', 'February 9, 1998', '\xa0')


2024-04-10 17:46:40,268 - prod_util - ERROR  - system_log - 
Error: could not convert string to float: '\xa0'
Function Name: _format_payload_for_insert
Data Corruption:
('\xa0', 'WINNIPEG A CS', ' MANITOBA ', 'February 9, 1998', '\xa0', 'February 10, 1998')


2024-04-10 17:46:40,268 - prod_util - ERROR  - system_log - 
Error: time data '\xa0' does not match format '%B %d, %Y'
Function Name: _strptime
Data Corruption:
('February 9, 1998', 'WINNIPEG A CS', ' MANITOBA ', '\xa0', 'February 10, 1998', '\xa0')


2024-04-10 17:46:40,268 - prod_util - ERROR  - system_log - 
Error: could not convert string to float: '\xa0'
Function Name: _format_payload_for_insert
Data Corruption:
('\xa0', 'WINNIPEG A CS', ' MANITOBA ', 'February 10, 1998', '\xa0', 'February 11, 1998')


2024-04-10 17:46:40,268 - prod_util - ERROR  - system_log - 
Error: time data '\xa0' does not match format '%B %d, %Y'
Function Name: _strptime
Data Corruption:
('February 10, 1998', 'WINNIPEG A CS', ' MANITOBA ', '\xa0', 'February 11, 1998', '\xa0')


2024-04-10 17:46:40,269 - prod_util - ERROR  - system_log - 
Error: could not convert string to float: '\xa0'
Function Name: _format_payload_for_insert
Data Corruption:
('\xa0', 'WINNIPEG A CS', ' MANITOBA ', 'February 11, 1998', '\xa0', 'February 12, 1998')


2024-04-10 17:46:40,269 - prod_util - ERROR  - system_log - 
Error: time data '\xa0' does not match format '%B %d, %Y'
Function Name: _strptime
Data Corruption:
('February 11, 1998', 'WINNIPEG A CS', ' MANITOBA ', '\xa0', 'February 12, 1998', '\xa0')


2024-04-10 17:46:40,269 - prod_util - ERROR  - system_log - 
Error: could not convert string to float: '\xa0'
Function Name: _format_payload_for_insert
Data Corruption:
('\xa0', 'WINNIPEG A CS', ' MANITOBA ', 'February 12, 1998', '\xa0', 'February 13, 1998')


2024-04-10 17:46:40,269 - prod_util - ERROR  - system_log - 
Error: time data '\xa0' does not match format '%B %d, %Y'
Function Name: _strptime
Data Corruption:
('February 12, 1998', 'WINNIPEG A CS', ' MANITOBA ', '\xa0', 'February 13, 1998', '\xa0')


2024-04-10 17:46:40,270 - prod_util - ERROR  - system_log - 
Error: could not convert string to float: '\xa0'
Function Name: _format_payload_for_insert
Data Corruption:
('\xa0', 'WINNIPEG A CS', ' MANITOBA ', 'February 13, 1998', '\xa0', 'February 14, 1998')


2024-04-10 17:46:40,270 - prod_util - ERROR  - system_log - 
Error: time data '\xa0' does not match format '%B %d, %Y'
Function Name: _strptime
Data Corruption:
('February 13, 1998', 'WINNIPEG A CS', ' MANITOBA ', '\xa0', 'February 14, 1998', '\xa0')


2024-04-10 17:46:40,270 - prod_util - ERROR  - system_log - 
Error: could not convert string to float: '\xa0'
Function Name: _format_payload_for_insert
Data Corruption:
('\xa0', 'WINNIPEG A CS', ' MANITOBA ', 'February 14, 1998', '\xa0', 'February 15, 1998')


2024-04-10 17:46:40,270 - prod_util - ERROR  - system_log - 
Error: time data '\xa0' does not match format '%B %d, %Y'
Function Name: _strptime
Data Corruption:
('February 14, 1998', 'WINNIPEG A CS', ' MANITOBA ', '\xa0', 'February 15, 1998', '\xa0')


2024-04-10 17:46:40,271 - prod_util - ERROR  - system_log - 
Error: could not convert string to float: '\xa0'
Function Name: _format_payload_for_insert
Data Corruption:
('\xa0', 'WINNIPEG A CS', ' MANITOBA ', 'February 15, 1998', '\xa0', 'February 16, 1998')


2024-04-10 17:46:40,271 - prod_util - ERROR  - system_log - 
Error: time data '\xa0' does not match format '%B %d, %Y'
Function Name: _strptime
Data Corruption:
('February 15, 1998', 'WINNIPEG A CS', ' MANITOBA ', '\xa0', 'February 16, 1998', '\xa0')


2024-04-10 17:46:40,271 - prod_util - ERROR  - system_log - 
Error: could not convert string to float: '\xa0'
Function Name: _format_payload_for_insert
Data Corruption:
('\xa0', 'WINNIPEG A CS', ' MANITOBA ', 'February 16, 1998', '\xa0', 'February 17, 1998')


2024-04-10 17:46:40,272 - prod_util - ERROR  - system_log - 
Error: time data '\xa0' does not match format '%B %d, %Y'
Function Name: _strptime
Data Corruption:
('February 16, 1998', 'WINNIPEG A CS', ' MANITOBA ', '\xa0', 'February 17, 1998', '\xa0')


2024-04-10 17:46:40,272 - prod_util - ERROR  - system_log - 
Error: could not convert string to float: '\xa0'
Function Name: _format_payload_for_insert
Data Corruption:
('\xa0', 'WINNIPEG A CS', ' MANITOBA ', 'February 17, 1998', '\xa0', 'February 18, 1998')


2024-04-10 17:46:40,273 - prod_util - ERROR  - system_log - 
Error: time data '\xa0' does not match format '%B %d, %Y'
Function Name: _strptime
Data Corruption:
('February 17, 1998', 'WINNIPEG A CS', ' MANITOBA ', '\xa0', 'February 18, 1998', '\xa0')


2024-04-10 17:46:40,273 - prod_util - ERROR  - system_log - 
Error: could not convert string to float: '\xa0'
Function Name: _format_payload_for_insert
Data Corruption:
('\xa0', 'WINNIPEG A CS', ' MANITOBA ', 'February 18, 1998', '\xa0', 'February 19, 1998')


2024-04-10 17:46:40,273 - prod_util - ERROR  - system_log - 
Error: time data '\xa0' does not match format '%B %d, %Y'
Function Name: _strptime
Data Corruption:
('February 18, 1998', 'WINNIPEG A CS', ' MANITOBA ', '\xa0', 'February 19, 1998', '\xa0')


2024-04-10 17:46:40,274 - prod_util - ERROR  - system_log - 
Error: could not convert string to float: '\xa0'
Function Name: _format_payload_for_insert
Data Corruption:
('\xa0', 'WINNIPEG A CS', ' MANITOBA ', 'February 19, 1998', '\xa0', 'February 20, 1998')


2024-04-10 17:46:40,274 - prod_util - ERROR  - system_log - 
Error: time data '\xa0' does not match format '%B %d, %Y'
Function Name: _strptime
Data Corruption:
('February 19, 1998', 'WINNIPEG A CS', ' MANITOBA ', '\xa0', 'February 20, 1998', '\xa0')


2024-04-10 17:46:40,274 - prod_util - ERROR  - system_log - 
Error: could not convert string to float: '\xa0'
Function Name: _format_payload_for_insert
Data Corruption:
('\xa0', 'WINNIPEG A CS', ' MANITOBA ', 'February 20, 1998', '\xa0', 'February 21, 1998')


2024-04-10 17:46:40,274 - prod_util - ERROR  - system_log - 
Error: time data '\xa0' does not match format '%B %d, %Y'
Function Name: _strptime
Data Corruption:
('February 20, 1998', 'WINNIPEG A CS', ' MANITOBA ', '\xa0', 'February 21, 1998', '\xa0')


2024-04-10 17:46:40,274 - prod_util - ERROR  - system_log - 
Error: could not convert string to float: '\xa0'
Function Name: _format_payload_for_insert
Data Corruption:
('\xa0', 'WINNIPEG A CS', ' MANITOBA ', 'February 21, 1998', '\xa0', 'February 22, 1998')


2024-04-10 17:46:40,274 - prod_util - ERROR  - system_log - 
Error: time data '\xa0' does not match format '%B %d, %Y'
Function Name: _strptime
Data Corruption:
('February 21, 1998', 'WINNIPEG A CS', ' MANITOBA ', '\xa0', 'February 22, 1998', '\xa0')


2024-04-10 17:46:40,275 - prod_util - ERROR  - system_log - 
Error: could not convert string to float: '\xa0'
Function Name: _format_payload_for_insert
Data Corruption:
('\xa0', 'WINNIPEG A CS', ' MANITOBA ', 'February 22, 1998', '\xa0', 'February 23, 1998')


2024-04-10 17:46:40,275 - prod_util - ERROR  - system_log - 
Error: time data '\xa0' does not match format '%B %d, %Y'
Function Name: _strptime
Data Corruption:
('February 22, 1998', 'WINNIPEG A CS', ' MANITOBA ', '\xa0', 'February 23, 1998', '\xa0')


2024-04-10 17:46:40,275 - prod_util - ERROR  - system_log - 
Error: could not convert string to float: '\xa0'
Function Name: _format_payload_for_insert
Data Corruption:
('\xa0', 'WINNIPEG A CS', ' MANITOBA ', 'February 23, 1998', '\xa0', 'February 24, 1998')


2024-04-10 17:46:40,275 - prod_util - ERROR  - system_log - 
Error: time data '\xa0' does not match format '%B %d, %Y'
Function Name: _strptime
Data Corruption:
('February 23, 1998', 'WINNIPEG A CS', ' MANITOBA ', '\xa0', 'February 24, 1998', '\xa0')


2024-04-10 17:46:40,277 - prod_util - ERROR  - system_log - 
Error: could not convert string to float: '\xa0'
Function Name: _format_payload_for_insert
Data Corruption:
('\xa0', 'WINNIPEG A CS', ' MANITOBA ', 'February 24, 1998', '\xa0', 'February 25, 1998')


2024-04-10 17:46:40,277 - prod_util - ERROR  - system_log - 
Error: time data '\xa0' does not match format '%B %d, %Y'
Function Name: _strptime
Data Corruption:
('February 24, 1998', 'WINNIPEG A CS', ' MANITOBA ', '\xa0', 'February 25, 1998', '\xa0')


2024-04-10 17:46:40,277 - prod_util - ERROR  - system_log - 
Error: could not convert string to float: '\xa0'
Function Name: _format_payload_for_insert
Data Corruption:
('1.0', 'WINNIPEG A CS', ' MANITOBA ', '-0.2', '0.4', 'February 28, 1998')


2024-04-10 17:46:40,277 - prod_util - ERROR  - system_log - 
Error: time data '\xa0' does not match format '%B %d, %Y'
Function Name: _strptime
Data Corruption:
('-0.2', 'WINNIPEG A CS', ' MANITOBA ', '0.4', 'February 28, 1998', '\xa0')


2024-04-10 17:46:40,279 - prod_util - ERROR  - system_log - 
Error: could not convert string to float: '\xa0'
Function Name: _format_payload_for_insert
Data Corruption:
('-3.7', 'WINNIPEG A CS', ' MANITOBA ', '-7.9', '-5.8', 'January 31, 1998')


2024-04-10 17:46:40,279 - prod_util - ERROR  - system_log - 
Error: time data '\xa0' does not match format '%B %d, %Y'
Function Name: _strptime
Data Corruption:
('-7.9', 'WINNIPEG A CS', ' MANITOBA ', '-5.8', 'January 31, 1998', '\xa0')


2024-04-10 17:46:40,300 - urllib3.connectionpool - DEBUG  - _make_request - https://climate.weather.gc.ca:443 "GET /climate_data/daily_data_e.html?StationID=27174&timeframe=2&StartYear=1840&EndYear=2018&Year=2000&Month=1 HTTP/1.1" 200 8216
2024-04-10 17:46:40,331 - prod_util - ERROR  - system_log - 
Error: could not convert string to float: 'January 11, 2024'
Function Name: _format_payload_for_insert
Data Corruption:
('-13.1', 'WINNIPEG A CS', ' MANITOBA ', '-25.8', '-19.4', 'January 10, 2024')


2024-04-10 17:47:19,610 - matplotlib.pyplot - DEBUG  - switch_backend - Loaded backend tkagg version 8.6.
2024-04-10 17:47:19,930 - PIL.PngImagePlugin - DEBUG  - call - STREAM b'IHDR' 16 13
2024-04-10 17:47:19,930 - PIL.PngImagePlugin - DEBUG  - call - STREAM b'sBIT' 41 4
2024-04-10 17:47:19,930 - PIL.PngImagePlugin - DEBUG  - _open - b'sBIT' 41 4 (unknown)
2024-04-10 17:47:19,930 - PIL.PngImagePlugin - DEBUG  - call - STREAM b'pHYs' 57 9
2024-04-10 17:47:19,930 - PIL.PngImagePlugin - DEBUG  - call - STREAM b'IDAT' 78 1189
2024-04-10 17:47:19,957 - PIL.PngImagePlugin - DEBUG  - call - STREAM b'IHDR' 16 13
2024-04-10 17:47:19,957 - PIL.PngImagePlugin - DEBUG  - call - STREAM b'sBIT' 41 4
2024-04-10 17:47:19,957 - PIL.PngImagePlugin - DEBUG  - _open - b'sBIT' 41 4 (unknown)
2024-04-10 17:47:19,957 - PIL.PngImagePlugin - DEBUG  - call - STREAM b'pHYs' 57 9
2024-04-10 17:47:19,957 - PIL.PngImagePlugin - DEBUG  - call - STREAM b'IDAT' 78 2994
2024-04-10 17:47:19,983 - PIL.PngImagePlugin - DEBUG  - call - STREAM b'IHDR' 16 13
2024-04-10 17:47:19,983 - PIL.PngImagePlugin - DEBUG  - call - STREAM b'sBIT' 41 4
2024-04-10 17:47:19,983 - PIL.PngImagePlugin - DEBUG  - _open - b'sBIT' 41 4 (unknown)
2024-04-10 17:47:19,983 - PIL.PngImagePlugin - DEBUG  - call - STREAM b'pHYs' 57 9
2024-04-10 17:47:19,983 - PIL.PngImagePlugin - DEBUG  - call - STREAM b'IDAT' 78 374
2024-04-10 17:47:19,991 - PIL.PngImagePlugin - DEBUG  - call - STREAM b'IHDR' 16 13
2024-04-10 17:47:19,991 - PIL.PngImagePlugin - DEBUG  - call - STREAM b'sBIT' 41 4
2024-04-10 17:47:19,991 - PIL.PngImagePlugin - DEBUG  - _open - b'sBIT' 41 4 (unknown)
2024-04-10 17:47:19,991 - PIL.PngImagePlugin - DEBUG  - call - STREAM b'pHYs' 57 9
2024-04-10 17:47:19,991 - PIL.PngImagePlugin - DEBUG  - call - STREAM b'IDAT' 78 286
2024-04-10 17:47:19,997 - PIL.PngImagePlugin - DEBUG  - call - STREAM b'IHDR' 16 13
2024-04-10 17:47:19,997 - PIL.PngImagePlugin - DEBUG  - call - STREAM b'sBIT' 41 4
2024-04-10 17:47:19,997 - PIL.PngImagePlugin - DEBUG  - _open - b'sBIT' 41 4 (unknown)
2024-04-10 17:47:19,997 - PIL.PngImagePlugin - DEBUG  - call - STREAM b'pHYs' 57 9
2024-04-10 17:47:19,997 - PIL.PngImagePlugin - DEBUG  - call - STREAM b'IDAT' 78 263
2024-04-10 17:47:20,003 - PIL.PngImagePlugin - DEBUG  - call - STREAM b'IHDR' 16 13
2024-04-10 17:47:20,003 - PIL.PngImagePlugin - DEBUG  - call - STREAM b'sBIT' 41 4
2024-04-10 17:47:20,003 - PIL.PngImagePlugin - DEBUG  - _open - b'sBIT' 41 4 (unknown)
2024-04-10 17:47:20,003 - PIL.PngImagePlugin - DEBUG  - call - STREAM b'pHYs' 57 9
2024-04-10 17:47:20,003 - PIL.PngImagePlugin - DEBUG  - call - STREAM b'IDAT' 78 387
2024-04-10 17:47:20,008 - PIL.PngImagePlugin - DEBUG  - call - STREAM b'IHDR' 16 13
2024-04-10 17:47:20,008 - PIL.PngImagePlugin - DEBUG  - call - STREAM b'sBIT' 41 4
2024-04-10 17:47:20,008 - PIL.PngImagePlugin - DEBUG  - _open - b'sBIT' 41 4 (unknown)
2024-04-10 17:47:20,009 - PIL.PngImagePlugin - DEBUG  - call - STREAM b'pHYs' 57 9
2024-04-10 17:47:20,009 - PIL.PngImagePlugin - DEBUG  - call - STREAM b'IDAT' 78 436
2024-04-10 17:47:20,014 - PIL.PngImagePlugin - DEBUG  - call - STREAM b'IHDR' 16 13
2024-04-10 17:47:20,014 - PIL.PngImagePlugin - DEBUG  - call - STREAM b'sBIT' 41 4
2024-04-10 17:47:20,014 - PIL.PngImagePlugin - DEBUG  - _open - b'sBIT' 41 4 (unknown)
2024-04-10 17:47:20,014 - PIL.PngImagePlugin - DEBUG  - call - STREAM b'pHYs' 57 9
2024-04-10 17:47:20,014 - PIL.PngImagePlugin - DEBUG  - call - STREAM b'IDAT' 78 351
2024-04-10 17:47:20,020 - PIL.PngImagePlugin - DEBUG  - call - STREAM b'IHDR' 16 13
2024-04-10 17:47:20,020 - PIL.PngImagePlugin - DEBUG  - call - STREAM b'sBIT' 41 4
2024-04-10 17:47:20,020 - PIL.PngImagePlugin - DEBUG  - _open - b'sBIT' 41 4 (unknown)
2024-04-10 17:47:20,020 - PIL.PngImagePlugin - DEBUG  - call - STREAM b'pHYs' 57 9
2024-04-10 17:47:20,020 - PIL.PngImagePlugin - DEBUG  - call - STREAM b'IDAT' 78 364
2024-04-10 17:47:20,023 - matplotlib.font_manager - DEBUG  - _findfont_cached - findfont: Matching sans\-serif:style=normal:variant=normal:weight=normal:stretch=normal:size=10.0.
2024-04-10 17:47:20,024 - matplotlib.font_manager - DEBUG  - _findfont_cached - findfont: score(FontEntry(fname='S:\\RRC\\Documents\\BIT\\winter24\\python\\final\\weather-processing-app-group_09\\dist\\weather_processor\\_internal\\matplotlib\\mpl-data\\fonts\\ttf\\STIXSizOneSymBol.ttf', name='STIXSizeOneSym', style='normal', variant='normal', weight=700, stretch='normal', size='scalable')) = 10.335
2024-04-10 17:47:20,024 - matplotlib.font_manager - DEBUG  - _findfont_cached - findfont: score(FontEntry(fname='S:\\RRC\\Documents\\BIT\\winter24\\python\\final\\weather-processing-app-group_09\\dist\\weather_processor\\_internal\\matplotlib\\mpl-data\\fonts\\ttf\\STIXSizThreeSymReg.ttf', name='STIXSizeThreeSym', style='normal', variant='normal', weight=400, stretch='normal', size='scalable')) = 10.05
2024-04-10 17:47:20,024 - matplotlib.font_manager - DEBUG  - _findfont_cached - findfont: score(FontEntry(fname='S:\\RRC\\Documents\\BIT\\winter24\\python\\final\\weather-processing-app-group_09\\dist\\weather_processor\\_internal\\matplotlib\\mpl-data\\fonts\\ttf\\DejaVuSansMono-Bold.ttf', name='DejaVu Sans Mono', style='normal', variant='normal', weight=700, stretch='normal', size='scalable')) = 10.335
2024-04-10 17:47:20,024 - matplotlib.font_manager - DEBUG  - _findfont_cached - findfont: score(FontEntry(fname='S:\\RRC\\Documents\\BIT\\winter24\\python\\final\\weather-processing-app-group_09\\dist\\weather_processor\\_internal\\matplotlib\\mpl-data\\fonts\\ttf\\STIXGeneralBol.ttf', name='STIXGeneral', style='normal', variant='normal', weight=700, stretch='normal', size='scalable')) = 10.335
2024-04-10 17:47:20,024 - matplotlib.font_manager - DEBUG  - _findfont_cached - findfont: score(FontEntry(fname='S:\\RRC\\Documents\\BIT\\winter24\\python\\final\\weather-processing-app-group_09\\dist\\weather_processor\\_internal\\matplotlib\\mpl-data\\fonts\\ttf\\STIXNonUniBol.ttf', name='STIXNonUnicode', style='normal', variant='normal', weight=700, stretch='normal', size='scalable')) = 10.335
2024-04-10 17:47:20,024 - matplotlib.font_manager - DEBUG  - _findfont_cached - findfont: score(FontEntry(fname='S:\\RRC\\Documents\\BIT\\winter24\\python\\final\\weather-processing-app-group_09\\dist\\weather_processor\\_internal\\matplotlib\\mpl-data\\fonts\\ttf\\STIXNonUniBolIta.ttf', name='STIXNonUnicode', style='italic', variant='normal', weight=700, stretch='normal', size='scalable')) = 11.335
2024-04-10 17:47:20,024 - matplotlib.font_manager - DEBUG  - _findfont_cached - findfont: score(FontEntry(fname='S:\\RRC\\Documents\\BIT\\winter24\\python\\final\\weather-processing-app-group_09\\dist\\weather_processor\\_internal\\matplotlib\\mpl-data\\fonts\\ttf\\STIXGeneralBolIta.ttf', name='STIXGeneral', style='italic', variant='normal', weight=700, stretch='normal', size='scalable')) = 11.335
2024-04-10 17:47:20,024 - matplotlib.font_manager - DEBUG  - _findfont_cached - findfont: score(FontEntry(fname='S:\\RRC\\Documents\\BIT\\winter24\\python\\final\\weather-processing-app-group_09\\dist\\weather_processor\\_internal\\matplotlib\\mpl-data\\fonts\\ttf\\cmtt10.ttf', name='cmtt10', style='normal', variant='normal', weight=400, stretch='normal', size='scalable')) = 10.05
2024-04-10 17:47:20,024 - matplotlib.font_manager - DEBUG  - _findfont_cached - findfont: score(FontEntry(fname='S:\\RRC\\Documents\\BIT\\winter24\\python\\final\\weather-processing-app-group_09\\dist\\weather_processor\\_internal\\matplotlib\\mpl-data\\fonts\\ttf\\DejaVuSerifDisplay.ttf', name='DejaVu Serif Display', style='normal', variant='normal', weight=400, stretch='normal', size='scalable')) = 10.05
2024-04-10 17:47:20,024 - matplotlib.font_manager - DEBUG  - _findfont_cached - findfont: score(FontEntry(fname='S:\\RRC\\Documents\\BIT\\winter24\\python\\final\\weather-processing-app-group_09\\dist\\weather_processor\\_internal\\matplotlib\\mpl-data\\fonts\\ttf\\cmss10.ttf', name='cmss10', style='normal', variant='normal', weight=400, stretch='normal', size='scalable')) = 10.05
2024-04-10 17:47:20,024 - matplotlib.font_manager - DEBUG  - _findfont_cached - findfont: score(FontEntry(fname='S:\\RRC\\Documents\\BIT\\winter24\\python\\final\\weather-processing-app-group_09\\dist\\weather_processor\\_internal\\matplotlib\\mpl-data\\fonts\\ttf\\STIXSizFourSymBol.ttf', name='STIXSizeFourSym', style='normal', variant='normal', weight=700, stretch='normal', size='scalable')) = 10.335
2024-04-10 17:47:20,024 - matplotlib.font_manager - DEBUG  - _findfont_cached - findfont: score(FontEntry(fname='S:\\RRC\\Documents\\BIT\\winter24\\python\\final\\weather-processing-app-group_09\\dist\\weather_processor\\_internal\\matplotlib\\mpl-data\\fonts\\ttf\\cmsy10.ttf', name='cmsy10', style='normal', variant='normal', weight=400, stretch='normal', size='scalable')) = 10.05
2024-04-10 17:47:20,024 - matplotlib.font_manager - DEBUG  - _findfont_cached - findfont: score(FontEntry(fname='S:\\RRC\\Documents\\BIT\\winter24\\python\\final\\weather-processing-app-group_09\\dist\\weather_processor\\_internal\\matplotlib\\mpl-data\\fonts\\ttf\\STIXSizOneSymReg.ttf', name='STIXSizeOneSym', style='normal', variant='normal', weight=400, stretch='normal', size='scalable')) = 10.05
2024-04-10 17:47:20,024 - matplotlib.font_manager - DEBUG  - _findfont_cached - findfont: score(FontEntry(fname='S:\\RRC\\Documents\\BIT\\winter24\\python\\final\\weather-processing-app-group_09\\dist\\weather_processor\\_internal\\matplotlib\\mpl-data\\fonts\\ttf\\STIXGeneral.ttf', name='STIXGeneral', style='normal', variant='normal', weight=400, stretch='normal', size='scalable')) = 10.05
2024-04-10 17:47:20,024 - matplotlib.font_manager - DEBUG  - _findfont_cached - findfont: score(FontEntry(fname='S:\\RRC\\Documents\\BIT\\winter24\\python\\final\\weather-processing-app-group_09\\dist\\weather_processor\\_internal\\matplotlib\\mpl-data\\fonts\\ttf\\STIXSizTwoSymBol.ttf', name='STIXSizeTwoSym', style='normal', variant='normal', weight=700, stretch='normal', size='scalable')) = 10.335
2024-04-10 17:47:20,024 - matplotlib.font_manager - DEBUG  - _findfont_cached - findfont: score(FontEntry(fname='S:\\RRC\\Documents\\BIT\\winter24\\python\\final\\weather-processing-app-group_09\\dist\\weather_processor\\_internal\\matplotlib\\mpl-data\\fonts\\ttf\\DejaVuSansMono.ttf', name='DejaVu Sans Mono', style='normal', variant='normal', weight=400, stretch='normal', size='scalable')) = 10.05
2024-04-10 17:47:20,024 - matplotlib.font_manager - DEBUG  - _findfont_cached - findfont: score(FontEntry(fname='S:\\RRC\\Documents\\BIT\\winter24\\python\\final\\weather-processing-app-group_09\\dist\\weather_processor\\_internal\\matplotlib\\mpl-data\\fonts\\ttf\\cmb10.ttf', name='cmb10', style='normal', variant='normal', weight=400, stretch='normal', size='scalable')) = 10.05
2024-04-10 17:47:20,024 - matplotlib.font_manager - DEBUG  - _findfont_cached - findfont: score(FontEntry(fname='S:\\RRC\\Documents\\BIT\\winter24\\python\\final\\weather-processing-app-group_09\\dist\\weather_processor\\_internal\\matplotlib\\mpl-data\\fonts\\ttf\\DejaVuSerif-BoldItalic.ttf', name='DejaVu Serif', style='italic', variant='normal', weight=700, stretch='normal', size='scalable')) = 11.335
2024-04-10 17:47:20,024 - matplotlib.font_manager - DEBUG  - _findfont_cached - findfont: score(FontEntry(fname='S:\\RRC\\Documents\\BIT\\winter24\\python\\final\\weather-processing-app-group_09\\dist\\weather_processor\\_internal\\matplotlib\\mpl-data\\fonts\\ttf\\DejaVuSans-Bold.ttf', name='DejaVu Sans', style='normal', variant='normal', weight=700, stretch='normal', size='scalable')) = 0.33499999999999996
2024-04-10 17:47:20,024 - matplotlib.font_manager - DEBUG  - _findfont_cached - findfont: score(FontEntry(fname='S:\\RRC\\Documents\\BIT\\winter24\\python\\final\\weather-processing-app-group_09\\dist\\weather_processor\\_internal\\matplotlib\\mpl-data\\fonts\\ttf\\DejaVuSansMono-Oblique.ttf', name='DejaVu Sans Mono', style='oblique', variant='normal', weight=400, stretch='normal', size='scalable')) = 11.05
2024-04-10 17:47:20,025 - matplotlib.font_manager - DEBUG  - _findfont_cached - findfont: score(FontEntry(fname='S:\\RRC\\Documents\\BIT\\winter24\\python\\final\\weather-processing-app-group_09\\dist\\weather_processor\\_internal\\matplotlib\\mpl-data\\fonts\\ttf\\DejaVuSansMono-BoldOblique.ttf', name='DejaVu Sans Mono', style='oblique', variant='normal', weight=700, stretch='normal', size='scalable')) = 11.335
2024-04-10 17:47:20,025 - matplotlib.font_manager - DEBUG  - _findfont_cached - findfont: score(FontEntry(fname='S:\\RRC\\Documents\\BIT\\winter24\\python\\final\\weather-processing-app-group_09\\dist\\weather_processor\\_internal\\matplotlib\\mpl-data\\fonts\\ttf\\cmex10.ttf', name='cmex10', style='normal', variant='normal', weight=400, stretch='normal', size='scalable')) = 10.05
2024-04-10 17:47:20,025 - matplotlib.font_manager - DEBUG  - _findfont_cached - findfont: score(FontEntry(fname='S:\\RRC\\Documents\\BIT\\winter24\\python\\final\\weather-processing-app-group_09\\dist\\weather_processor\\_internal\\matplotlib\\mpl-data\\fonts\\ttf\\STIXGeneralItalic.ttf', name='STIXGeneral', style='italic', variant='normal', weight=400, stretch='normal', size='scalable')) = 11.05
2024-04-10 17:47:20,025 - matplotlib.font_manager - DEBUG  - _findfont_cached - findfont: score(FontEntry(fname='S:\\RRC\\Documents\\BIT\\winter24\\python\\final\\weather-processing-app-group_09\\dist\\weather_processor\\_internal\\matplotlib\\mpl-data\\fonts\\ttf\\DejaVuSans-BoldOblique.ttf', name='DejaVu Sans', style='oblique', variant='normal', weight=700, stretch='normal', size='scalable')) = 1.335
2024-04-10 17:47:20,025 - matplotlib.font_manager - DEBUG  - _findfont_cached - findfont: score(FontEntry(fname='S:\\RRC\\Documents\\BIT\\winter24\\python\\final\\weather-processing-app-group_09\\dist\\weather_processor\\_internal\\matplotlib\\mpl-data\\fonts\\ttf\\DejaVuSans.ttf', name='DejaVu Sans', style='normal', variant='normal', weight=400, stretch='normal', size='scalable')) = 0.05
2024-04-10 17:47:20,025 - matplotlib.font_manager - DEBUG  - _findfont_cached - findfont: score(FontEntry(fname='S:\\RRC\\Documents\\BIT\\winter24\\python\\final\\weather-processing-app-group_09\\dist\\weather_processor\\_internal\\matplotlib\\mpl-data\\fonts\\ttf\\STIXSizTwoSymReg.ttf', name='STIXSizeTwoSym', style='normal', variant='normal', weight=400, stretch='normal', size='scalable')) = 10.05
2024-04-10 17:47:20,025 - matplotlib.font_manager - DEBUG  - _findfont_cached - findfont: score(FontEntry(fname='S:\\RRC\\Documents\\BIT\\winter24\\python\\final\\weather-processing-app-group_09\\dist\\weather_processor\\_internal\\matplotlib\\mpl-data\\fonts\\ttf\\DejaVuSerif-Italic.ttf', name='DejaVu Serif', style='italic', variant='normal', weight=400, stretch='normal', size='scalable')) = 11.05
2024-04-10 17:47:20,025 - matplotlib.font_manager - DEBUG  - _findfont_cached - findfont: score(FontEntry(fname='S:\\RRC\\Documents\\BIT\\winter24\\python\\final\\weather-processing-app-group_09\\dist\\weather_processor\\_internal\\matplotlib\\mpl-data\\fonts\\ttf\\cmr10.ttf', name='cmr10', style='normal', variant='normal', weight=400, stretch='normal', size='scalable')) = 10.05
2024-04-10 17:47:20,025 - matplotlib.font_manager - DEBUG  - _findfont_cached - findfont: score(FontEntry(fname='S:\\RRC\\Documents\\BIT\\winter24\\python\\final\\weather-processing-app-group_09\\dist\\weather_processor\\_internal\\matplotlib\\mpl-data\\fonts\\ttf\\STIXNonUni.ttf', name='STIXNonUnicode', style='normal', variant='normal', weight=400, stretch='normal', size='scalable')) = 10.05
2024-04-10 17:47:20,025 - matplotlib.font_manager - DEBUG  - _findfont_cached - findfont: score(FontEntry(fname='S:\\RRC\\Documents\\BIT\\winter24\\python\\final\\weather-processing-app-group_09\\dist\\weather_processor\\_internal\\matplotlib\\mpl-data\\fonts\\ttf\\DejaVuSerif-Bold.ttf', name='DejaVu Serif', style='normal', variant='normal', weight=700, stretch='normal', size='scalable')) = 10.335
2024-04-10 17:47:20,025 - matplotlib.font_manager - DEBUG  - _findfont_cached - findfont: score(FontEntry(fname='S:\\RRC\\Documents\\BIT\\winter24\\python\\final\\weather-processing-app-group_09\\dist\\weather_processor\\_internal\\matplotlib\\mpl-data\\fonts\\ttf\\DejaVuSansDisplay.ttf', name='DejaVu Sans Display', style='normal', variant='normal', weight=400, stretch='normal', size='scalable')) = 10.05
2024-04-10 17:47:20,025 - matplotlib.font_manager - DEBUG  - _findfont_cached - findfont: score(FontEntry(fname='S:\\RRC\\Documents\\BIT\\winter24\\python\\final\\weather-processing-app-group_09\\dist\\weather_processor\\_internal\\matplotlib\\mpl-data\\fonts\\ttf\\STIXSizFiveSymReg.ttf', name='STIXSizeFiveSym', style='normal', variant='normal', weight=400, stretch='normal', size='scalable')) = 10.05
2024-04-10 17:47:20,025 - matplotlib.font_manager - DEBUG  - _findfont_cached - findfont: score(FontEntry(fname='S:\\RRC\\Documents\\BIT\\winter24\\python\\final\\weather-processing-app-group_09\\dist\\weather_processor\\_internal\\matplotlib\\mpl-data\\fonts\\ttf\\STIXNonUniIta.ttf', name='STIXNonUnicode', style='italic', variant='normal', weight=400, stretch='normal', size='scalable')) = 11.05
2024-04-10 17:47:20,025 - matplotlib.font_manager - DEBUG  - _findfont_cached - findfont: score(FontEntry(fname='S:\\RRC\\Documents\\BIT\\winter24\\python\\final\\weather-processing-app-group_09\\dist\\weather_processor\\_internal\\matplotlib\\mpl-data\\fonts\\ttf\\STIXSizFourSymReg.ttf', name='STIXSizeFourSym', style='normal', variant='normal', weight=400, stretch='normal', size='scalable')) = 10.05
2024-04-10 17:47:20,025 - matplotlib.font_manager - DEBUG  - _findfont_cached - findfont: score(FontEntry(fname='S:\\RRC\\Documents\\BIT\\winter24\\python\\final\\weather-processing-app-group_09\\dist\\weather_processor\\_internal\\matplotlib\\mpl-data\\fonts\\ttf\\cmmi10.ttf', name='cmmi10', style='normal', variant='normal', weight=400, stretch='normal', size='scalable')) = 10.05
2024-04-10 17:47:20,025 - matplotlib.font_manager - DEBUG  - _findfont_cached - findfont: score(FontEntry(fname='S:\\RRC\\Documents\\BIT\\winter24\\python\\final\\weather-processing-app-group_09\\dist\\weather_processor\\_internal\\matplotlib\\mpl-data\\fonts\\ttf\\STIXSizThreeSymBol.ttf', name='STIXSizeThreeSym', style='normal', variant='normal', weight=700, stretch='normal', size='scalable')) = 10.335
2024-04-10 17:47:20,025 - matplotlib.font_manager - DEBUG  - _findfont_cached - findfont: score(FontEntry(fname='S:\\RRC\\Documents\\BIT\\winter24\\python\\final\\weather-processing-app-group_09\\dist\\weather_processor\\_internal\\matplotlib\\mpl-data\\fonts\\ttf\\DejaVuSans-Oblique.ttf', name='DejaVu Sans', style='oblique', variant='normal', weight=400, stretch='normal', size='scalable')) = 1.05
2024-04-10 17:47:20,025 - matplotlib.font_manager - DEBUG  - _findfont_cached - findfont: score(FontEntry(fname='S:\\RRC\\Documents\\BIT\\winter24\\python\\final\\weather-processing-app-group_09\\dist\\weather_processor\\_internal\\matplotlib\\mpl-data\\fonts\\ttf\\DejaVuSerif.ttf', name='DejaVu Serif', style='normal', variant='normal', weight=400, stretch='normal', size='scalable')) = 10.05
2024-04-10 17:47:20,025 - matplotlib.font_manager - DEBUG  - _findfont_cached - findfont: score(FontEntry(fname='C:\\Windows\\Fonts\\GARAIT.TTF', name='Garamond', style='italic', variant='normal', weight=400, stretch='normal', size='scalable')) = 11.05
2024-04-10 17:47:20,025 - matplotlib.font_manager - DEBUG  - _findfont_cached - findfont: score(FontEntry(fname='C:\\Windows\\Fonts\\GILBI___.TTF', name='Gill Sans MT', style='italic', variant='normal', weight=700, stretch='normal', size='scalable')) = 11.335
2024-04-10 17:47:20,025 - matplotlib.font_manager - DEBUG  - _findfont_cached - findfont: score(FontEntry(fname='C:\\Windows\\Fonts\\ERASLGHT.TTF', name='Eras Light ITC', style='normal', variant='normal', weight=400, stretch='normal', size='scalable')) = 10.05
2024-04-10 17:47:20,025 - matplotlib.font_manager - DEBUG  - _findfont_cached - findfont: score(FontEntry(fname='C:\\Windows\\Fonts\\BOD_PSTC.TTF', name='Bodoni MT', style='normal', variant='normal', weight=300, stretch='normal', size='scalable')) = 10.145
2024-04-10 17:47:20,025 - matplotlib.font_manager - DEBUG  - _findfont_cached - findfont: score(FontEntry(fname='C:\\Windows\\Fonts\\OUTLOOK.TTF', name='MS Outlook', style='normal', variant='normal', weight=400, stretch='normal', size='scalable')) = 10.05
2024-04-10 17:47:20,025 - matplotlib.font_manager - DEBUG  - _findfont_cached - findfont: score(FontEntry(fname='C:\\Windows\\Fonts\\l_10646.ttf', name='Lucida Sans Unicode', style='normal', variant='normal', weight=400, stretch='normal', size='scalable')) = 10.05
2024-04-10 17:47:20,025 - matplotlib.font_manager - DEBUG  - _findfont_cached - findfont: score(FontEntry(fname='C:\\Windows\\Fonts\\LeelUIsl.ttf', name='Leelawadee UI', style='normal', variant='normal', weight=350, stretch='normal', size='scalable')) = 10.0975
2024-04-10 17:47:20,025 - matplotlib.font_manager - DEBUG  - _findfont_cached - findfont: score(FontEntry(fname='C:\\Windows\\Fonts\\framdit.ttf', name='Franklin Gothic Medium', style='italic', variant='normal', weight=400, stretch='normal', size='scalable')) = 11.05
2024-04-10 17:47:20,025 - matplotlib.font_manager - DEBUG  - _findfont_cached - findfont: score(FontEntry(fname='C:\\Windows\\Fonts\\COLONNA.TTF', name='Colonna MT', style='normal', variant='normal', weight=400, stretch='normal', size='scalable')) = 10.05
2024-04-10 17:47:20,025 - matplotlib.font_manager - DEBUG  - _findfont_cached - findfont: score(FontEntry(fname='C:\\Windows\\Fonts\\YuGothL.ttc', name='Yu Gothic', style='normal', variant='normal', weight=300, stretch='normal', size='scalable')) = 10.145
2024-04-10 17:47:20,025 - matplotlib.font_manager - DEBUG  - _findfont_cached - findfont: score(FontEntry(fname='C:\\Windows\\Fonts\\Gabriola.ttf', name='Gabriola', style='normal', variant='normal', weight=400, stretch='normal', size='scalable')) = 10.05
2024-04-10 17:47:20,025 - matplotlib.font_manager - DEBUG  - _findfont_cached - findfont: score(FontEntry(fname='C:\\Windows\\Fonts\\holomdl2.ttf', name='HoloLens MDL2 Assets', style='normal', variant='normal', weight=400, stretch='normal', size='scalable')) = 10.05
2024-04-10 17:47:20,025 - matplotlib.font_manager - DEBUG  - _findfont_cached - findfont: score(FontEntry(fname='C:\\Windows\\Fonts\\ARIALNBI.TTF', name='Arial', style='italic', variant='normal', weight=700, stretch='condensed', size='scalable')) = 7.8986363636363635
2024-04-10 17:47:20,025 - matplotlib.font_manager - DEBUG  - _findfont_cached - findfont: score(FontEntry(fname='C:\\Windows\\Fonts\\verdanaz.ttf', name='Verdana', style='italic', variant='normal', weight=700, stretch='normal', size='scalable')) = 4.971363636363637
2024-04-10 17:47:20,025 - matplotlib.font_manager - DEBUG  - _findfont_cached - findfont: score(FontEntry(fname='C:\\Windows\\Fonts\\msyi.ttf', name='Microsoft Yi Baiti', style='normal', variant='normal', weight=400, stretch='normal', size='scalable')) = 10.05
2024-04-10 17:47:20,025 - matplotlib.font_manager - DEBUG  - _findfont_cached - findfont: score(FontEntry(fname='C:\\Windows\\Fonts\\segoesc.ttf', name='Segoe Script', style='normal', variant='normal', weight=400, stretch='normal', size='scalable')) = 10.05
2024-04-10 17:47:20,025 - matplotlib.font_manager - DEBUG  - _findfont_cached - findfont: score(FontEntry(fname='C:\\Windows\\Fonts\\DUBAI-LIGHT.TTF', name='Dubai', style='normal', variant='normal', weight=300, stretch='normal', size='scalable')) = 10.145
2024-04-10 17:47:20,025 - matplotlib.font_manager - DEBUG  - _findfont_cached - findfont: score(FontEntry(fname='C:\\Windows\\Fonts\\COPRGTL.TTF', name='Copperplate Gothic Light', style='normal', variant='normal', weight=400, stretch='normal', size='scalable')) = 10.05
2024-04-10 17:47:20,025 - matplotlib.font_manager - DEBUG  - _findfont_cached - findfont: score(FontEntry(fname='C:\\Windows\\Fonts\\palai.ttf', name='Palatino Linotype', style='italic', variant='normal', weight=400, stretch='normal', size='scalable')) = 11.05
2024-04-10 17:47:20,026 - matplotlib.font_manager - DEBUG  - _findfont_cached - findfont: score(FontEntry(fname='C:\\Windows\\Fonts\\LSANSDI.TTF', name='Lucida Sans', style='italic', variant='normal', weight=600, stretch='normal', size='scalable')) = 11.24
2024-04-10 17:47:20,026 - matplotlib.font_manager - DEBUG  - _findfont_cached - findfont: score(FontEntry(fname='C:\\Windows\\Fonts\\BOOKOSI.TTF', name='Bookman Old Style', style='italic', variant='normal', weight=300, stretch='normal', size='scalable')) = 11.145
2024-04-10 17:47:20,026 - matplotlib.font_manager - DEBUG  - _findfont_cached - findfont: score(FontEntry(fname='C:\\Windows\\Fonts\\trebucit.ttf', name='Trebuchet MS', style='italic', variant='normal', weight=400, stretch='normal', size='scalable')) = 11.05
2024-04-10 17:47:20,026 - matplotlib.font_manager - DEBUG  - _findfont_cached - findfont: score(FontEntry(fname='C:\\Windows\\Fonts\\VIVALDII.TTF', name='Vivaldi', style='italic', variant='normal', weight=400, stretch='normal', size='scalable')) = 11.05
2024-04-10 17:47:20,026 - matplotlib.font_manager - DEBUG  - _findfont_cached - findfont: score(FontEntry(fname='C:\\Windows\\Fonts\\mvboli.ttf', name='MV Boli', style='normal', variant='normal', weight=400, stretch='normal', size='scalable')) = 10.05
2024-04-10 17:47:20,026 - matplotlib.font_manager - DEBUG  - _findfont_cached - findfont: score(FontEntry(fname='C:\\Windows\\Fonts\\LTYPE.TTF', name='Lucida Sans Typewriter', style='normal', variant='normal', weight=400, stretch='normal', size='scalable')) = 10.05
2024-04-10 17:47:20,026 - matplotlib.font_manager - DEBUG  - _findfont_cached - findfont: score(FontEntry(fname='C:\\Windows\\Fonts\\GOUDOS.TTF', name='Goudy Old Style', style='normal', variant='normal', weight=400, stretch='normal', size='scalable')) = 10.05
2024-04-10 17:47:20,026 - matplotlib.font_manager - DEBUG  - _findfont_cached - findfont: score(FontEntry(fname='C:\\Windows\\Fonts\\FRADMCN.TTF', name='Franklin Gothic Demi Cond', style='normal', variant='normal', weight=400, stretch='condensed', size='scalable')) = 10.25
2024-04-10 17:47:20,026 - matplotlib.font_manager - DEBUG  - _findfont_cached - findfont: score(FontEntry(fname='C:\\Windows\\Fonts\\BELLI.TTF', name='Bell MT', style='italic', variant='normal', weight=400, stretch='normal', size='scalable')) = 11.05
2024-04-10 17:47:20,026 - matplotlib.font_manager - DEBUG  - _findfont_cached - findfont: score(FontEntry(fname='C:\\Windows\\Fonts\\simsun.ttc', name='SimSun', style='normal', variant='normal', weight=400, stretch='normal', size='scalable')) = 10.05
2024-04-10 17:47:20,026 - matplotlib.font_manager - DEBUG  - _findfont_cached - findfont: score(FontEntry(fname='C:\\Windows\\Fonts\\GIGI.TTF', name='Gigi', style='normal', variant='normal', weight=400, stretch='normal', size='scalable')) = 10.05
2024-04-10 17:47:20,026 - matplotlib.font_manager - DEBUG  - _findfont_cached - findfont: score(FontEntry(fname='C:\\Windows\\Fonts\\ARIALNB.TTF', name='Arial', style='normal', variant='normal', weight=700, stretch='condensed', size='scalable')) = 6.8986363636363635
2024-04-10 17:47:20,026 - matplotlib.font_manager - DEBUG  - _findfont_cached - findfont: score(FontEntry(fname='C:\\Windows\\Fonts\\CENTAUR.TTF', name='Centaur', style='normal', variant='normal', weight=400, stretch='normal', size='scalable')) = 10.05
2024-04-10 17:47:20,026 - matplotlib.font_manager - DEBUG  - _findfont_cached - findfont: score(FontEntry(fname='C:\\Windows\\Fonts\\BRLNSDB.TTF', name='Berlin Sans FB Demi', style='normal', variant='normal', weight=700, stretch='normal', size='scalable')) = 10.335
2024-04-10 17:47:20,026 - matplotlib.font_manager - DEBUG  - _findfont_cached - findfont: score(FontEntry(fname='C:\\Windows\\Fonts\\segmdl2.ttf', name='Segoe MDL2 Assets', style='normal', variant='normal', weight=400, stretch='normal', size='scalable')) = 10.05
2024-04-10 17:47:20,026 - matplotlib.font_manager - DEBUG  - _findfont_cached - findfont: score(FontEntry(fname='C:\\Windows\\Fonts\\BOD_I.TTF', name='Bodoni MT', style='italic', variant='normal', weight=400, stretch='normal', size='scalable')) = 11.05
2024-04-10 17:47:20,026 - matplotlib.font_manager - DEBUG  - _findfont_cached - findfont: score(FontEntry(fname='C:\\Windows\\Fonts\\timesi.ttf', name='Times New Roman', style='italic', variant='normal', weight=400, stretch='normal', size='scalable')) = 11.05
2024-04-10 17:47:20,026 - matplotlib.font_manager - DEBUG  - _findfont_cached - findfont: score(FontEntry(fname='C:\\Windows\\Fonts\\georgiab.ttf', name='Georgia', style='normal', variant='normal', weight=700, stretch='normal', size='scalable')) = 10.335
2024-04-10 17:47:20,026 - matplotlib.font_manager - DEBUG  - _findfont_cached - findfont: score(FontEntry(fname='C:\\Windows\\Fonts\\BOD_BLAR.TTF', name='Bodoni MT', style='normal', variant='normal', weight=900, stretch='normal', size='scalable')) = 10.525
2024-04-10 17:47:20,026 - matplotlib.font_manager - DEBUG  - _findfont_cached - findfont: score(FontEntry(fname='C:\\Windows\\Fonts\\GIL_____.TTF', name='Gill Sans MT', style='normal', variant='normal', weight=400, stretch='normal', size='scalable')) = 10.05
2024-04-10 17:47:20,026 - matplotlib.font_manager - DEBUG  - _findfont_cached - findfont: score(FontEntry(fname='C:\\Windows\\Fonts\\phagspab.ttf', name='Microsoft PhagsPa', style='normal', variant='normal', weight=700, stretch='normal', size='scalable')) = 10.335
2024-04-10 17:47:20,026 - matplotlib.font_manager - DEBUG  - _findfont_cached - findfont: score(FontEntry(fname='C:\\Windows\\Fonts\\FELIXTI.TTF', name='Felix Titling', style='normal', variant='normal', weight=400, stretch='normal', size='scalable')) = 10.05
2024-04-10 17:47:20,026 - matplotlib.font_manager - DEBUG  - _findfont_cached - findfont: score(FontEntry(fname='C:\\Windows\\Fonts\\FRABK.TTF', name='Franklin Gothic Book', style='normal', variant='normal', weight=400, stretch='normal', size='scalable')) = 10.05
2024-04-10 17:47:20,026 - matplotlib.font_manager - DEBUG  - _findfont_cached - findfont: score(FontEntry(fname='C:\\Windows\\Fonts\\javatext.ttf', name='Javanese Text', style='normal', variant='normal', weight=400, stretch='normal', size='scalable')) = 10.05
2024-04-10 17:47:20,026 - matplotlib.font_manager - DEBUG  - _findfont_cached - findfont: score(FontEntry(fname='C:\\Windows\\Fonts\\COPRGTB.TTF', name='Copperplate Gothic Bold', style='normal', variant='normal', weight=400, stretch='normal', size='scalable')) = 10.05
2024-04-10 17:47:20,026 - matplotlib.font_manager - DEBUG  - _findfont_cached - findfont: score(FontEntry(fname='C:\\Windows\\Fonts\\BELL.TTF', name='Bell MT', style='normal', variant='normal', weight=400, stretch='normal', size='scalable')) = 10.05
2024-04-10 17:47:20,027 - matplotlib.font_manager - DEBUG  - _findfont_cached - findfont: score(FontEntry(fname='C:\\Windows\\Fonts\\CASTELAR.TTF', name='Castellar', style='normal', variant='normal', weight=400, stretch='normal', size='scalable')) = 10.05
2024-04-10 17:47:20,027 - matplotlib.font_manager - DEBUG  - _findfont_cached - findfont: score(FontEntry(fname='C:\\Windows\\Fonts\\GARA.TTF', name='Garamond', style='normal', variant='normal', weight=400, stretch='normal', size='scalable')) = 10.05
2024-04-10 17:47:20,027 - matplotlib.font_manager - DEBUG  - _findfont_cached - findfont: score(FontEntry(fname='C:\\Windows\\Fonts\\TCCEB.TTF', name='Tw Cen MT Condensed Extra Bold', style='normal', variant='normal', weight=400, stretch='condensed', size='scalable')) = 10.25
2024-04-10 17:47:20,027 - matplotlib.font_manager - DEBUG  - _findfont_cached - findfont: score(FontEntry(fname='C:\\Windows\\Fonts\\ROCKBI.TTF', name='Rockwell', style='italic', variant='normal', weight=700, stretch='normal', size='scalable')) = 11.335
2024-04-10 17:47:20,027 - matplotlib.font_manager - DEBUG  - _findfont_cached - findfont: score(FontEntry(fname='C:\\Windows\\Fonts\\LSANSI.TTF', name='Lucida Sans', style='italic', variant='normal', weight=400, stretch='normal', size='scalable')) = 11.05
2024-04-10 17:47:20,027 - matplotlib.font_manager - DEBUG  - _findfont_cached - findfont: score(FontEntry(fname='C:\\Windows\\Fonts\\BRLNSR.TTF', name='Berlin Sans FB', style='normal', variant='normal', weight=400, stretch='normal', size='scalable')) = 10.05
2024-04-10 17:47:20,027 - matplotlib.font_manager - DEBUG  - _findfont_cached - findfont: score(FontEntry(fname='C:\\Windows\\Fonts\\ENGR.TTF', name='Engravers MT', style='normal', variant='normal', weight=500, stretch='normal', size='scalable')) = 10.145
2024-04-10 17:47:20,027 - matplotlib.font_manager - DEBUG  - _findfont_cached - findfont: score(FontEntry(fname='C:\\Windows\\Fonts\\OCRAEXT.TTF', name='OCR A Extended', style='normal', variant='normal', weight=400, stretch='expanded', size='scalable')) = 10.25
2024-04-10 17:47:20,027 - matplotlib.font_manager - DEBUG  - _findfont_cached - findfont: score(FontEntry(fname='C:\\Windows\\Fonts\\BOD_CR.TTF', name='Bodoni MT', style='normal', variant='normal', weight=400, stretch='condensed', size='scalable')) = 10.25
2024-04-10 17:47:20,027 - matplotlib.font_manager - DEBUG  - _findfont_cached - findfont: score(FontEntry(fname='C:\\Windows\\Fonts\\CENTURY.TTF', name='Century', style='normal', variant='normal', weight=400, stretch='normal', size='scalable')) = 10.05
2024-04-10 17:47:20,027 - matplotlib.font_manager - DEBUG  - _findfont_cached - findfont: score(FontEntry(fname='C:\\Windows\\Fonts\\CHILLER.TTF', name='Chiller', style='normal', variant='normal', weight=400, stretch='normal', size='scalable')) = 10.05
2024-04-10 17:47:20,027 - matplotlib.font_manager - DEBUG  - _findfont_cached - findfont: score(FontEntry(fname='C:\\Windows\\Fonts\\FREESCPT.TTF', name='Freestyle Script', style='normal', variant='normal', weight=400, stretch='normal', size='scalable')) = 10.05
2024-04-10 17:47:20,027 - matplotlib.font_manager - DEBUG  - _findfont_cached - findfont: score(FontEntry(fname='C:\\Windows\\Fonts\\LFAX.TTF', name='Lucida Fax', style='normal', variant='normal', weight=400, stretch='normal', size='scalable')) = 10.05
2024-04-10 17:47:20,027 - matplotlib.font_manager - DEBUG  - _findfont_cached - findfont: score(FontEntry(fname='C:\\Windows\\Fonts\\FRADM.TTF', name='Franklin Gothic Demi', style='normal', variant='normal', weight=400, stretch='normal', size='scalable')) = 10.05
2024-04-10 17:47:20,027 - matplotlib.font_manager - DEBUG  - _findfont_cached - findfont: score(FontEntry(fname='C:\\Windows\\Fonts\\ITCKRIST.TTF', name='Kristen ITC', style='normal', variant='normal', weight=400, stretch='normal', size='scalable')) = 10.05
2024-04-10 17:47:20,027 - matplotlib.font_manager - DEBUG  - _findfont_cached - findfont: score(FontEntry(fname='C:\\Windows\\Fonts\\WINGDNG2.TTF', name='Wingdings 2', style='normal', variant='normal', weight=400, stretch='normal', size='scalable')) = 10.05
2024-04-10 17:47:20,027 - matplotlib.font_manager - DEBUG  - _findfont_cached - findfont: score(FontEntry(fname='C:\\Windows\\Fonts\\cambria.ttc', name='Cambria', style='normal', variant='normal', weight=400, stretch='normal', size='scalable')) = 10.05
2024-04-10 17:47:20,027 - matplotlib.font_manager - DEBUG  - _findfont_cached - findfont: score(FontEntry(fname='C:\\Windows\\Fonts\\seguibl.ttf', name='Segoe UI', style='normal', variant='normal', weight=900, stretch='normal', size='scalable')) = 10.525
2024-04-10 17:47:20,027 - matplotlib.font_manager - DEBUG  - _findfont_cached - findfont: score(FontEntry(fname='C:\\Windows\\Fonts\\JOKERMAN.TTF', name='Jokerman', style='normal', variant='normal', weight=400, stretch='normal', size='scalable')) = 10.05
2024-04-10 17:47:20,027 - matplotlib.font_manager - DEBUG  - _findfont_cached - findfont: score(FontEntry(fname='C:\\Windows\\Fonts\\mingliub.ttc', name='MingLiU-ExtB', style='normal', variant='normal', weight=400, stretch='normal', size='scalable')) = 10.05
2024-04-10 17:47:20,027 - matplotlib.font_manager - DEBUG  - _findfont_cached - findfont: score(FontEntry(fname='C:\\Windows\\Fonts\\FRSCRIPT.TTF', name='French Script MT', style='normal', variant='normal', weight=400, stretch='normal', size='scalable')) = 10.05
2024-04-10 17:47:20,027 - matplotlib.font_manager - DEBUG  - _findfont_cached - findfont: score(FontEntry(fname='C:\\Windows\\Fonts\\gadugib.ttf', name='Gadugi', style='normal', variant='normal', weight=700, stretch='normal', size='scalable')) = 10.335
2024-04-10 17:47:20,027 - matplotlib.font_manager - DEBUG  - _findfont_cached - findfont: score(FontEntry(fname='C:\\Windows\\Fonts\\GOTHICI.TTF', name='Century Gothic', style='italic', variant='normal', weight=400, stretch='normal', size='scalable')) = 11.05
2024-04-10 17:47:20,027 - matplotlib.font_manager - DEBUG  - _findfont_cached - findfont: score(FontEntry(fname='C:\\Windows\\Fonts\\corbelli.ttf', name='Corbel', style='italic', variant='normal', weight=300, stretch='normal', size='scalable')) = 11.145
2024-04-10 17:47:20,027 - matplotlib.font_manager - DEBUG  - _findfont_cached - findfont: score(FontEntry(fname='C:\\Windows\\Fonts\\mmrtextb.ttf', name='Myanmar Text', style='normal', variant='normal', weight=700, stretch='normal', size='scalable')) = 10.335
2024-04-10 17:47:20,027 - matplotlib.font_manager - DEBUG  - _findfont_cached - findfont: score(FontEntry(fname='C:\\Windows\\Fonts\\lucon.ttf', name='Lucida Console', style='normal', variant='normal', weight=400, stretch='normal', size='scalable')) = 10.05
2024-04-10 17:47:20,028 - matplotlib.font_manager - DEBUG  - _findfont_cached - findfont: score(FontEntry(fname='C:\\Windows\\Fonts\\TCMI____.TTF', name='Tw Cen MT', style='italic', variant='normal', weight=400, stretch='normal', size='scalable')) = 11.05
2024-04-10 17:47:20,028 - matplotlib.font_manager - DEBUG  - _findfont_cached - findfont: score(FontEntry(fname='C:\\Windows\\Fonts\\CALIST.TTF', name='Calisto MT', style='normal', variant='normal', weight=400, stretch='normal', size='scalable')) = 10.05
2024-04-10 17:47:20,028 - matplotlib.font_manager - DEBUG  - _findfont_cached - findfont: score(FontEntry(fname='C:\\Windows\\Fonts\\FTLTLT.TTF', name='Footlight MT Light', style='normal', variant='normal', weight=300, stretch='normal', size='scalable')) = 10.145
2024-04-10 17:47:20,028 - matplotlib.font_manager - DEBUG  - _findfont_cached - findfont: score(FontEntry(fname='C:\\Windows\\Fonts\\LeelaUIb.ttf', name='Leelawadee UI', style='normal', variant='normal', weight=700, stretch='normal', size='scalable')) = 10.335
2024-04-10 17:47:20,028 - matplotlib.font_manager - DEBUG  - _findfont_cached - findfont: score(FontEntry(fname='C:\\Windows\\Fonts\\palabi.ttf', name='Palatino Linotype', style='italic', variant='normal', weight=700, stretch='normal', size='scalable')) = 11.335
2024-04-10 17:47:20,028 - matplotlib.font_manager - DEBUG  - _findfont_cached - findfont: score(FontEntry(fname='C:\\Windows\\Fonts\\seguisli.ttf', name='Segoe UI', style='italic', variant='normal', weight=350, stretch='normal', size='scalable')) = 11.0975
2024-04-10 17:47:20,028 - matplotlib.font_manager - DEBUG  - _findfont_cached - findfont: score(FontEntry(fname='C:\\Windows\\Fonts\\consolab.ttf', name='Consolas', style='normal', variant='normal', weight=700, stretch='normal', size='scalable')) = 10.335
2024-04-10 17:47:20,028 - matplotlib.font_manager - DEBUG  - _findfont_cached - findfont: score(FontEntry(fname='C:\\Windows\\Fonts\\CENSCBK.TTF', name='Century Schoolbook', style='normal', variant='normal', weight=400, stretch='normal', size='scalable')) = 10.05
2024-04-10 17:47:20,028 - matplotlib.font_manager - DEBUG  - _findfont_cached - findfont: score(FontEntry(fname='C:\\Windows\\Fonts\\MAGNETOB.TTF', name='Magneto', style='normal', variant='normal', weight=700, stretch='normal', size='scalable')) = 10.335
2024-04-10 17:47:20,028 - matplotlib.font_manager - DEBUG  - _findfont_cached - findfont: score(FontEntry(fname='C:\\Windows\\Fonts\\BASKVILL.TTF', name='Baskerville Old Face', style='normal', variant='normal', weight=400, stretch='normal', size='scalable')) = 10.05
2024-04-10 17:47:20,028 - matplotlib.font_manager - DEBUG  - _findfont_cached - findfont: score(FontEntry(fname='C:\\Windows\\Fonts\\symbol.ttf', name='Symbol', style='normal', variant='normal', weight=400, stretch='normal', size='scalable')) = 10.05
2024-04-10 17:47:20,028 - matplotlib.font_manager - DEBUG  - _findfont_cached - findfont: score(FontEntry(fname='C:\\Windows\\Fonts\\arialbi.ttf', name='Arial', style='italic', variant='normal', weight=700, stretch='normal', size='scalable')) = 7.698636363636363
2024-04-10 17:47:20,028 - matplotlib.font_manager - DEBUG  - _findfont_cached - findfont: score(FontEntry(fname='C:\\Windows\\Fonts\\SHOWG.TTF', name='Showcard Gothic', style='normal', variant='normal', weight=400, stretch='normal', size='scalable')) = 10.05
2024-04-10 17:47:20,028 - matplotlib.font_manager - DEBUG  - _findfont_cached - findfont: score(FontEntry(fname='C:\\Windows\\Fonts\\FRABKIT.TTF', name='Franklin Gothic Book', style='italic', variant='normal', weight=400, stretch='normal', size='scalable')) = 11.05
2024-04-10 17:47:20,028 - matplotlib.font_manager - DEBUG  - _findfont_cached - findfont: score(FontEntry(fname='C:\\Windows\\Fonts\\BROADW.TTF', name='Broadway', style='normal', variant='normal', weight=400, stretch='normal', size='scalable')) = 10.05
2024-04-10 17:47:20,028 - matplotlib.font_manager - DEBUG  - _findfont_cached - findfont: score(FontEntry(fname='C:\\Windows\\Fonts\\CALIFR.TTF', name='Californian FB', style='normal', variant='normal', weight=400, stretch='normal', size='scalable')) = 10.05
2024-04-10 17:47:20,028 - matplotlib.font_manager - DEBUG  - _findfont_cached - findfont: score(FontEntry(fname='C:\\Windows\\Fonts\\MAIAN.TTF', name='Maiandra GD', style='normal', variant='normal', weight=400, stretch='normal', size='scalable')) = 10.05
2024-04-10 17:47:20,028 - matplotlib.font_manager - DEBUG  - _findfont_cached - findfont: score(FontEntry(fname='C:\\Windows\\Fonts\\LBRITED.TTF', name='Lucida Bright', style='normal', variant='normal', weight=600, stretch='normal', size='scalable')) = 10.24
2024-04-10 17:47:20,028 - matplotlib.font_manager - DEBUG  - _findfont_cached - findfont: score(FontEntry(fname='C:\\Windows\\Fonts\\ELEPHNTI.TTF', name='Elephant', style='italic', variant='normal', weight=400, stretch='normal', size='scalable')) = 11.05
2024-04-10 17:47:20,028 - matplotlib.font_manager - DEBUG  - _findfont_cached - findfont: score(FontEntry(fname='C:\\Windows\\Fonts\\TCCB____.TTF', name='Tw Cen MT Condensed', style='normal', variant='normal', weight=700, stretch='condensed', size='scalable')) = 10.535
2024-04-10 17:47:20,028 - matplotlib.font_manager - DEBUG  - _findfont_cached - findfont: score(FontEntry(fname='C:\\Windows\\Fonts\\AGENCYB.TTF', name='Agency FB', style='normal', variant='normal', weight=700, stretch='normal', size='scalable')) = 10.335
2024-04-10 17:47:20,028 - matplotlib.font_manager - DEBUG  - _findfont_cached - findfont: score(FontEntry(fname='C:\\Windows\\Fonts\\GILC____.TTF', name='Gill Sans MT Condensed', style='normal', variant='normal', weight=400, stretch='condensed', size='scalable')) = 10.25
2024-04-10 17:47:20,028 - matplotlib.font_manager - DEBUG  - _findfont_cached - findfont: score(FontEntry(fname='C:\\Windows\\Fonts\\corbelb.ttf', name='Corbel', style='normal', variant='normal', weight=700, stretch='normal', size='scalable')) = 10.335
2024-04-10 17:47:20,028 - matplotlib.font_manager - DEBUG  - _findfont_cached - findfont: score(FontEntry(fname='C:\\Windows\\Fonts\\SNAP____.TTF', name='Snap ITC', style='normal', variant='normal', weight=400, stretch='normal', size='scalable')) = 10.05
2024-04-10 17:47:20,028 - matplotlib.font_manager - DEBUG  - _findfont_cached - findfont: score(FontEntry(fname='C:\\Windows\\Fonts\\ANTQUAB.TTF', name='Book Antiqua', style='normal', variant='normal', weight=700, stretch='normal', size='scalable')) = 10.335
2024-04-10 17:47:20,028 - matplotlib.font_manager - DEBUG  - _findfont_cached - findfont: score(FontEntry(fname='C:\\Windows\\Fonts\\LTYPEB.TTF', name='Lucida Sans Typewriter', style='normal', variant='normal', weight=600, stretch='normal', size='scalable')) = 10.24
2024-04-10 17:47:20,029 - matplotlib.font_manager - DEBUG  - _findfont_cached - findfont: score(FontEntry(fname='C:\\Windows\\Fonts\\PERB____.TTF', name='Perpetua', style='normal', variant='normal', weight=700, stretch='normal', size='scalable')) = 10.335
2024-04-10 17:47:20,029 - matplotlib.font_manager - DEBUG  - _findfont_cached - findfont: score(FontEntry(fname='C:\\Windows\\Fonts\\LFAXD.TTF', name='Lucida Fax', style='normal', variant='normal', weight=600, stretch='normal', size='scalable')) = 10.24
2024-04-10 17:47:20,029 - matplotlib.font_manager - DEBUG  - _findfont_cached - findfont: score(FontEntry(fname='C:\\Windows\\Fonts\\corbel.ttf', name='Corbel', style='normal', variant='normal', weight=400, stretch='normal', size='scalable')) = 10.05
2024-04-10 17:47:20,029 - matplotlib.font_manager - DEBUG  - _findfont_cached - findfont: score(FontEntry(fname='C:\\Windows\\Fonts\\ntailu.ttf', name='Microsoft New Tai Lue', style='normal', variant='normal', weight=400, stretch='normal', size='scalable')) = 10.05
2024-04-10 17:47:20,029 - matplotlib.font_manager - DEBUG  - _findfont_cached - findfont: score(FontEntry(fname='C:\\Windows\\Fonts\\ONYX.TTF', name='Onyx', style='normal', variant='normal', weight=400, stretch='normal', size='scalable')) = 10.05
2024-04-10 17:47:20,029 - matplotlib.font_manager - DEBUG  - _findfont_cached - findfont: score(FontEntry(fname='C:\\Windows\\Fonts\\SitkaVF-Italic.ttf', name='Sitka', style='italic', variant='normal', weight=400, stretch='normal', size='scalable')) = 11.05
2024-04-10 17:47:20,029 - matplotlib.font_manager - DEBUG  - _findfont_cached - findfont: score(FontEntry(fname='C:\\Windows\\Fonts\\constani.ttf', name='Constantia', style='italic', variant='normal', weight=400, stretch='normal', size='scalable')) = 11.05
2024-04-10 17:47:20,029 - matplotlib.font_manager - DEBUG  - _findfont_cached - findfont: score(FontEntry(fname='C:\\Windows\\Fonts\\taile.ttf', name='Microsoft Tai Le', style='normal', variant='normal', weight=400, stretch='normal', size='scalable')) = 10.05
2024-04-10 17:47:20,029 - matplotlib.font_manager - DEBUG  - _findfont_cached - findfont: score(FontEntry(fname='C:\\Windows\\Fonts\\constanb.ttf', name='Constantia', style='normal', variant='normal', weight=700, stretch='normal', size='scalable')) = 10.335
2024-04-10 17:47:20,029 - matplotlib.font_manager - DEBUG  - _findfont_cached - findfont: score(FontEntry(fname='C:\\Windows\\Fonts\\calibriz.ttf', name='Calibri', style='italic', variant='normal', weight=700, stretch='normal', size='scalable')) = 11.335
2024-04-10 17:47:20,029 - matplotlib.font_manager - DEBUG  - _findfont_cached - findfont: score(FontEntry(fname='C:\\Windows\\Fonts\\seguibli.ttf', name='Segoe UI', style='italic', variant='normal', weight=900, stretch='normal', size='scalable')) = 11.525
2024-04-10 17:47:20,029 - matplotlib.font_manager - DEBUG  - _findfont_cached - findfont: score(FontEntry(fname='C:\\Windows\\Fonts\\calibrili.ttf', name='Calibri', style='italic', variant='normal', weight=300, stretch='normal', size='scalable')) = 11.145
2024-04-10 17:47:20,029 - matplotlib.font_manager - DEBUG  - _findfont_cached - findfont: score(FontEntry(fname='C:\\Windows\\Fonts\\trebuc.ttf', name='Trebuchet MS', style='normal', variant='normal', weight=400, stretch='normal', size='scalable')) = 10.05
2024-04-10 17:47:20,029 - matplotlib.font_manager - DEBUG  - _findfont_cached - findfont: score(FontEntry(fname='C:\\Windows\\Fonts\\LEELAWDB.TTF', name='Leelawadee', style='normal', variant='normal', weight=700, stretch='normal', size='scalable')) = 10.335
2024-04-10 17:47:20,029 - matplotlib.font_manager - DEBUG  - _findfont_cached - findfont: score(FontEntry(fname='C:\\Windows\\Fonts\\BSSYM7.TTF', name='Bookshelf Symbol 7', style='normal', variant='normal', weight=400, stretch='normal', size='scalable')) = 10.05
2024-04-10 17:47:20,029 - matplotlib.font_manager - DEBUG  - _findfont_cached - findfont: score(FontEntry(fname='C:\\Windows\\Fonts\\simsunb.ttf', name='SimSun-ExtB', style='normal', variant='normal', weight=400, stretch='normal', size='scalable')) = 10.05
2024-04-10 17:47:20,029 - matplotlib.font_manager - DEBUG  - _findfont_cached - findfont: score(FontEntry(fname='C:\\Windows\\Fonts\\BOOKOSBI.TTF', name='Bookman Old Style', style='italic', variant='normal', weight=600, stretch='normal', size='scalable')) = 11.24
2024-04-10 17:47:20,029 - matplotlib.font_manager - DEBUG  - _findfont_cached - findfont: score(FontEntry(fname='C:\\Windows\\Fonts\\MATURASC.TTF', name='Matura MT Script Capitals', style='normal', variant='normal', weight=400, stretch='normal', size='scalable')) = 10.05
2024-04-10 17:47:20,029 - matplotlib.font_manager - DEBUG  - _findfont_cached - findfont: score(FontEntry(fname='C:\\Windows\\Fonts\\PRISTINA.TTF', name='Pristina', style='normal', variant='normal', weight=400, stretch='normal', size='scalable')) = 10.05
2024-04-10 17:47:20,029 - matplotlib.font_manager - DEBUG  - _findfont_cached - findfont: score(FontEntry(fname='C:\\Windows\\Fonts\\Candarab.ttf', name='Candara', style='normal', variant='normal', weight=700, stretch='normal', size='scalable')) = 10.335
2024-04-10 17:47:20,029 - matplotlib.font_manager - DEBUG  - _findfont_cached - findfont: score(FontEntry(fname='C:\\Windows\\Fonts\\CascadiaMono.ttf', name='Cascadia Mono', style='normal', variant='normal', weight=400, stretch='normal', size='scalable')) = 10.05
2024-04-10 17:47:20,029 - matplotlib.font_manager - DEBUG  - _findfont_cached - findfont: score(FontEntry(fname='C:\\Windows\\Fonts\\TCB_____.TTF', name='Tw Cen MT', style='normal', variant='normal', weight=700, stretch='normal', size='scalable')) = 10.335
2024-04-10 17:47:20,029 - matplotlib.font_manager - DEBUG  - _findfont_cached - findfont: score(FontEntry(fname='C:\\Windows\\Fonts\\calibri.ttf', name='Calibri', style='normal', variant='normal', weight=400, stretch='normal', size='scalable')) = 10.05
2024-04-10 17:47:20,029 - matplotlib.font_manager - DEBUG  - _findfont_cached - findfont: score(FontEntry(fname='C:\\Windows\\Fonts\\PLAYBILL.TTF', name='Playbill', style='normal', variant='normal', weight=400, stretch='normal', size='scalable')) = 10.05
2024-04-10 17:47:20,029 - matplotlib.font_manager - DEBUG  - _findfont_cached - findfont: score(FontEntry(fname='C:\\Windows\\Fonts\\arial.ttf', name='Arial', style='normal', variant='normal', weight=400, stretch='normal', size='scalable')) = 6.413636363636363
2024-04-10 17:47:20,029 - matplotlib.font_manager - DEBUG  - _findfont_cached - findfont: score(FontEntry(fname='C:\\Windows\\Fonts\\GARABD.TTF', name='Garamond', style='normal', variant='normal', weight=700, stretch='normal', size='scalable')) = 10.335
2024-04-10 17:47:20,030 - matplotlib.font_manager - DEBUG  - _findfont_cached - findfont: score(FontEntry(fname='C:\\Windows\\Fonts\\malgunsl.ttf', name='Malgun Gothic', style='normal', variant='normal', weight=300, stretch='normal', size='scalable')) = 10.145
2024-04-10 17:47:20,030 - matplotlib.font_manager - DEBUG  - _findfont_cached - findfont: score(FontEntry(fname='C:\\Windows\\Fonts\\consolai.ttf', name='Consolas', style='italic', variant='normal', weight=400, stretch='normal', size='scalable')) = 11.05
2024-04-10 17:47:20,030 - matplotlib.font_manager - DEBUG  - _findfont_cached - findfont: score(FontEntry(fname='C:\\Windows\\Fonts\\phagspa.ttf', name='Microsoft PhagsPa', style='normal', variant='normal', weight=400, stretch='normal', size='scalable')) = 10.05
2024-04-10 17:47:20,030 - matplotlib.font_manager - DEBUG  - _findfont_cached - findfont: score(FontEntry(fname='C:\\Windows\\Fonts\\segoeui.ttf', name='Segoe UI', style='normal', variant='normal', weight=400, stretch='normal', size='scalable')) = 10.05
2024-04-10 17:47:20,030 - matplotlib.font_manager - DEBUG  - _findfont_cached - findfont: score(FontEntry(fname='C:\\Windows\\Fonts\\LTYPEO.TTF', name='Lucida Sans Typewriter', style='oblique', variant='normal', weight=400, stretch='normal', size='scalable')) = 11.05
2024-04-10 17:47:20,030 - matplotlib.font_manager - DEBUG  - _findfont_cached - findfont: score(FontEntry(fname='C:\\Windows\\Fonts\\msjh.ttc', name='Microsoft JhengHei', style='normal', variant='normal', weight=400, stretch='normal', size='scalable')) = 10.05
2024-04-10 17:47:20,030 - matplotlib.font_manager - DEBUG  - _findfont_cached - findfont: score(FontEntry(fname='C:\\Windows\\Fonts\\ebrima.ttf', name='Ebrima', style='normal', variant='normal', weight=400, stretch='normal', size='scalable')) = 10.05
2024-04-10 17:47:20,030 - matplotlib.font_manager - DEBUG  - _findfont_cached - findfont: score(FontEntry(fname='C:\\Windows\\Fonts\\FRAHVIT.TTF', name='Franklin Gothic Heavy', style='italic', variant='normal', weight=400, stretch='normal', size='scalable')) = 11.05
2024-04-10 17:47:20,030 - matplotlib.font_manager - DEBUG  - _findfont_cached - findfont: score(FontEntry(fname='C:\\Windows\\Fonts\\cambriab.ttf', name='Cambria', style='normal', variant='normal', weight=700, stretch='normal', size='scalable')) = 10.335
2024-04-10 17:47:20,030 - matplotlib.font_manager - DEBUG  - _findfont_cached - findfont: score(FontEntry(fname='C:\\Windows\\Fonts\\msyhl.ttc', name='Microsoft YaHei', style='normal', variant='normal', weight=290, stretch='normal', size='scalable')) = 10.1545
2024-04-10 17:47:20,030 - matplotlib.font_manager - DEBUG  - _findfont_cached - findfont: score(FontEntry(fname='C:\\Windows\\Fonts\\cambriai.ttf', name='Cambria', style='italic', variant='normal', weight=400, stretch='normal', size='scalable')) = 11.05
2024-04-10 17:47:20,030 - matplotlib.font_manager - DEBUG  - _findfont_cached - findfont: score(FontEntry(fname='C:\\Windows\\Fonts\\malgun.ttf', name='Malgun Gothic', style='normal', variant='normal', weight=400, stretch='normal', size='scalable')) = 10.05
2024-04-10 17:47:20,030 - matplotlib.font_manager - DEBUG  - _findfont_cached - findfont: score(FontEntry(fname='C:\\Windows\\Fonts\\impact.ttf', name='Impact', style='normal', variant='normal', weight=400, stretch='normal', size='scalable')) = 10.05
2024-04-10 17:47:20,030 - matplotlib.font_manager - DEBUG  - _findfont_cached - findfont: score(FontEntry(fname='C:\\Windows\\Fonts\\trebucbi.ttf', name='Trebuchet MS', style='italic', variant='normal', weight=700, stretch='normal', size='scalable')) = 11.335
2024-04-10 17:47:20,030 - matplotlib.font_manager - DEBUG  - _findfont_cached - findfont: score(FontEntry(fname='C:\\Windows\\Fonts\\BOD_BLAI.TTF', name='Bodoni MT', style='italic', variant='normal', weight=900, stretch='normal', size='scalable')) = 11.525
2024-04-10 17:47:20,030 - matplotlib.font_manager - DEBUG  - _findfont_cached - findfont: score(FontEntry(fname='C:\\Windows\\Fonts\\verdana.ttf', name='Verdana', style='normal', variant='normal', weight=400, stretch='normal', size='scalable')) = 3.6863636363636365
2024-04-10 17:47:20,030 - matplotlib.font_manager - DEBUG  - _findfont_cached - findfont: score(FontEntry(fname='C:\\Windows\\Fonts\\INFROMAN.TTF', name='Informal Roman', style='normal', variant='normal', weight=400, stretch='normal', size='scalable')) = 10.05
2024-04-10 17:47:20,030 - matplotlib.font_manager - DEBUG  - _findfont_cached - findfont: score(FontEntry(fname='C:\\Windows\\Fonts\\consolaz.ttf', name='Consolas', style='italic', variant='normal', weight=700, stretch='normal', size='scalable')) = 11.335
2024-04-10 17:47:20,030 - matplotlib.font_manager - DEBUG  - _findfont_cached - findfont: score(FontEntry(fname='C:\\Windows\\Fonts\\msyh.ttc', name='Microsoft YaHei', style='normal', variant='normal', weight=400, stretch='normal', size='scalable')) = 10.05
2024-04-10 17:47:20,030 - matplotlib.font_manager - DEBUG  - _findfont_cached - findfont: score(FontEntry(fname='C:\\Windows\\Fonts\\georgiai.ttf', name='Georgia', style='italic', variant='normal', weight=400, stretch='normal', size='scalable')) = 11.05
2024-04-10 17:47:20,030 - matplotlib.font_manager - DEBUG  - _findfont_cached - findfont: score(FontEntry(fname='C:\\Windows\\Fonts\\VINERITC.TTF', name='Viner Hand ITC', style='normal', variant='normal', weight=400, stretch='normal', size='scalable')) = 10.05
2024-04-10 17:47:20,030 - matplotlib.font_manager - DEBUG  - _findfont_cached - findfont: score(FontEntry(fname='C:\\Windows\\Fonts\\SitkaVF.ttf', name='Sitka', style='normal', variant='normal', weight=400, stretch='normal', size='scalable')) = 10.05
2024-04-10 17:47:20,031 - matplotlib.font_manager - DEBUG  - _findfont_cached - findfont: score(FontEntry(fname='C:\\Windows\\Fonts\\BOD_CBI.TTF', name='Bodoni MT', style='italic', variant='normal', weight=700, stretch='condensed', size='scalable')) = 11.535
2024-04-10 17:47:20,031 - matplotlib.font_manager - DEBUG  - _findfont_cached - findfont: score(FontEntry(fname='C:\\Windows\\Fonts\\ELEPHNT.TTF', name='Elephant', style='normal', variant='normal', weight=400, stretch='normal', size='scalable')) = 10.05
2024-04-10 17:47:20,031 - matplotlib.font_manager - DEBUG  - _findfont_cached - findfont: score(FontEntry(fname='C:\\Windows\\Fonts\\NIAGENG.TTF', name='Niagara Engraved', style='normal', variant='normal', weight=400, stretch='normal', size='scalable')) = 10.05
2024-04-10 17:47:20,031 - matplotlib.font_manager - DEBUG  - _findfont_cached - findfont: score(FontEntry(fname='C:\\Windows\\Fonts\\BRUSHSCI.TTF', name='Brush Script MT', style='italic', variant='normal', weight=400, stretch='normal', size='scalable')) = 11.05
2024-04-10 17:47:20,031 - matplotlib.font_manager - DEBUG  - _findfont_cached - findfont: score(FontEntry(fname='C:\\Windows\\Fonts\\BOD_CI.TTF', name='Bodoni MT', style='italic', variant='normal', weight=400, stretch='condensed', size='scalable')) = 11.25
2024-04-10 17:47:20,031 - matplotlib.font_manager - DEBUG  - _findfont_cached - findfont: score(FontEntry(fname='C:\\Windows\\Fonts\\verdanab.ttf', name='Verdana', style='normal', variant='normal', weight=700, stretch='normal', size='scalable')) = 3.9713636363636367
2024-04-10 17:47:20,031 - matplotlib.font_manager - DEBUG  - _findfont_cached - findfont: score(FontEntry(fname='C:\\Windows\\Fonts\\CALISTBI.TTF', name='Calisto MT', style='italic', variant='normal', weight=700, stretch='normal', size='scalable')) = 11.335
2024-04-10 17:47:20,031 - matplotlib.font_manager - DEBUG  - _findfont_cached - findfont: score(FontEntry(fname='C:\\Windows\\Fonts\\Candaral.ttf', name='Candara', style='normal', variant='normal', weight=400, stretch='normal', size='scalable')) = 10.05
2024-04-10 17:47:20,031 - matplotlib.font_manager - DEBUG  - _findfont_cached - findfont: score(FontEntry(fname='C:\\Windows\\Fonts\\MISTRAL.TTF', name='Mistral', style='normal', variant='normal', weight=400, stretch='normal', size='scalable')) = 10.05
2024-04-10 17:47:20,031 - matplotlib.font_manager - DEBUG  - _findfont_cached - findfont: score(FontEntry(fname='C:\\Windows\\Fonts\\seguihis.ttf', name='Segoe UI Historic', style='normal', variant='normal', weight=400, stretch='normal', size='scalable')) = 10.05
2024-04-10 17:47:20,031 - matplotlib.font_manager - DEBUG  - _findfont_cached - findfont: score(FontEntry(fname='C:\\Windows\\Fonts\\GOUDOSI.TTF', name='Goudy Old Style', style='italic', variant='normal', weight=400, stretch='normal', size='scalable')) = 11.05
2024-04-10 17:47:20,031 - matplotlib.font_manager - DEBUG  - _findfont_cached - findfont: score(FontEntry(fname='C:\\Windows\\Fonts\\bahnschrift.ttf', name='Bahnschrift', style='normal', variant='normal', weight=400, stretch='normal', size='scalable')) = 10.05
2024-04-10 17:47:20,031 - matplotlib.font_manager - DEBUG  - _findfont_cached - findfont: score(FontEntry(fname='C:\\Windows\\Fonts\\NirmalaS.ttf', name='Nirmala UI', style='normal', variant='normal', weight=350, stretch='normal', size='scalable')) = 10.0975
2024-04-10 17:47:20,031 - matplotlib.font_manager - DEBUG  - _findfont_cached - findfont: score(FontEntry(fname='C:\\Windows\\Fonts\\tahomabd.ttf', name='Tahoma', style='normal', variant='normal', weight=700, stretch='normal', size='scalable')) = 10.335
2024-04-10 17:47:20,031 - matplotlib.font_manager - DEBUG  - _findfont_cached - findfont: score(FontEntry(fname='C:\\Windows\\Fonts\\calibrii.ttf', name='Calibri', style='italic', variant='normal', weight=400, stretch='normal', size='scalable')) = 11.05
2024-04-10 17:47:20,031 - matplotlib.font_manager - DEBUG  - _findfont_cached - findfont: score(FontEntry(fname='C:\\Windows\\Fonts\\CALIFB.TTF', name='Californian FB', style='normal', variant='normal', weight=700, stretch='normal', size='scalable')) = 10.335
2024-04-10 17:47:20,031 - matplotlib.font_manager - DEBUG  - _findfont_cached - findfont: score(FontEntry(fname='C:\\Windows\\Fonts\\BOD_BI.TTF', name='Bodoni MT', style='italic', variant='normal', weight=700, stretch='normal', size='scalable')) = 11.335
2024-04-10 17:47:20,031 - matplotlib.font_manager - DEBUG  - _findfont_cached - findfont: score(FontEntry(fname='C:\\Windows\\Fonts\\ERASBD.TTF', name='Eras Bold ITC', style='normal', variant='normal', weight=400, stretch='normal', size='scalable')) = 10.05
2024-04-10 17:47:20,032 - matplotlib.font_manager - DEBUG  - _findfont_cached - findfont: score(FontEntry(fname='C:\\Windows\\Fonts\\ROCKB.TTF', name='Rockwell', style='normal', variant='normal', weight=700, stretch='normal', size='scalable')) = 10.335
2024-04-10 17:47:20,032 - matplotlib.font_manager - DEBUG  - _findfont_cached - findfont: score(FontEntry(fname='C:\\Windows\\Fonts\\NIAGSOL.TTF', name='Niagara Solid', style='normal', variant='normal', weight=400, stretch='normal', size='scalable')) = 10.05
2024-04-10 17:47:20,032 - matplotlib.font_manager - DEBUG  - _findfont_cached - findfont: score(FontEntry(fname='C:\\Windows\\Fonts\\PERI____.TTF', name='Perpetua', style='italic', variant='normal', weight=400, stretch='normal', size='scalable')) = 11.05
2024-04-10 17:47:20,032 - matplotlib.font_manager - DEBUG  - _findfont_cached - findfont: score(FontEntry(fname='C:\\Windows\\Fonts\\BAUHS93.TTF', name='Bauhaus 93', style='normal', variant='normal', weight=400, stretch='normal', size='scalable')) = 10.05
2024-04-10 17:47:20,032 - matplotlib.font_manager - DEBUG  - _findfont_cached - findfont: score(FontEntry(fname='C:\\Windows\\Fonts\\corbell.ttf', name='Corbel', style='normal', variant='normal', weight=300, stretch='normal', size='scalable')) = 10.145
2024-04-10 17:47:20,032 - matplotlib.font_manager - DEBUG  - _findfont_cached - findfont: score(FontEntry(fname='C:\\Windows\\Fonts\\comic.ttf', name='Comic Sans MS', style='normal', variant='normal', weight=400, stretch='normal', size='scalable')) = 10.05
2024-04-10 17:47:20,032 - matplotlib.font_manager - DEBUG  - _findfont_cached - findfont: score(FontEntry(fname='C:\\Windows\\Fonts\\SCRIPTBL.TTF', name='Script MT Bold', style='normal', variant='normal', weight=700, stretch='normal', size='scalable')) = 10.335
2024-04-10 17:47:20,032 - matplotlib.font_manager - DEBUG  - _findfont_cached - findfont: score(FontEntry(fname='C:\\Windows\\Fonts\\SCHLBKB.TTF', name='Century Schoolbook', style='normal', variant='normal', weight=700, stretch='normal', size='scalable')) = 10.335
2024-04-10 17:47:20,032 - matplotlib.font_manager - DEBUG  - _findfont_cached - findfont: score(FontEntry(fname='C:\\Windows\\Fonts\\REFSPCL.TTF', name='MS Reference Specialty', style='normal', variant='normal', weight=400, stretch='normal', size='scalable')) = 10.05
2024-04-10 17:47:20,032 - matplotlib.font_manager - DEBUG  - _findfont_cached - findfont: score(FontEntry(fname='C:\\Windows\\Fonts\\ITCBLKAD.TTF', name='Blackadder ITC', style='normal', variant='normal', weight=400, stretch='normal', size='scalable')) = 10.05
2024-04-10 17:47:20,032 - matplotlib.font_manager - DEBUG  - _findfont_cached - findfont: score(FontEntry(fname='C:\\Windows\\Fonts\\ebrimabd.ttf', name='Ebrima', style='normal', variant='normal', weight=700, stretch='normal', size='scalable')) = 10.335
2024-04-10 17:47:20,032 - matplotlib.font_manager - DEBUG  - _findfont_cached - findfont: score(FontEntry(fname='C:\\Windows\\Fonts\\BOD_CB.TTF', name='Bodoni MT', style='normal', variant='normal', weight=700, stretch='condensed', size='scalable')) = 10.535
2024-04-10 17:47:20,032 - matplotlib.font_manager - DEBUG  - _findfont_cached - findfont: score(FontEntry(fname='C:\\Windows\\Fonts\\PALSCRI.TTF', name='Palace Script MT', style='normal', variant='normal', weight=400, stretch='normal', size='scalable')) = 10.05
2024-04-10 17:47:20,032 - matplotlib.font_manager - DEBUG  - _findfont_cached - findfont: score(FontEntry(fname='C:\\Windows\\Fonts\\GOTHICB.TTF', name='Century Gothic', style='normal', variant='normal', weight=700, stretch='normal', size='scalable')) = 10.335
2024-04-10 17:47:20,032 - matplotlib.font_manager - DEBUG  - _findfont_cached - findfont: score(FontEntry(fname='C:\\Windows\\Fonts\\micross.ttf', name='Microsoft Sans Serif', style='normal', variant='normal', weight=400, stretch='normal', size='scalable')) = 10.05
2024-04-10 17:47:20,032 - matplotlib.font_manager - DEBUG  - _findfont_cached - findfont: score(FontEntry(fname='C:\\Windows\\Fonts\\YuGothR.ttc', name='Yu Gothic', style='normal', variant='normal', weight=400, stretch='normal', size='scalable')) = 10.05
2024-04-10 17:47:20,032 - matplotlib.font_manager - DEBUG  - _findfont_cached - findfont: score(FontEntry(fname='C:\\Windows\\Fonts\\seguisym.ttf', name='Segoe UI Symbol', style='normal', variant='normal', weight=400, stretch='normal', size='scalable')) = 10.05
2024-04-10 17:47:20,032 - matplotlib.font_manager - DEBUG  - _findfont_cached - findfont: score(FontEntry(fname='C:\\Windows\\Fonts\\ERASMD.TTF', name='Eras Medium ITC', style='normal', variant='normal', weight=400, stretch='normal', size='scalable')) = 10.05
2024-04-10 17:47:20,032 - matplotlib.font_manager - DEBUG  - _findfont_cached - findfont: score(FontEntry(fname='C:\\Windows\\Fonts\\segoeuil.ttf', name='Segoe UI', style='normal', variant='normal', weight=300, stretch='normal', size='scalable')) = 10.145
2024-04-10 17:47:20,032 - matplotlib.font_manager - DEBUG  - _findfont_cached - findfont: score(FontEntry(fname='C:\\Windows\\Fonts\\GILSANUB.TTF', name='Gill Sans Ultra Bold', style='normal', variant='normal', weight=400, stretch='normal', size='scalable')) = 10.05
2024-04-10 17:47:20,032 - matplotlib.font_manager - DEBUG  - _findfont_cached - findfont: score(FontEntry(fname='C:\\Windows\\Fonts\\tahoma.ttf', name='Tahoma', style='normal', variant='normal', weight=400, stretch='normal', size='scalable')) = 10.05
2024-04-10 17:47:20,032 - matplotlib.font_manager - DEBUG  - _findfont_cached - findfont: score(FontEntry(fname='C:\\Windows\\Fonts\\monbaiti.ttf', name='Mongolian Baiti', style='normal', variant='normal', weight=400, stretch='normal', size='scalable')) = 10.05
2024-04-10 17:47:20,032 - matplotlib.font_manager - DEBUG  - _findfont_cached - findfont: score(FontEntry(fname='C:\\Windows\\Fonts\\ARIALNI.TTF', name='Arial', style='italic', variant='normal', weight=400, stretch='condensed', size='scalable')) = 7.613636363636363
2024-04-10 17:47:20,032 - matplotlib.font_manager - DEBUG  - _findfont_cached - findfont: score(FontEntry(fname='C:\\Windows\\Fonts\\arialbd.ttf', name='Arial', style='normal', variant='normal', weight=700, stretch='normal', size='scalable')) = 6.698636363636363
2024-04-10 17:47:20,033 - matplotlib.font_manager - DEBUG  - _findfont_cached - findfont: score(FontEntry(fname='C:\\Windows\\Fonts\\Candarai.ttf', name='Candara', style='italic', variant='normal', weight=400, stretch='normal', size='scalable')) = 11.05
2024-04-10 17:47:20,033 - matplotlib.font_manager - DEBUG  - _findfont_cached - findfont: score(FontEntry(fname='C:\\Windows\\Fonts\\wingding.ttf', name='Wingdings', style='normal', variant='normal', weight=400, stretch='normal', size='scalable')) = 10.05
2024-04-10 17:47:20,033 - matplotlib.font_manager - DEBUG  - _findfont_cached - findfont: score(FontEntry(fname='C:\\Windows\\Fonts\\STENCIL.TTF', name='Stencil', style='normal', variant='normal', weight=400, stretch='normal', size='scalable')) = 10.05
2024-04-10 17:47:20,033 - matplotlib.font_manager - DEBUG  - _findfont_cached - findfont: score(FontEntry(fname='C:\\Windows\\Fonts\\SCHLBKBI.TTF', name='Century Schoolbook', style='italic', variant='normal', weight=700, stretch='normal', size='scalable')) = 11.335
2024-04-10 17:47:20,033 - matplotlib.font_manager - DEBUG  - _findfont_cached - findfont: score(FontEntry(fname='C:\\Windows\\Fonts\\consola.ttf', name='Consolas', style='normal', variant='normal', weight=400, stretch='normal', size='scalable')) = 10.05
2024-04-10 17:47:20,033 - matplotlib.font_manager - DEBUG  - _findfont_cached - findfont: score(FontEntry(fname='C:\\Windows\\Fonts\\CALISTB.TTF', name='Calisto MT', style='normal', variant='normal', weight=700, stretch='normal', size='scalable')) = 10.335
2024-04-10 17:47:20,033 - matplotlib.font_manager - DEBUG  - _findfont_cached - findfont: score(FontEntry(fname='C:\\Windows\\Fonts\\framd.ttf', name='Franklin Gothic Medium', style='normal', variant='normal', weight=400, stretch='normal', size='scalable')) = 10.05
2024-04-10 17:47:20,033 - matplotlib.font_manager - DEBUG  - _findfont_cached - findfont: score(FontEntry(fname='C:\\Windows\\Fonts\\AGENCYR.TTF', name='Agency FB', style='normal', variant='normal', weight=400, stretch='normal', size='scalable')) = 10.05
2024-04-10 17:47:20,033 - matplotlib.font_manager - DEBUG  - _findfont_cached - findfont: score(FontEntry(fname='C:\\Windows\\Fonts\\ntailub.ttf', name='Microsoft New Tai Lue', style='normal', variant='normal', weight=700, stretch='normal', size='scalable')) = 10.335
2024-04-10 17:47:20,033 - matplotlib.font_manager - DEBUG  - _findfont_cached - findfont: score(FontEntry(fname='C:\\Windows\\Fonts\\SegoeIcons.ttf', name='Segoe Fluent Icons', style='normal', variant='normal', weight=400, stretch='normal', size='scalable')) = 10.05
2024-04-10 17:47:20,033 - matplotlib.font_manager - DEBUG  - _findfont_cached - findfont: score(FontEntry(fname='C:\\Windows\\Fonts\\DUBAI-BOLD.TTF', name='Dubai', style='normal', variant='normal', weight=700, stretch='normal', size='scalable')) = 10.335
2024-04-10 17:47:20,033 - matplotlib.font_manager - DEBUG  - _findfont_cached - findfont: score(FontEntry(fname='C:\\Windows\\Fonts\\comicbd.ttf', name='Comic Sans MS', style='normal', variant='normal', weight=700, stretch='normal', size='scalable')) = 10.335
2024-04-10 17:47:20,033 - matplotlib.font_manager - DEBUG  - _findfont_cached - findfont: score(FontEntry(fname='C:\\Windows\\Fonts\\HARLOWSI.TTF', name='Harlow Solid Italic', style='italic', variant='normal', weight=400, stretch='normal', size='scalable')) = 11.05
2024-04-10 17:47:20,033 - matplotlib.font_manager - DEBUG  - _findfont_cached - findfont: score(FontEntry(fname='C:\\Windows\\Fonts\\COOPBL.TTF', name='Cooper Black', style='normal', variant='normal', weight=400, stretch='normal', size='scalable')) = 10.05
2024-04-10 17:47:20,033 - matplotlib.font_manager - DEBUG  - _findfont_cached - findfont: score(FontEntry(fname='C:\\Windows\\Fonts\\cour.ttf', name='Courier New', style='normal', variant='normal', weight=400, stretch='normal', size='scalable')) = 10.05
2024-04-10 17:47:20,033 - matplotlib.font_manager - DEBUG  - _findfont_cached - findfont: score(FontEntry(fname='C:\\Windows\\Fonts\\ALGER.TTF', name='Algerian', style='normal', variant='normal', weight=400, stretch='normal', size='scalable')) = 10.05
2024-04-10 17:47:20,033 - matplotlib.font_manager - DEBUG  - _findfont_cached - findfont: score(FontEntry(fname='C:\\Windows\\Fonts\\LFAXDI.TTF', name='Lucida Fax', style='italic', variant='normal', weight=600, stretch='normal', size='scalable')) = 11.24
2024-04-10 17:47:20,033 - matplotlib.font_manager - DEBUG  - _findfont_cached - findfont: score(FontEntry(fname='C:\\Windows\\Fonts\\LEELAWAD.TTF', name='Leelawadee', style='normal', variant='normal', weight=400, stretch='normal', size='scalable')) = 10.05
2024-04-10 17:47:20,033 - matplotlib.font_manager - DEBUG  - _findfont_cached - findfont: score(FontEntry(fname='C:\\Windows\\Fonts\\RAGE.TTF', name='Rage Italic', style='italic', variant='normal', weight=400, stretch='normal', size='scalable')) = 11.05
2024-04-10 17:47:20,033 - matplotlib.font_manager - DEBUG  - _findfont_cached - findfont: score(FontEntry(fname='C:\\Windows\\Fonts\\courbi.ttf', name='Courier New', style='italic', variant='normal', weight=700, stretch='normal', size='scalable')) = 11.335
2024-04-10 17:47:20,033 - matplotlib.font_manager - DEBUG  - _findfont_cached - findfont: score(FontEntry(fname='C:\\Windows\\Fonts\\VLADIMIR.TTF', name='Vladimir Script', style='normal', variant='normal', weight=400, stretch='normal', size='scalable')) = 10.05
2024-04-10 17:47:20,033 - matplotlib.font_manager - DEBUG  - _findfont_cached - findfont: score(FontEntry(fname='C:\\Windows\\Fonts\\LBRITE.TTF', name='Lucida Bright', style='normal', variant='normal', weight=400, stretch='normal', size='scalable')) = 10.05
2024-04-10 17:47:20,033 - matplotlib.font_manager - DEBUG  - _findfont_cached - findfont: score(FontEntry(fname='C:\\Windows\\Fonts\\TCCM____.TTF', name='Tw Cen MT Condensed', style='normal', variant='normal', weight=400, stretch='condensed', size='scalable')) = 10.25
2024-04-10 17:47:20,033 - matplotlib.font_manager - DEBUG  - _findfont_cached - findfont: score(FontEntry(fname='C:\\Windows\\Fonts\\KUNSTLER.TTF', name='Kunstler Script', style='normal', variant='normal', weight=400, stretch='normal', size='scalable')) = 10.05
2024-04-10 17:47:20,033 - matplotlib.font_manager - DEBUG  - _findfont_cached - findfont: score(FontEntry(fname='C:\\Windows\\Fonts\\himalaya.ttf', name='Microsoft Himalaya', style='normal', variant='normal', weight=400, stretch='normal', size='scalable')) = 10.05
2024-04-10 17:47:20,034 - matplotlib.font_manager - DEBUG  - _findfont_cached - findfont: score(FontEntry(fname='C:\\Windows\\Fonts\\verdanai.ttf', name='Verdana', style='italic', variant='normal', weight=400, stretch='normal', size='scalable')) = 4.6863636363636365
2024-04-10 17:47:20,034 - matplotlib.font_manager - DEBUG  - _findfont_cached - findfont: score(FontEntry(fname='C:\\Windows\\Fonts\\HTOWERT.TTF', name='High Tower Text', style='normal', variant='normal', weight=400, stretch='normal', size='scalable')) = 10.05
2024-04-10 17:47:20,034 - matplotlib.font_manager - DEBUG  - _findfont_cached - findfont: score(FontEntry(fname='C:\\Windows\\Fonts\\georgia.ttf', name='Georgia', style='normal', variant='normal', weight=400, stretch='normal', size='scalable')) = 10.05
2024-04-10 17:47:20,034 - matplotlib.font_manager - DEBUG  - _findfont_cached - findfont: score(FontEntry(fname='C:\\Windows\\Fonts\\TCBI____.TTF', name='Tw Cen MT', style='italic', variant='normal', weight=700, stretch='normal', size='scalable')) = 11.335
2024-04-10 17:47:20,034 - matplotlib.font_manager - DEBUG  - _findfont_cached - findfont: score(FontEntry(fname='C:\\Windows\\Fonts\\MSUIGHUR.TTF', name='Microsoft Uighur', style='normal', variant='normal', weight=400, stretch='normal', size='scalable')) = 10.05
2024-04-10 17:47:20,034 - matplotlib.font_manager - DEBUG  - _findfont_cached - findfont: score(FontEntry(fname='C:\\Windows\\Fonts\\Candarali.ttf', name='Candara', style='italic', variant='normal', weight=400, stretch='normal', size='scalable')) = 11.05
2024-04-10 17:47:20,034 - matplotlib.font_manager - DEBUG  - _findfont_cached - findfont: score(FontEntry(fname='C:\\Windows\\Fonts\\ROCCB___.TTF', name='Rockwell Condensed', style='normal', variant='normal', weight=700, stretch='condensed', size='scalable')) = 10.535
2024-04-10 17:47:20,034 - matplotlib.font_manager - DEBUG  - _findfont_cached - findfont: score(FontEntry(fname='C:\\Windows\\Fonts\\PARCHM.TTF', name='Parchment', style='normal', variant='normal', weight=400, stretch='normal', size='scalable')) = 10.05
2024-04-10 17:47:20,034 - matplotlib.font_manager - DEBUG  - _findfont_cached - findfont: score(FontEntry(fname='C:\\Windows\\Fonts\\ANTQUABI.TTF', name='Book Antiqua', style='italic', variant='normal', weight=700, stretch='normal', size='scalable')) = 11.335
2024-04-10 17:47:20,034 - matplotlib.font_manager - DEBUG  - _findfont_cached - findfont: score(FontEntry(fname='C:\\Windows\\Fonts\\BOD_R.TTF', name='Bodoni MT', style='normal', variant='normal', weight=400, stretch='normal', size='scalable')) = 10.05
2024-04-10 17:47:20,034 - matplotlib.font_manager - DEBUG  - _findfont_cached - findfont: score(FontEntry(fname='C:\\Windows\\Fonts\\CALISTI.TTF', name='Calisto MT', style='italic', variant='normal', weight=400, stretch='normal', size='scalable')) = 11.05
2024-04-10 17:47:20,034 - matplotlib.font_manager - DEBUG  - _findfont_cached - findfont: score(FontEntry(fname='C:\\Windows\\Fonts\\segoescb.ttf', name='Segoe Script', style='normal', variant='normal', weight=700, stretch='normal', size='scalable')) = 10.335
2024-04-10 17:47:20,034 - matplotlib.font_manager - DEBUG  - _findfont_cached - findfont: score(FontEntry(fname='C:\\Windows\\Fonts\\calibril.ttf', name='Calibri', style='normal', variant='normal', weight=300, stretch='normal', size='scalable')) = 10.145
2024-04-10 17:47:20,034 - matplotlib.font_manager - DEBUG  - _findfont_cached - findfont: score(FontEntry(fname='C:\\Windows\\Fonts\\PER_____.TTF', name='Perpetua', style='normal', variant='normal', weight=400, stretch='normal', size='scalable')) = 10.05
2024-04-10 17:47:20,034 - matplotlib.font_manager - DEBUG  - _findfont_cached - findfont: score(FontEntry(fname='C:\\Windows\\Fonts\\webdings.ttf', name='Webdings', style='normal', variant='normal', weight=400, stretch='normal', size='scalable')) = 10.05
2024-04-10 17:47:20,034 - matplotlib.font_manager - DEBUG  - _findfont_cached - findfont: score(FontEntry(fname='C:\\Windows\\Fonts\\RAVIE.TTF', name='Ravie', style='normal', variant='normal', weight=400, stretch='normal', size='scalable')) = 10.05
2024-04-10 17:47:20,034 - matplotlib.font_manager - DEBUG  - _findfont_cached - findfont: score(FontEntry(fname='C:\\Windows\\Fonts\\FORTE.TTF', name='Forte', style='normal', variant='normal', weight=400, stretch='normal', size='scalable')) = 10.05
2024-04-10 17:47:20,034 - matplotlib.font_manager - DEBUG  - _findfont_cached - findfont: score(FontEntry(fname='C:\\Windows\\Fonts\\IMPRISHA.TTF', name='Imprint MT Shadow', style='normal', variant='normal', weight=400, stretch='normal', size='scalable')) = 10.05
2024-04-10 17:47:20,034 - matplotlib.font_manager - DEBUG  - _findfont_cached - findfont: score(FontEntry(fname='C:\\Windows\\Fonts\\BKANT.TTF', name='Book Antiqua', style='normal', variant='normal', weight=400, stretch='normal', size='scalable')) = 10.05
2024-04-10 17:47:20,034 - matplotlib.font_manager - DEBUG  - _findfont_cached - findfont: score(FontEntry(fname='C:\\Windows\\Fonts\\segoeuib.ttf', name='Segoe UI', style='normal', variant='normal', weight=700, stretch='normal', size='scalable')) = 10.335
2024-04-10 17:47:20,034 - matplotlib.font_manager - DEBUG  - _findfont_cached - findfont: score(FontEntry(fname='C:\\Windows\\Fonts\\SansSerifCollection.ttf', name='Sans Serif Collection', style='normal', variant='normal', weight=400, stretch='normal', size='scalable')) = 10.05
2024-04-10 17:47:20,034 - matplotlib.font_manager - DEBUG  - _findfont_cached - findfont: score(FontEntry(fname='C:\\Windows\\Fonts\\ariali.ttf', name='Arial', style='italic', variant='normal', weight=400, stretch='normal', size='scalable')) = 7.413636363636363
2024-04-10 17:47:20,034 - matplotlib.font_manager - DEBUG  - _findfont_cached - findfont: score(FontEntry(fname='C:\\Windows\\Fonts\\MSUIGHUB.TTF', name='Microsoft Uighur', style='normal', variant='normal', weight=700, stretch='normal', size='scalable')) = 10.335
2024-04-10 17:47:20,034 - matplotlib.font_manager - DEBUG  - _findfont_cached - findfont: score(FontEntry(fname='C:\\Windows\\Fonts\\POORICH.TTF', name='Poor Richard', style='normal', variant='normal', weight=400, stretch='normal', size='scalable')) = 10.05
2024-04-10 17:47:20,034 - matplotlib.font_manager - DEBUG  - _findfont_cached - findfont: score(FontEntry(fname='C:\\Windows\\Fonts\\timesbi.ttf', name='Times New Roman', style='italic', variant='normal', weight=700, stretch='normal', size='scalable')) = 11.335
2024-04-10 17:47:20,034 - matplotlib.font_manager - DEBUG  - _findfont_cached - findfont: score(FontEntry(fname='C:\\Windows\\Fonts\\NirmalaB.ttf', name='Nirmala UI', style='normal', variant='normal', weight=700, stretch='normal', size='scalable')) = 10.335
2024-04-10 17:47:20,035 - matplotlib.font_manager - DEBUG  - _findfont_cached - findfont: score(FontEntry(fname='C:\\Windows\\Fonts\\GILLUBCD.TTF', name='Gill Sans Ultra Bold Condensed', style='normal', variant='normal', weight=400, stretch='condensed', size='scalable')) = 10.25
2024-04-10 17:47:20,035 - matplotlib.font_manager - DEBUG  - _findfont_cached - findfont: score(FontEntry(fname='C:\\Windows\\Fonts\\OLDENGL.TTF', name='Old English Text MT', style='normal', variant='normal', weight=400, stretch='normal', size='scalable')) = 10.05
2024-04-10 17:47:20,035 - matplotlib.font_manager - DEBUG  - _findfont_cached - findfont: score(FontEntry(fname='C:\\Windows\\Fonts\\LeelawUI.ttf', name='Leelawadee UI', style='normal', variant='normal', weight=400, stretch='normal', size='scalable')) = 10.05
2024-04-10 17:47:20,035 - matplotlib.font_manager - DEBUG  - _findfont_cached - findfont: score(FontEntry(fname='C:\\Windows\\Fonts\\georgiaz.ttf', name='Georgia', style='italic', variant='normal', weight=700, stretch='normal', size='scalable')) = 11.335
2024-04-10 17:47:20,035 - matplotlib.font_manager - DEBUG  - _findfont_cached - findfont: score(FontEntry(fname='C:\\Windows\\Fonts\\ROCC____.TTF', name='Rockwell Condensed', style='normal', variant='normal', weight=400, stretch='condensed', size='scalable')) = 10.25
2024-04-10 17:47:20,035 - matplotlib.font_manager - DEBUG  - _findfont_cached - findfont: score(FontEntry(fname='C:\\Windows\\Fonts\\ROCKI.TTF', name='Rockwell', style='italic', variant='normal', weight=400, stretch='normal', size='scalable')) = 11.05
2024-04-10 17:47:20,035 - matplotlib.font_manager - DEBUG  - _findfont_cached - findfont: score(FontEntry(fname='C:\\Windows\\Fonts\\REFSAN.TTF', name='MS Reference Sans Serif', style='normal', variant='normal', weight=400, stretch='normal', size='scalable')) = 10.05
2024-04-10 17:47:20,035 - matplotlib.font_manager - DEBUG  - _findfont_cached - findfont: score(FontEntry(fname='C:\\Windows\\Fonts\\GOUDOSB.TTF', name='Goudy Old Style', style='normal', variant='normal', weight=700, stretch='normal', size='scalable')) = 10.335
2024-04-10 17:47:20,035 - matplotlib.font_manager - DEBUG  - _findfont_cached - findfont: score(FontEntry(fname='C:\\Windows\\Fonts\\seguili.ttf', name='Segoe UI', style='italic', variant='normal', weight=300, stretch='normal', size='scalable')) = 11.145
2024-04-10 17:47:20,035 - matplotlib.font_manager - DEBUG  - _findfont_cached - findfont: score(FontEntry(fname='C:\\Windows\\Fonts\\SCHLBKI.TTF', name='Century Schoolbook', style='italic', variant='normal', weight=400, stretch='normal', size='scalable')) = 11.05
2024-04-10 17:47:20,035 - matplotlib.font_manager - DEBUG  - _findfont_cached - findfont: score(FontEntry(fname='C:\\Windows\\Fonts\\HATTEN.TTF', name='Haettenschweiler', style='normal', variant='normal', weight=400, stretch='normal', size='scalable')) = 10.05
2024-04-10 17:47:20,035 - matplotlib.font_manager - DEBUG  - _findfont_cached - findfont: score(FontEntry(fname='C:\\Windows\\Fonts\\CURLZ___.TTF', name='Curlz MT', style='normal', variant='normal', weight=400, stretch='normal', size='scalable')) = 10.05
2024-04-10 17:47:20,035 - matplotlib.font_manager - DEBUG  - _findfont_cached - findfont: score(FontEntry(fname='C:\\Windows\\Fonts\\FRADMIT.TTF', name='Franklin Gothic Demi', style='italic', variant='normal', weight=400, stretch='normal', size='scalable')) = 11.05
2024-04-10 17:47:20,035 - matplotlib.font_manager - DEBUG  - _findfont_cached - findfont: score(FontEntry(fname='C:\\Windows\\Fonts\\BERNHC.TTF', name='Bernard MT Condensed', style='normal', variant='normal', weight=400, stretch='condensed', size='scalable')) = 10.25
2024-04-10 17:47:20,035 - matplotlib.font_manager - DEBUG  - _findfont_cached - findfont: score(FontEntry(fname='C:\\Windows\\Fonts\\ITCEDSCR.TTF', name='Edwardian Script ITC', style='normal', variant='normal', weight=400, stretch='normal', size='scalable')) = 10.05
2024-04-10 17:47:20,035 - matplotlib.font_manager - DEBUG  - _findfont_cached - findfont: score(FontEntry(fname='C:\\Windows\\Fonts\\msjhbd.ttc', name='Microsoft JhengHei', style='normal', variant='normal', weight=700, stretch='normal', size='scalable')) = 10.335
2024-04-10 17:47:20,035 - matplotlib.font_manager - DEBUG  - _findfont_cached - findfont: score(FontEntry(fname='C:\\Windows\\Fonts\\LTYPEBO.TTF', name='Lucida Sans Typewriter', style='oblique', variant='normal', weight=600, stretch='normal', size='scalable')) = 11.24
2024-04-10 17:47:20,035 - matplotlib.font_manager - DEBUG  - _findfont_cached - findfont: score(FontEntry(fname='C:\\Windows\\Fonts\\ariblk.ttf', name='Arial', style='normal', variant='normal', weight=900, stretch='normal', size='scalable')) = 6.888636363636364
2024-04-10 17:47:20,035 - matplotlib.font_manager - DEBUG  - _findfont_cached - findfont: score(FontEntry(fname='C:\\Windows\\Fonts\\ROCKEB.TTF', name='Rockwell Extra Bold', style='normal', variant='normal', weight=800, stretch='normal', size='scalable')) = 10.43
2024-04-10 17:47:20,035 - matplotlib.font_manager - DEBUG  - _findfont_cached - findfont: score(FontEntry(fname='C:\\Windows\\Fonts\\WINGDNG3.TTF', name='Wingdings 3', style='normal', variant='normal', weight=400, stretch='normal', size='scalable')) = 10.05
2024-04-10 17:47:20,035 - matplotlib.font_manager - DEBUG  - _findfont_cached - findfont: score(FontEntry(fname='C:\\Windows\\Fonts\\BRLNSB.TTF', name='Berlin Sans FB', style='normal', variant='normal', weight=700, stretch='normal', size='scalable')) = 10.335
2024-04-10 17:47:20,035 - matplotlib.font_manager - DEBUG  - _findfont_cached - findfont: score(FontEntry(fname='C:\\Windows\\Fonts\\PERTILI.TTF', name='Perpetua Titling MT', style='normal', variant='normal', weight=300, stretch='normal', size='scalable')) = 10.145
2024-04-10 17:47:20,035 - matplotlib.font_manager - DEBUG  - _findfont_cached - findfont: score(FontEntry(fname='C:\\Windows\\Fonts\\segoeprb.ttf', name='Segoe Print', style='normal', variant='normal', weight=700, stretch='normal', size='scalable')) = 10.335
2024-04-10 17:47:20,035 - matplotlib.font_manager - DEBUG  - _findfont_cached - findfont: score(FontEntry(fname='C:\\Windows\\Fonts\\LSANS.TTF', name='Lucida Sans', style='normal', variant='normal', weight=400, stretch='normal', size='scalable')) = 10.05
2024-04-10 17:47:20,035 - matplotlib.font_manager - DEBUG  - _findfont_cached - findfont: score(FontEntry(fname='C:\\Windows\\Fonts\\YuGothB.ttc', name='Yu Gothic', style='normal', variant='normal', weight=700, stretch='normal', size='scalable')) = 10.335
2024-04-10 17:47:20,035 - matplotlib.font_manager - DEBUG  - _findfont_cached - findfont: score(FontEntry(fname='C:\\Windows\\Fonts\\segoeuii.ttf', name='Segoe UI', style='italic', variant='normal', weight=400, stretch='normal', size='scalable')) = 11.05
2024-04-10 17:47:20,036 - matplotlib.font_manager - DEBUG  - _findfont_cached - findfont: score(FontEntry(fname='C:\\Windows\\Fonts\\LATINWD.TTF', name='Wide Latin', style='normal', variant='normal', weight=400, stretch='expanded', size='scalable')) = 10.25
2024-04-10 17:47:20,036 - matplotlib.font_manager - DEBUG  - _findfont_cached - findfont: score(FontEntry(fname='C:\\Windows\\Fonts\\YuGothM.ttc', name='Yu Gothic', style='normal', variant='normal', weight=500, stretch='normal', size='scalable')) = 10.145
2024-04-10 17:47:20,036 - matplotlib.font_manager - DEBUG  - _findfont_cached - findfont: score(FontEntry(fname='C:\\Windows\\Fonts\\LBRITEI.TTF', name='Lucida Bright', style='italic', variant='normal', weight=400, stretch='normal', size='scalable')) = 11.05
2024-04-10 17:47:20,036 - matplotlib.font_manager - DEBUG  - _findfont_cached - findfont: score(FontEntry(fname='C:\\Windows\\Fonts\\BOD_B.TTF', name='Bodoni MT', style='normal', variant='normal', weight=700, stretch='normal', size='scalable')) = 10.335
2024-04-10 17:47:20,036 - matplotlib.font_manager - DEBUG  - _findfont_cached - findfont: score(FontEntry(fname='C:\\Windows\\Fonts\\HARNGTON.TTF', name='Harrington', style='normal', variant='normal', weight=400, stretch='normal', size='scalable')) = 10.05
2024-04-10 17:47:20,036 - matplotlib.font_manager - DEBUG  - _findfont_cached - findfont: score(FontEntry(fname='C:\\Windows\\Fonts\\segoeuisl.ttf', name='Segoe UI', style='normal', variant='normal', weight=350, stretch='normal', size='scalable')) = 10.0975
2024-04-10 17:47:20,036 - matplotlib.font_manager - DEBUG  - _findfont_cached - findfont: score(FontEntry(fname='C:\\Windows\\Fonts\\GILI____.TTF', name='Gill Sans MT', style='italic', variant='normal', weight=400, stretch='normal', size='scalable')) = 11.05
2024-04-10 17:47:20,036 - matplotlib.font_manager - DEBUG  - _findfont_cached - findfont: score(FontEntry(fname='C:\\Windows\\Fonts\\TEMPSITC.TTF', name='Tempus Sans ITC', style='normal', variant='normal', weight=400, stretch='normal', size='scalable')) = 10.05
2024-04-10 17:47:20,036 - matplotlib.font_manager - DEBUG  - _findfont_cached - findfont: score(FontEntry(fname='C:\\Windows\\Fonts\\comicz.ttf', name='Comic Sans MS', style='italic', variant='normal', weight=700, stretch='normal', size='scalable')) = 11.335
2024-04-10 17:47:20,036 - matplotlib.font_manager - DEBUG  - _findfont_cached - findfont: score(FontEntry(fname='C:\\Windows\\Fonts\\BRITANIC.TTF', name='Britannic Bold', style='normal', variant='normal', weight=400, stretch='normal', size='scalable')) = 10.05
2024-04-10 17:47:20,036 - matplotlib.font_manager - DEBUG  - _findfont_cached - findfont: score(FontEntry(fname='C:\\Windows\\Fonts\\DUBAI-REGULAR.TTF', name='Dubai', style='normal', variant='normal', weight=400, stretch='normal', size='scalable')) = 10.05
2024-04-10 17:47:20,036 - matplotlib.font_manager - DEBUG  - _findfont_cached - findfont: score(FontEntry(fname='C:\\Windows\\Fonts\\segoepr.ttf', name='Segoe Print', style='normal', variant='normal', weight=400, stretch='normal', size='scalable')) = 10.05
2024-04-10 17:47:20,036 - matplotlib.font_manager - DEBUG  - _findfont_cached - findfont: score(FontEntry(fname='C:\\Windows\\Fonts\\comici.ttf', name='Comic Sans MS', style='italic', variant='normal', weight=400, stretch='normal', size='scalable')) = 11.05
2024-04-10 17:47:20,036 - matplotlib.font_manager - DEBUG  - _findfont_cached - findfont: score(FontEntry(fname='C:\\Windows\\Fonts\\CALIFI.TTF', name='Californian FB', style='italic', variant='normal', weight=400, stretch='normal', size='scalable')) = 11.05
2024-04-10 17:47:20,036 - matplotlib.font_manager - DEBUG  - _findfont_cached - findfont: score(FontEntry(fname='C:\\Windows\\Fonts\\PAPYRUS.TTF', name='Papyrus', style='normal', variant='normal', weight=400, stretch='normal', size='scalable')) = 10.05
2024-04-10 17:47:20,036 - matplotlib.font_manager - DEBUG  - _findfont_cached - findfont: score(FontEntry(fname='C:\\Windows\\Fonts\\PERTIBD.TTF', name='Perpetua Titling MT', style='normal', variant='normal', weight=700, stretch='normal', size='scalable')) = 10.335
2024-04-10 17:47:20,036 - matplotlib.font_manager - DEBUG  - _findfont_cached - findfont: score(FontEntry(fname='C:\\Windows\\Fonts\\timesbd.ttf', name='Times New Roman', style='normal', variant='normal', weight=700, stretch='normal', size='scalable')) = 10.335
2024-04-10 17:47:20,036 - matplotlib.font_manager - DEBUG  - _findfont_cached - findfont: score(FontEntry(fname='C:\\Windows\\Fonts\\seguiemj.ttf', name='Segoe UI Emoji', style='normal', variant='normal', weight=400, stretch='normal', size='scalable')) = 10.05
2024-04-10 17:47:20,036 - matplotlib.font_manager - DEBUG  - _findfont_cached - findfont: score(FontEntry(fname='C:\\Windows\\Fonts\\palab.ttf', name='Palatino Linotype', style='normal', variant='normal', weight=700, stretch='normal', size='scalable')) = 10.335
2024-04-10 17:47:20,036 - matplotlib.font_manager - DEBUG  - _findfont_cached - findfont: score(FontEntry(fname='C:\\Windows\\Fonts\\BOOKOSB.TTF', name='Bookman Old Style', style='normal', variant='normal', weight=600, stretch='normal', size='scalable')) = 10.24
2024-04-10 17:47:20,036 - matplotlib.font_manager - DEBUG  - _findfont_cached - findfont: score(FontEntry(fname='C:\\Windows\\Fonts\\couri.ttf', name='Courier New', style='italic', variant='normal', weight=400, stretch='normal', size='scalable')) = 11.05
2024-04-10 17:47:20,036 - matplotlib.font_manager - DEBUG  - _findfont_cached - findfont: score(FontEntry(fname='C:\\Windows\\Fonts\\MTCORSVA.TTF', name='Monotype Corsiva', style='normal', variant='normal', weight=400, stretch='normal', size='scalable')) = 10.05
2024-04-10 17:47:20,036 - matplotlib.font_manager - DEBUG  - _findfont_cached - findfont: score(FontEntry(fname='C:\\Windows\\Fonts\\gadugi.ttf', name='Gadugi', style='normal', variant='normal', weight=400, stretch='normal', size='scalable')) = 10.05
2024-04-10 17:47:20,036 - matplotlib.font_manager - DEBUG  - _findfont_cached - findfont: score(FontEntry(fname='C:\\Windows\\Fonts\\calibrib.ttf', name='Calibri', style='normal', variant='normal', weight=700, stretch='normal', size='scalable')) = 10.335
2024-04-10 17:47:20,036 - matplotlib.font_manager - DEBUG  - _findfont_cached - findfont: score(FontEntry(fname='C:\\Windows\\Fonts\\BELLB.TTF', name='Bell MT', style='normal', variant='normal', weight=700, stretch='normal', size='scalable')) = 10.335
2024-04-10 17:47:20,036 - matplotlib.font_manager - DEBUG  - _findfont_cached - findfont: score(FontEntry(fname='C:\\Windows\\Fonts\\msgothic.ttc', name='MS Gothic', style='normal', variant='normal', weight=400, stretch='normal', size='scalable')) = 10.05
2024-04-10 17:47:20,036 - matplotlib.font_manager - DEBUG  - _findfont_cached - findfont: score(FontEntry(fname='C:\\Windows\\Fonts\\CascadiaCode.ttf', name='Cascadia Code', style='normal', variant='normal', weight=400, stretch='normal', size='scalable')) = 10.05
2024-04-10 17:47:20,036 - matplotlib.font_manager - DEBUG  - _findfont_cached - findfont: score(FontEntry(fname='C:\\Windows\\Fonts\\corbeli.ttf', name='Corbel', style='italic', variant='normal', weight=400, stretch='normal', size='scalable')) = 11.05
2024-04-10 17:47:20,036 - matplotlib.font_manager - DEBUG  - _findfont_cached - findfont: score(FontEntry(fname='C:\\Windows\\Fonts\\BRADHITC.TTF', name='Bradley Hand ITC', style='normal', variant='normal', weight=400, stretch='normal', size='scalable')) = 10.05
2024-04-10 17:47:20,036 - matplotlib.font_manager - DEBUG  - _findfont_cached - findfont: score(FontEntry(fname='C:\\Windows\\Fonts\\courbd.ttf', name='Courier New', style='normal', variant='normal', weight=700, stretch='normal', size='scalable')) = 10.335
2024-04-10 17:47:20,036 - matplotlib.font_manager - DEBUG  - _findfont_cached - findfont: score(FontEntry(fname='C:\\Windows\\Fonts\\DUBAI-MEDIUM.TTF', name='Dubai', style='normal', variant='normal', weight=500, stretch='normal', size='scalable')) = 10.145
2024-04-10 17:47:20,036 - matplotlib.font_manager - DEBUG  - _findfont_cached - findfont: score(FontEntry(fname='C:\\Windows\\Fonts\\MOD20.TTF', name='Modern No. 20', style='normal', variant='normal', weight=400, stretch='normal', size='scalable')) = 10.05
2024-04-10 17:47:20,036 - matplotlib.font_manager - DEBUG  - _findfont_cached - findfont: score(FontEntry(fname='C:\\Windows\\Fonts\\trebucbd.ttf', name='Trebuchet MS', style='normal', variant='normal', weight=700, stretch='normal', size='scalable')) = 10.335
2024-04-10 17:47:20,036 - matplotlib.font_manager - DEBUG  - _findfont_cached - findfont: score(FontEntry(fname='C:\\Windows\\Fonts\\LHANDW.TTF', name='Lucida Handwriting', style='italic', variant='normal', weight=400, stretch='normal', size='scalable')) = 11.05
2024-04-10 17:47:20,036 - matplotlib.font_manager - DEBUG  - _findfont_cached - findfont: score(FontEntry(fname='C:\\Windows\\Fonts\\MTEXTRA.TTF', name='MT Extra', style='normal', variant='normal', weight=400, stretch='normal', size='scalable')) = 10.05
2024-04-10 17:47:20,038 - matplotlib.font_manager - DEBUG  - _findfont_cached - findfont: score(FontEntry(fname='C:\\Windows\\Fonts\\Nirmala.ttf', name='Nirmala UI', style='normal', variant='normal', weight=400, stretch='normal', size='scalable')) = 10.05
2024-04-10 17:47:20,038 - matplotlib.font_manager - DEBUG  - _findfont_cached - findfont: score(FontEntry(fname='C:\\Windows\\Fonts\\GOTHIC.TTF', name='Century Gothic', style='normal', variant='normal', weight=400, stretch='normal', size='scalable')) = 10.05
2024-04-10 17:47:20,038 - matplotlib.font_manager - DEBUG  - _findfont_cached - findfont: score(FontEntry(fname='C:\\Windows\\Fonts\\GLECB.TTF', name='Gloucester MT Extra Condensed', style='normal', variant='normal', weight=400, stretch='condensed', size='scalable')) = 10.25
2024-04-10 17:47:20,038 - matplotlib.font_manager - DEBUG  - _findfont_cached - findfont: score(FontEntry(fname='C:\\Windows\\Fonts\\seguisbi.ttf', name='Segoe UI', style='italic', variant='normal', weight=600, stretch='normal', size='scalable')) = 11.24
2024-04-10 17:47:20,038 - matplotlib.font_manager - DEBUG  - _findfont_cached - findfont: score(FontEntry(fname='C:\\Windows\\Fonts\\ANTQUAI.TTF', name='Book Antiqua', style='italic', variant='normal', weight=400, stretch='normal', size='scalable')) = 11.05
2024-04-10 17:47:20,038 - matplotlib.font_manager - DEBUG  - _findfont_cached - findfont: score(FontEntry(fname='C:\\Windows\\Fonts\\cambriaz.ttf', name='Cambria', style='italic', variant='normal', weight=700, stretch='normal', size='scalable')) = 11.335
2024-04-10 17:47:20,038 - matplotlib.font_manager - DEBUG  - _findfont_cached - findfont: score(FontEntry(fname='C:\\Windows\\Fonts\\HTOWERTI.TTF', name='High Tower Text', style='italic', variant='normal', weight=400, stretch='normal', size='scalable')) = 11.05
2024-04-10 17:47:20,038 - matplotlib.font_manager - DEBUG  - _findfont_cached - findfont: score(FontEntry(fname='C:\\Windows\\Fonts\\GLSNECB.TTF', name='Gill Sans MT Ext Condensed Bold', style='normal', variant='normal', weight=400, stretch='condensed', size='scalable')) = 10.25
2024-04-10 17:47:20,038 - matplotlib.font_manager - DEBUG  - _findfont_cached - findfont: score(FontEntry(fname='C:\\Windows\\Fonts\\ROCK.TTF', name='Rockwell', style='normal', variant='normal', weight=400, stretch='normal', size='scalable')) = 10.05
2024-04-10 17:47:20,038 - matplotlib.font_manager - DEBUG  - _findfont_cached - findfont: score(FontEntry(fname='C:\\Windows\\Fonts\\ERASDEMI.TTF', name='Eras Demi ITC', style='normal', variant='normal', weight=400, stretch='normal', size='scalable')) = 10.05
2024-04-10 17:47:20,038 - matplotlib.font_manager - DEBUG  - _findfont_cached - findfont: score(FontEntry(fname='C:\\Windows\\Fonts\\BOOKOS.TTF', name='Bookman Old Style', style='normal', variant='normal', weight=300, stretch='normal', size='scalable')) = 10.145
2024-04-10 17:47:20,038 - matplotlib.font_manager - DEBUG  - _findfont_cached - findfont: score(FontEntry(fname='C:\\Windows\\Fonts\\mmrtext.ttf', name='Myanmar Text', style='normal', variant='normal', weight=400, stretch='normal', size='scalable')) = 10.05
2024-04-10 17:47:20,038 - matplotlib.font_manager - DEBUG  - _findfont_cached - findfont: score(FontEntry(fname='C:\\Windows\\Fonts\\SegUIVar.ttf', name='Segoe UI Variable', style='normal', variant='normal', weight=400, stretch='normal', size='scalable')) = 10.05
2024-04-10 17:47:20,038 - matplotlib.font_manager - DEBUG  - _findfont_cached - findfont: score(FontEntry(fname='C:\\Windows\\Fonts\\Candaraz.ttf', name='Candara', style='italic', variant='normal', weight=700, stretch='normal', size='scalable')) = 11.335
2024-04-10 17:47:20,038 - matplotlib.font_manager - DEBUG  - _findfont_cached - findfont: score(FontEntry(fname='C:\\Windows\\Fonts\\Candara.ttf', name='Candara', style='normal', variant='normal', weight=400, stretch='normal', size='scalable')) = 10.05
2024-04-10 17:47:20,038 - matplotlib.font_manager - DEBUG  - _findfont_cached - findfont: score(FontEntry(fname='C:\\Windows\\Fonts\\LFAXI.TTF', name='Lucida Fax', style='italic', variant='normal', weight=400, stretch='normal', size='scalable')) = 11.05
2024-04-10 17:47:20,038 - matplotlib.font_manager - DEBUG  - _findfont_cached - findfont: score(FontEntry(fname='C:\\Windows\\Fonts\\FRAHV.TTF', name='Franklin Gothic Heavy', style='normal', variant='normal', weight=400, stretch='normal', size='scalable')) = 10.05
2024-04-10 17:47:20,038 - matplotlib.font_manager - DEBUG  - _findfont_cached - findfont: score(FontEntry(fname='C:\\Windows\\Fonts\\GOUDYSTO.TTF', name='Goudy Stout', style='normal', variant='normal', weight=400, stretch='normal', size='scalable')) = 10.05
2024-04-10 17:47:20,038 - matplotlib.font_manager - DEBUG  - _findfont_cached - findfont: score(FontEntry(fname='C:\\Windows\\Fonts\\pala.ttf', name='Palatino Linotype', style='normal', variant='normal', weight=400, stretch='normal', size='scalable')) = 10.05
2024-04-10 17:47:20,038 - matplotlib.font_manager - DEBUG  - _findfont_cached - findfont: score(FontEntry(fname='C:\\Windows\\Fonts\\LSANSD.TTF', name='Lucida Sans', style='normal', variant='normal', weight=600, stretch='normal', size='scalable')) = 10.24
2024-04-10 17:47:20,038 - matplotlib.font_manager - DEBUG  - _findfont_cached - findfont: score(FontEntry(fname='C:\\Windows\\Fonts\\Inkfree.ttf', name='Ink Free', style='normal', variant='normal', weight=400, stretch='normal', size='scalable')) = 10.05
2024-04-10 17:47:20,038 - matplotlib.font_manager - DEBUG  - _findfont_cached - findfont: score(FontEntry(fname='C:\\Windows\\Fonts\\LCALLIG.TTF', name='Lucida Calligraphy', style='italic', variant='normal', weight=400, stretch='normal', size='scalable')) = 11.05
2024-04-10 17:47:20,039 - matplotlib.font_manager - DEBUG  - _findfont_cached - findfont: score(FontEntry(fname='C:\\Windows\\Fonts\\sylfaen.ttf', name='Sylfaen', style='normal', variant='normal', weight=400, stretch='normal', size='scalable')) = 10.05
2024-04-10 17:47:20,039 - matplotlib.font_manager - DEBUG  - _findfont_cached - findfont: score(FontEntry(fname='C:\\Windows\\Fonts\\malgunbd.ttf', name='Malgun Gothic', style='normal', variant='normal', weight=700, stretch='normal', size='scalable')) = 10.335
2024-04-10 17:47:20,039 - matplotlib.font_manager - DEBUG  - _findfont_cached - findfont: score(FontEntry(fname='C:\\Windows\\Fonts\\times.ttf', name='Times New Roman', style='normal', variant='normal', weight=400, stretch='normal', size='scalable')) = 10.05
2024-04-10 17:47:20,039 - matplotlib.font_manager - DEBUG  - _findfont_cached - findfont: score(FontEntry(fname='C:\\Windows\\Fonts\\msyhbd.ttc', name='Microsoft YaHei', style='normal', variant='normal', weight=700, stretch='normal', size='scalable')) = 10.335
2024-04-10 17:47:20,039 - matplotlib.font_manager - DEBUG  - _findfont_cached - findfont: score(FontEntry(fname='C:\\Windows\\Fonts\\taileb.ttf', name='Microsoft Tai Le', style='normal', variant='normal', weight=700, stretch='normal', size='scalable')) = 10.335
2024-04-10 17:47:20,039 - matplotlib.font_manager - DEBUG  - _findfont_cached - findfont: score(FontEntry(fname='C:\\Windows\\Fonts\\LBRITEDI.TTF', name='Lucida Bright', style='italic', variant='normal', weight=600, stretch='normal', size='scalable')) = 11.24
2024-04-10 17:47:20,039 - matplotlib.font_manager - DEBUG  - _findfont_cached - findfont: score(FontEntry(fname='C:\\Windows\\Fonts\\constan.ttf', name='Constantia', style='normal', variant='normal', weight=400, stretch='normal', size='scalable')) = 10.05
2024-04-10 17:47:20,039 - matplotlib.font_manager - DEBUG  - _findfont_cached - findfont: score(FontEntry(fname='C:\\Windows\\Fonts\\seguisb.ttf', name='Segoe UI', style='normal', variant='normal', weight=600, stretch='normal', size='scalable')) = 10.24
2024-04-10 17:47:20,039 - matplotlib.font_manager - DEBUG  - _findfont_cached - findfont: score(FontEntry(fname='C:\\Windows\\Fonts\\ARLRDBD.TTF', name='Arial Rounded MT Bold', style='normal', variant='normal', weight=400, stretch='normal', size='scalable')) = 10.05
2024-04-10 17:47:20,039 - matplotlib.font_manager - DEBUG  - _findfont_cached - findfont: score(FontEntry(fname='C:\\Windows\\Fonts\\JUICE___.TTF', name='Juice ITC', style='normal', variant='normal', weight=400, stretch='normal', size='scalable')) = 10.05
2024-04-10 17:47:20,039 - matplotlib.font_manager - DEBUG  - _findfont_cached - findfont: score(FontEntry(fname='C:\\Windows\\Fonts\\msjhl.ttc', name='Microsoft JhengHei', style='normal', variant='normal', weight=290, stretch='normal', size='scalable')) = 10.1545
2024-04-10 17:47:20,039 - matplotlib.font_manager - DEBUG  - _findfont_cached - findfont: score(FontEntry(fname='C:\\Windows\\Fonts\\GOTHICBI.TTF', name='Century Gothic', style='italic', variant='normal', weight=700, stretch='normal', size='scalable')) = 11.335
2024-04-10 17:47:20,039 - matplotlib.font_manager - DEBUG  - _findfont_cached - findfont: score(FontEntry(fname='C:\\Windows\\Fonts\\PERBI___.TTF', name='Perpetua', style='italic', variant='normal', weight=700, stretch='normal', size='scalable')) = 11.335
2024-04-10 17:47:20,039 - matplotlib.font_manager - DEBUG  - _findfont_cached - findfont: score(FontEntry(fname='C:\\Windows\\Fonts\\segoeuiz.ttf', name='Segoe UI', style='italic', variant='normal', weight=700, stretch='normal', size='scalable')) = 11.335
2024-04-10 17:47:20,039 - matplotlib.font_manager - DEBUG  - _findfont_cached - findfont: score(FontEntry(fname='C:\\Windows\\Fonts\\TCM_____.TTF', name='Tw Cen MT', style='normal', variant='normal', weight=400, stretch='normal', size='scalable')) = 10.05
2024-04-10 17:47:20,039 - matplotlib.font_manager - DEBUG  - _findfont_cached - findfont: score(FontEntry(fname='C:\\Windows\\Fonts\\constanz.ttf', name='Constantia', style='italic', variant='normal', weight=700, stretch='normal', size='scalable')) = 11.335
2024-04-10 17:47:20,039 - matplotlib.font_manager - DEBUG  - _findfont_cached - findfont: score(FontEntry(fname='C:\\Windows\\Fonts\\GILB____.TTF', name='Gill Sans MT', style='normal', variant='normal', weight=700, stretch='normal', size='scalable')) = 10.335
2024-04-10 17:47:20,039 - matplotlib.font_manager - DEBUG  - _findfont_cached - findfont: score(FontEntry(fname='C:\\Windows\\Fonts\\FRAMDCN.TTF', name='Franklin Gothic Medium Cond', style='normal', variant='normal', weight=400, stretch='condensed', size='scalable')) = 10.25
2024-04-10 17:47:20,039 - matplotlib.font_manager - DEBUG  - _findfont_cached - findfont: score(FontEntry(fname='C:\\Windows\\Fonts\\ARIALN.TTF', name='Arial', style='normal', variant='normal', weight=400, stretch='condensed', size='scalable')) = 6.613636363636363
2024-04-10 17:47:20,039 - matplotlib.font_manager - DEBUG  - _findfont_cached - findfont: score(FontEntry(fname='C:\\Windows\\Fonts\\corbelz.ttf', name='Corbel', style='italic', variant='normal', weight=700, stretch='normal', size='scalable')) = 11.335
2024-04-10 17:47:20,039 - matplotlib.font_manager - DEBUG  - _findfont_cached - findfont: Matching sans\-serif:style=normal:variant=normal:weight=normal:stretch=normal:size=10.0 to DejaVu Sans ('S:\\RRC\\Documents\\BIT\\winter24\\python\\final\\weather-processing-app-group_09\\dist\\weather_processor\\_internal\\matplotlib\\mpl-data\\fonts\\ttf\\DejaVuSans.ttf') with score of 0.050000.
2024-04-10 17:47:20,201 - matplotlib.font_manager - DEBUG  - _findfont_cached - findfont: Matching sans\-serif:style=normal:variant=normal:weight=normal:stretch=normal:size=12.0.
2024-04-10 17:47:20,201 - matplotlib.font_manager - DEBUG  - _findfont_cached - findfont: score(FontEntry(fname='S:\\RRC\\Documents\\BIT\\winter24\\python\\final\\weather-processing-app-group_09\\dist\\weather_processor\\_internal\\matplotlib\\mpl-data\\fonts\\ttf\\STIXSizOneSymBol.ttf', name='STIXSizeOneSym', style='normal', variant='normal', weight=700, stretch='normal', size='scalable')) = 10.335
2024-04-10 17:47:20,201 - matplotlib.font_manager - DEBUG  - _findfont_cached - findfont: score(FontEntry(fname='S:\\RRC\\Documents\\BIT\\winter24\\python\\final\\weather-processing-app-group_09\\dist\\weather_processor\\_internal\\matplotlib\\mpl-data\\fonts\\ttf\\STIXSizThreeSymReg.ttf', name='STIXSizeThreeSym', style='normal', variant='normal', weight=400, stretch='normal', size='scalable')) = 10.05
2024-04-10 17:47:20,201 - matplotlib.font_manager - DEBUG  - _findfont_cached - findfont: score(FontEntry(fname='S:\\RRC\\Documents\\BIT\\winter24\\python\\final\\weather-processing-app-group_09\\dist\\weather_processor\\_internal\\matplotlib\\mpl-data\\fonts\\ttf\\DejaVuSansMono-Bold.ttf', name='DejaVu Sans Mono', style='normal', variant='normal', weight=700, stretch='normal', size='scalable')) = 10.335
2024-04-10 17:47:20,201 - matplotlib.font_manager - DEBUG  - _findfont_cached - findfont: score(FontEntry(fname='S:\\RRC\\Documents\\BIT\\winter24\\python\\final\\weather-processing-app-group_09\\dist\\weather_processor\\_internal\\matplotlib\\mpl-data\\fonts\\ttf\\STIXGeneralBol.ttf', name='STIXGeneral', style='normal', variant='normal', weight=700, stretch='normal', size='scalable')) = 10.335
2024-04-10 17:47:20,201 - matplotlib.font_manager - DEBUG  - _findfont_cached - findfont: score(FontEntry(fname='S:\\RRC\\Documents\\BIT\\winter24\\python\\final\\weather-processing-app-group_09\\dist\\weather_processor\\_internal\\matplotlib\\mpl-data\\fonts\\ttf\\STIXNonUniBol.ttf', name='STIXNonUnicode', style='normal', variant='normal', weight=700, stretch='normal', size='scalable')) = 10.335
2024-04-10 17:47:20,202 - matplotlib.font_manager - DEBUG  - _findfont_cached - findfont: score(FontEntry(fname='S:\\RRC\\Documents\\BIT\\winter24\\python\\final\\weather-processing-app-group_09\\dist\\weather_processor\\_internal\\matplotlib\\mpl-data\\fonts\\ttf\\STIXNonUniBolIta.ttf', name='STIXNonUnicode', style='italic', variant='normal', weight=700, stretch='normal', size='scalable')) = 11.335
2024-04-10 17:47:20,202 - matplotlib.font_manager - DEBUG  - _findfont_cached - findfont: score(FontEntry(fname='S:\\RRC\\Documents\\BIT\\winter24\\python\\final\\weather-processing-app-group_09\\dist\\weather_processor\\_internal\\matplotlib\\mpl-data\\fonts\\ttf\\STIXGeneralBolIta.ttf', name='STIXGeneral', style='italic', variant='normal', weight=700, stretch='normal', size='scalable')) = 11.335
2024-04-10 17:47:20,202 - matplotlib.font_manager - DEBUG  - _findfont_cached - findfont: score(FontEntry(fname='S:\\RRC\\Documents\\BIT\\winter24\\python\\final\\weather-processing-app-group_09\\dist\\weather_processor\\_internal\\matplotlib\\mpl-data\\fonts\\ttf\\cmtt10.ttf', name='cmtt10', style='normal', variant='normal', weight=400, stretch='normal', size='scalable')) = 10.05
2024-04-10 17:47:20,202 - matplotlib.font_manager - DEBUG  - _findfont_cached - findfont: score(FontEntry(fname='S:\\RRC\\Documents\\BIT\\winter24\\python\\final\\weather-processing-app-group_09\\dist\\weather_processor\\_internal\\matplotlib\\mpl-data\\fonts\\ttf\\DejaVuSerifDisplay.ttf', name='DejaVu Serif Display', style='normal', variant='normal', weight=400, stretch='normal', size='scalable')) = 10.05
2024-04-10 17:47:20,202 - matplotlib.font_manager - DEBUG  - _findfont_cached - findfont: score(FontEntry(fname='S:\\RRC\\Documents\\BIT\\winter24\\python\\final\\weather-processing-app-group_09\\dist\\weather_processor\\_internal\\matplotlib\\mpl-data\\fonts\\ttf\\cmss10.ttf', name='cmss10', style='normal', variant='normal', weight=400, stretch='normal', size='scalable')) = 10.05
2024-04-10 17:47:20,202 - matplotlib.font_manager - DEBUG  - _findfont_cached - findfont: score(FontEntry(fname='S:\\RRC\\Documents\\BIT\\winter24\\python\\final\\weather-processing-app-group_09\\dist\\weather_processor\\_internal\\matplotlib\\mpl-data\\fonts\\ttf\\STIXSizFourSymBol.ttf', name='STIXSizeFourSym', style='normal', variant='normal', weight=700, stretch='normal', size='scalable')) = 10.335
2024-04-10 17:47:20,202 - matplotlib.font_manager - DEBUG  - _findfont_cached - findfont: score(FontEntry(fname='S:\\RRC\\Documents\\BIT\\winter24\\python\\final\\weather-processing-app-group_09\\dist\\weather_processor\\_internal\\matplotlib\\mpl-data\\fonts\\ttf\\cmsy10.ttf', name='cmsy10', style='normal', variant='normal', weight=400, stretch='normal', size='scalable')) = 10.05
2024-04-10 17:47:20,202 - matplotlib.font_manager - DEBUG  - _findfont_cached - findfont: score(FontEntry(fname='S:\\RRC\\Documents\\BIT\\winter24\\python\\final\\weather-processing-app-group_09\\dist\\weather_processor\\_internal\\matplotlib\\mpl-data\\fonts\\ttf\\STIXSizOneSymReg.ttf', name='STIXSizeOneSym', style='normal', variant='normal', weight=400, stretch='normal', size='scalable')) = 10.05
2024-04-10 17:47:20,202 - matplotlib.font_manager - DEBUG  - _findfont_cached - findfont: score(FontEntry(fname='S:\\RRC\\Documents\\BIT\\winter24\\python\\final\\weather-processing-app-group_09\\dist\\weather_processor\\_internal\\matplotlib\\mpl-data\\fonts\\ttf\\STIXGeneral.ttf', name='STIXGeneral', style='normal', variant='normal', weight=400, stretch='normal', size='scalable')) = 10.05
2024-04-10 17:47:20,202 - matplotlib.font_manager - DEBUG  - _findfont_cached - findfont: score(FontEntry(fname='S:\\RRC\\Documents\\BIT\\winter24\\python\\final\\weather-processing-app-group_09\\dist\\weather_processor\\_internal\\matplotlib\\mpl-data\\fonts\\ttf\\STIXSizTwoSymBol.ttf', name='STIXSizeTwoSym', style='normal', variant='normal', weight=700, stretch='normal', size='scalable')) = 10.335
2024-04-10 17:47:20,202 - matplotlib.font_manager - DEBUG  - _findfont_cached - findfont: score(FontEntry(fname='S:\\RRC\\Documents\\BIT\\winter24\\python\\final\\weather-processing-app-group_09\\dist\\weather_processor\\_internal\\matplotlib\\mpl-data\\fonts\\ttf\\DejaVuSansMono.ttf', name='DejaVu Sans Mono', style='normal', variant='normal', weight=400, stretch='normal', size='scalable')) = 10.05
2024-04-10 17:47:20,202 - matplotlib.font_manager - DEBUG  - _findfont_cached - findfont: score(FontEntry(fname='S:\\RRC\\Documents\\BIT\\winter24\\python\\final\\weather-processing-app-group_09\\dist\\weather_processor\\_internal\\matplotlib\\mpl-data\\fonts\\ttf\\cmb10.ttf', name='cmb10', style='normal', variant='normal', weight=400, stretch='normal', size='scalable')) = 10.05
2024-04-10 17:47:20,202 - matplotlib.font_manager - DEBUG  - _findfont_cached - findfont: score(FontEntry(fname='S:\\RRC\\Documents\\BIT\\winter24\\python\\final\\weather-processing-app-group_09\\dist\\weather_processor\\_internal\\matplotlib\\mpl-data\\fonts\\ttf\\DejaVuSerif-BoldItalic.ttf', name='DejaVu Serif', style='italic', variant='normal', weight=700, stretch='normal', size='scalable')) = 11.335
2024-04-10 17:47:20,202 - matplotlib.font_manager - DEBUG  - _findfont_cached - findfont: score(FontEntry(fname='S:\\RRC\\Documents\\BIT\\winter24\\python\\final\\weather-processing-app-group_09\\dist\\weather_processor\\_internal\\matplotlib\\mpl-data\\fonts\\ttf\\DejaVuSans-Bold.ttf', name='DejaVu Sans', style='normal', variant='normal', weight=700, stretch='normal', size='scalable')) = 0.33499999999999996
2024-04-10 17:47:20,202 - matplotlib.font_manager - DEBUG  - _findfont_cached - findfont: score(FontEntry(fname='S:\\RRC\\Documents\\BIT\\winter24\\python\\final\\weather-processing-app-group_09\\dist\\weather_processor\\_internal\\matplotlib\\mpl-data\\fonts\\ttf\\DejaVuSansMono-Oblique.ttf', name='DejaVu Sans Mono', style='oblique', variant='normal', weight=400, stretch='normal', size='scalable')) = 11.05
2024-04-10 17:47:20,202 - matplotlib.font_manager - DEBUG  - _findfont_cached - findfont: score(FontEntry(fname='S:\\RRC\\Documents\\BIT\\winter24\\python\\final\\weather-processing-app-group_09\\dist\\weather_processor\\_internal\\matplotlib\\mpl-data\\fonts\\ttf\\DejaVuSansMono-BoldOblique.ttf', name='DejaVu Sans Mono', style='oblique', variant='normal', weight=700, stretch='normal', size='scalable')) = 11.335
2024-04-10 17:47:20,202 - matplotlib.font_manager - DEBUG  - _findfont_cached - findfont: score(FontEntry(fname='S:\\RRC\\Documents\\BIT\\winter24\\python\\final\\weather-processing-app-group_09\\dist\\weather_processor\\_internal\\matplotlib\\mpl-data\\fonts\\ttf\\cmex10.ttf', name='cmex10', style='normal', variant='normal', weight=400, stretch='normal', size='scalable')) = 10.05
2024-04-10 17:47:20,202 - matplotlib.font_manager - DEBUG  - _findfont_cached - findfont: score(FontEntry(fname='S:\\RRC\\Documents\\BIT\\winter24\\python\\final\\weather-processing-app-group_09\\dist\\weather_processor\\_internal\\matplotlib\\mpl-data\\fonts\\ttf\\STIXGeneralItalic.ttf', name='STIXGeneral', style='italic', variant='normal', weight=400, stretch='normal', size='scalable')) = 11.05
2024-04-10 17:47:20,202 - matplotlib.font_manager - DEBUG  - _findfont_cached - findfont: score(FontEntry(fname='S:\\RRC\\Documents\\BIT\\winter24\\python\\final\\weather-processing-app-group_09\\dist\\weather_processor\\_internal\\matplotlib\\mpl-data\\fonts\\ttf\\DejaVuSans-BoldOblique.ttf', name='DejaVu Sans', style='oblique', variant='normal', weight=700, stretch='normal', size='scalable')) = 1.335
2024-04-10 17:47:20,202 - matplotlib.font_manager - DEBUG  - _findfont_cached - findfont: score(FontEntry(fname='S:\\RRC\\Documents\\BIT\\winter24\\python\\final\\weather-processing-app-group_09\\dist\\weather_processor\\_internal\\matplotlib\\mpl-data\\fonts\\ttf\\DejaVuSans.ttf', name='DejaVu Sans', style='normal', variant='normal', weight=400, stretch='normal', size='scalable')) = 0.05
2024-04-10 17:47:20,203 - matplotlib.font_manager - DEBUG  - _findfont_cached - findfont: score(FontEntry(fname='S:\\RRC\\Documents\\BIT\\winter24\\python\\final\\weather-processing-app-group_09\\dist\\weather_processor\\_internal\\matplotlib\\mpl-data\\fonts\\ttf\\STIXSizTwoSymReg.ttf', name='STIXSizeTwoSym', style='normal', variant='normal', weight=400, stretch='normal', size='scalable')) = 10.05
2024-04-10 17:47:20,203 - matplotlib.font_manager - DEBUG  - _findfont_cached - findfont: score(FontEntry(fname='S:\\RRC\\Documents\\BIT\\winter24\\python\\final\\weather-processing-app-group_09\\dist\\weather_processor\\_internal\\matplotlib\\mpl-data\\fonts\\ttf\\DejaVuSerif-Italic.ttf', name='DejaVu Serif', style='italic', variant='normal', weight=400, stretch='normal', size='scalable')) = 11.05
2024-04-10 17:47:20,203 - matplotlib.font_manager - DEBUG  - _findfont_cached - findfont: score(FontEntry(fname='S:\\RRC\\Documents\\BIT\\winter24\\python\\final\\weather-processing-app-group_09\\dist\\weather_processor\\_internal\\matplotlib\\mpl-data\\fonts\\ttf\\cmr10.ttf', name='cmr10', style='normal', variant='normal', weight=400, stretch='normal', size='scalable')) = 10.05
2024-04-10 17:47:20,203 - matplotlib.font_manager - DEBUG  - _findfont_cached - findfont: score(FontEntry(fname='S:\\RRC\\Documents\\BIT\\winter24\\python\\final\\weather-processing-app-group_09\\dist\\weather_processor\\_internal\\matplotlib\\mpl-data\\fonts\\ttf\\STIXNonUni.ttf', name='STIXNonUnicode', style='normal', variant='normal', weight=400, stretch='normal', size='scalable')) = 10.05
2024-04-10 17:47:20,203 - matplotlib.font_manager - DEBUG  - _findfont_cached - findfont: score(FontEntry(fname='S:\\RRC\\Documents\\BIT\\winter24\\python\\final\\weather-processing-app-group_09\\dist\\weather_processor\\_internal\\matplotlib\\mpl-data\\fonts\\ttf\\DejaVuSerif-Bold.ttf', name='DejaVu Serif', style='normal', variant='normal', weight=700, stretch='normal', size='scalable')) = 10.335
2024-04-10 17:47:20,203 - matplotlib.font_manager - DEBUG  - _findfont_cached - findfont: score(FontEntry(fname='S:\\RRC\\Documents\\BIT\\winter24\\python\\final\\weather-processing-app-group_09\\dist\\weather_processor\\_internal\\matplotlib\\mpl-data\\fonts\\ttf\\DejaVuSansDisplay.ttf', name='DejaVu Sans Display', style='normal', variant='normal', weight=400, stretch='normal', size='scalable')) = 10.05
2024-04-10 17:47:20,203 - matplotlib.font_manager - DEBUG  - _findfont_cached - findfont: score(FontEntry(fname='S:\\RRC\\Documents\\BIT\\winter24\\python\\final\\weather-processing-app-group_09\\dist\\weather_processor\\_internal\\matplotlib\\mpl-data\\fonts\\ttf\\STIXSizFiveSymReg.ttf', name='STIXSizeFiveSym', style='normal', variant='normal', weight=400, stretch='normal', size='scalable')) = 10.05
2024-04-10 17:47:20,203 - matplotlib.font_manager - DEBUG  - _findfont_cached - findfont: score(FontEntry(fname='S:\\RRC\\Documents\\BIT\\winter24\\python\\final\\weather-processing-app-group_09\\dist\\weather_processor\\_internal\\matplotlib\\mpl-data\\fonts\\ttf\\STIXNonUniIta.ttf', name='STIXNonUnicode', style='italic', variant='normal', weight=400, stretch='normal', size='scalable')) = 11.05
2024-04-10 17:47:20,203 - matplotlib.font_manager - DEBUG  - _findfont_cached - findfont: score(FontEntry(fname='S:\\RRC\\Documents\\BIT\\winter24\\python\\final\\weather-processing-app-group_09\\dist\\weather_processor\\_internal\\matplotlib\\mpl-data\\fonts\\ttf\\STIXSizFourSymReg.ttf', name='STIXSizeFourSym', style='normal', variant='normal', weight=400, stretch='normal', size='scalable')) = 10.05
2024-04-10 17:47:20,203 - matplotlib.font_manager - DEBUG  - _findfont_cached - findfont: score(FontEntry(fname='S:\\RRC\\Documents\\BIT\\winter24\\python\\final\\weather-processing-app-group_09\\dist\\weather_processor\\_internal\\matplotlib\\mpl-data\\fonts\\ttf\\cmmi10.ttf', name='cmmi10', style='normal', variant='normal', weight=400, stretch='normal', size='scalable')) = 10.05
2024-04-10 17:47:20,203 - matplotlib.font_manager - DEBUG  - _findfont_cached - findfont: score(FontEntry(fname='S:\\RRC\\Documents\\BIT\\winter24\\python\\final\\weather-processing-app-group_09\\dist\\weather_processor\\_internal\\matplotlib\\mpl-data\\fonts\\ttf\\STIXSizThreeSymBol.ttf', name='STIXSizeThreeSym', style='normal', variant='normal', weight=700, stretch='normal', size='scalable')) = 10.335
2024-04-10 17:47:20,203 - matplotlib.font_manager - DEBUG  - _findfont_cached - findfont: score(FontEntry(fname='S:\\RRC\\Documents\\BIT\\winter24\\python\\final\\weather-processing-app-group_09\\dist\\weather_processor\\_internal\\matplotlib\\mpl-data\\fonts\\ttf\\DejaVuSans-Oblique.ttf', name='DejaVu Sans', style='oblique', variant='normal', weight=400, stretch='normal', size='scalable')) = 1.05
2024-04-10 17:47:20,203 - matplotlib.font_manager - DEBUG  - _findfont_cached - findfont: score(FontEntry(fname='S:\\RRC\\Documents\\BIT\\winter24\\python\\final\\weather-processing-app-group_09\\dist\\weather_processor\\_internal\\matplotlib\\mpl-data\\fonts\\ttf\\DejaVuSerif.ttf', name='DejaVu Serif', style='normal', variant='normal', weight=400, stretch='normal', size='scalable')) = 10.05
2024-04-10 17:47:20,203 - matplotlib.font_manager - DEBUG  - _findfont_cached - findfont: score(FontEntry(fname='C:\\Windows\\Fonts\\GARAIT.TTF', name='Garamond', style='italic', variant='normal', weight=400, stretch='normal', size='scalable')) = 11.05
2024-04-10 17:47:20,203 - matplotlib.font_manager - DEBUG  - _findfont_cached - findfont: score(FontEntry(fname='C:\\Windows\\Fonts\\GILBI___.TTF', name='Gill Sans MT', style='italic', variant='normal', weight=700, stretch='normal', size='scalable')) = 11.335
2024-04-10 17:47:20,203 - matplotlib.font_manager - DEBUG  - _findfont_cached - findfont: score(FontEntry(fname='C:\\Windows\\Fonts\\ERASLGHT.TTF', name='Eras Light ITC', style='normal', variant='normal', weight=400, stretch='normal', size='scalable')) = 10.05
2024-04-10 17:47:20,203 - matplotlib.font_manager - DEBUG  - _findfont_cached - findfont: score(FontEntry(fname='C:\\Windows\\Fonts\\BOD_PSTC.TTF', name='Bodoni MT', style='normal', variant='normal', weight=300, stretch='normal', size='scalable')) = 10.145
2024-04-10 17:47:20,203 - matplotlib.font_manager - DEBUG  - _findfont_cached - findfont: score(FontEntry(fname='C:\\Windows\\Fonts\\OUTLOOK.TTF', name='MS Outlook', style='normal', variant='normal', weight=400, stretch='normal', size='scalable')) = 10.05
2024-04-10 17:47:20,203 - matplotlib.font_manager - DEBUG  - _findfont_cached - findfont: score(FontEntry(fname='C:\\Windows\\Fonts\\l_10646.ttf', name='Lucida Sans Unicode', style='normal', variant='normal', weight=400, stretch='normal', size='scalable')) = 10.05
2024-04-10 17:47:20,203 - matplotlib.font_manager - DEBUG  - _findfont_cached - findfont: score(FontEntry(fname='C:\\Windows\\Fonts\\LeelUIsl.ttf', name='Leelawadee UI', style='normal', variant='normal', weight=350, stretch='normal', size='scalable')) = 10.0975
2024-04-10 17:47:20,204 - matplotlib.font_manager - DEBUG  - _findfont_cached - findfont: score(FontEntry(fname='C:\\Windows\\Fonts\\framdit.ttf', name='Franklin Gothic Medium', style='italic', variant='normal', weight=400, stretch='normal', size='scalable')) = 11.05
2024-04-10 17:47:20,204 - matplotlib.font_manager - DEBUG  - _findfont_cached - findfont: score(FontEntry(fname='C:\\Windows\\Fonts\\COLONNA.TTF', name='Colonna MT', style='normal', variant='normal', weight=400, stretch='normal', size='scalable')) = 10.05
2024-04-10 17:47:20,204 - matplotlib.font_manager - DEBUG  - _findfont_cached - findfont: score(FontEntry(fname='C:\\Windows\\Fonts\\YuGothL.ttc', name='Yu Gothic', style='normal', variant='normal', weight=300, stretch='normal', size='scalable')) = 10.145
2024-04-10 17:47:20,204 - matplotlib.font_manager - DEBUG  - _findfont_cached - findfont: score(FontEntry(fname='C:\\Windows\\Fonts\\Gabriola.ttf', name='Gabriola', style='normal', variant='normal', weight=400, stretch='normal', size='scalable')) = 10.05
2024-04-10 17:47:20,204 - matplotlib.font_manager - DEBUG  - _findfont_cached - findfont: score(FontEntry(fname='C:\\Windows\\Fonts\\holomdl2.ttf', name='HoloLens MDL2 Assets', style='normal', variant='normal', weight=400, stretch='normal', size='scalable')) = 10.05
2024-04-10 17:47:20,204 - matplotlib.font_manager - DEBUG  - _findfont_cached - findfont: score(FontEntry(fname='C:\\Windows\\Fonts\\ARIALNBI.TTF', name='Arial', style='italic', variant='normal', weight=700, stretch='condensed', size='scalable')) = 7.8986363636363635
2024-04-10 17:47:20,204 - matplotlib.font_manager - DEBUG  - _findfont_cached - findfont: score(FontEntry(fname='C:\\Windows\\Fonts\\verdanaz.ttf', name='Verdana', style='italic', variant='normal', weight=700, stretch='normal', size='scalable')) = 4.971363636363637
2024-04-10 17:47:20,204 - matplotlib.font_manager - DEBUG  - _findfont_cached - findfont: score(FontEntry(fname='C:\\Windows\\Fonts\\msyi.ttf', name='Microsoft Yi Baiti', style='normal', variant='normal', weight=400, stretch='normal', size='scalable')) = 10.05
2024-04-10 17:47:20,204 - matplotlib.font_manager - DEBUG  - _findfont_cached - findfont: score(FontEntry(fname='C:\\Windows\\Fonts\\segoesc.ttf', name='Segoe Script', style='normal', variant='normal', weight=400, stretch='normal', size='scalable')) = 10.05
2024-04-10 17:47:20,204 - matplotlib.font_manager - DEBUG  - _findfont_cached - findfont: score(FontEntry(fname='C:\\Windows\\Fonts\\DUBAI-LIGHT.TTF', name='Dubai', style='normal', variant='normal', weight=300, stretch='normal', size='scalable')) = 10.145
2024-04-10 17:47:20,204 - matplotlib.font_manager - DEBUG  - _findfont_cached - findfont: score(FontEntry(fname='C:\\Windows\\Fonts\\COPRGTL.TTF', name='Copperplate Gothic Light', style='normal', variant='normal', weight=400, stretch='normal', size='scalable')) = 10.05
2024-04-10 17:47:20,204 - matplotlib.font_manager - DEBUG  - _findfont_cached - findfont: score(FontEntry(fname='C:\\Windows\\Fonts\\palai.ttf', name='Palatino Linotype', style='italic', variant='normal', weight=400, stretch='normal', size='scalable')) = 11.05
2024-04-10 17:47:20,204 - matplotlib.font_manager - DEBUG  - _findfont_cached - findfont: score(FontEntry(fname='C:\\Windows\\Fonts\\LSANSDI.TTF', name='Lucida Sans', style='italic', variant='normal', weight=600, stretch='normal', size='scalable')) = 11.24
2024-04-10 17:47:20,204 - matplotlib.font_manager - DEBUG  - _findfont_cached - findfont: score(FontEntry(fname='C:\\Windows\\Fonts\\BOOKOSI.TTF', name='Bookman Old Style', style='italic', variant='normal', weight=300, stretch='normal', size='scalable')) = 11.145
2024-04-10 17:47:20,204 - matplotlib.font_manager - DEBUG  - _findfont_cached - findfont: score(FontEntry(fname='C:\\Windows\\Fonts\\trebucit.ttf', name='Trebuchet MS', style='italic', variant='normal', weight=400, stretch='normal', size='scalable')) = 11.05
2024-04-10 17:47:20,204 - matplotlib.font_manager - DEBUG  - _findfont_cached - findfont: score(FontEntry(fname='C:\\Windows\\Fonts\\VIVALDII.TTF', name='Vivaldi', style='italic', variant='normal', weight=400, stretch='normal', size='scalable')) = 11.05
2024-04-10 17:47:20,204 - matplotlib.font_manager - DEBUG  - _findfont_cached - findfont: score(FontEntry(fname='C:\\Windows\\Fonts\\mvboli.ttf', name='MV Boli', style='normal', variant='normal', weight=400, stretch='normal', size='scalable')) = 10.05
2024-04-10 17:47:20,204 - matplotlib.font_manager - DEBUG  - _findfont_cached - findfont: score(FontEntry(fname='C:\\Windows\\Fonts\\LTYPE.TTF', name='Lucida Sans Typewriter', style='normal', variant='normal', weight=400, stretch='normal', size='scalable')) = 10.05
2024-04-10 17:47:20,204 - matplotlib.font_manager - DEBUG  - _findfont_cached - findfont: score(FontEntry(fname='C:\\Windows\\Fonts\\GOUDOS.TTF', name='Goudy Old Style', style='normal', variant='normal', weight=400, stretch='normal', size='scalable')) = 10.05
2024-04-10 17:47:20,204 - matplotlib.font_manager - DEBUG  - _findfont_cached - findfont: score(FontEntry(fname='C:\\Windows\\Fonts\\FRADMCN.TTF', name='Franklin Gothic Demi Cond', style='normal', variant='normal', weight=400, stretch='condensed', size='scalable')) = 10.25
2024-04-10 17:47:20,204 - matplotlib.font_manager - DEBUG  - _findfont_cached - findfont: score(FontEntry(fname='C:\\Windows\\Fonts\\BELLI.TTF', name='Bell MT', style='italic', variant='normal', weight=400, stretch='normal', size='scalable')) = 11.05
2024-04-10 17:47:20,204 - matplotlib.font_manager - DEBUG  - _findfont_cached - findfont: score(FontEntry(fname='C:\\Windows\\Fonts\\simsun.ttc', name='SimSun', style='normal', variant='normal', weight=400, stretch='normal', size='scalable')) = 10.05
2024-04-10 17:47:20,205 - matplotlib.font_manager - DEBUG  - _findfont_cached - findfont: score(FontEntry(fname='C:\\Windows\\Fonts\\GIGI.TTF', name='Gigi', style='normal', variant='normal', weight=400, stretch='normal', size='scalable')) = 10.05
2024-04-10 17:47:20,205 - matplotlib.font_manager - DEBUG  - _findfont_cached - findfont: score(FontEntry(fname='C:\\Windows\\Fonts\\ARIALNB.TTF', name='Arial', style='normal', variant='normal', weight=700, stretch='condensed', size='scalable')) = 6.8986363636363635
2024-04-10 17:47:20,205 - matplotlib.font_manager - DEBUG  - _findfont_cached - findfont: score(FontEntry(fname='C:\\Windows\\Fonts\\CENTAUR.TTF', name='Centaur', style='normal', variant='normal', weight=400, stretch='normal', size='scalable')) = 10.05
2024-04-10 17:47:20,205 - matplotlib.font_manager - DEBUG  - _findfont_cached - findfont: score(FontEntry(fname='C:\\Windows\\Fonts\\BRLNSDB.TTF', name='Berlin Sans FB Demi', style='normal', variant='normal', weight=700, stretch='normal', size='scalable')) = 10.335
2024-04-10 17:47:20,205 - matplotlib.font_manager - DEBUG  - _findfont_cached - findfont: score(FontEntry(fname='C:\\Windows\\Fonts\\segmdl2.ttf', name='Segoe MDL2 Assets', style='normal', variant='normal', weight=400, stretch='normal', size='scalable')) = 10.05
2024-04-10 17:47:20,205 - matplotlib.font_manager - DEBUG  - _findfont_cached - findfont: score(FontEntry(fname='C:\\Windows\\Fonts\\BOD_I.TTF', name='Bodoni MT', style='italic', variant='normal', weight=400, stretch='normal', size='scalable')) = 11.05
2024-04-10 17:47:20,205 - matplotlib.font_manager - DEBUG  - _findfont_cached - findfont: score(FontEntry(fname='C:\\Windows\\Fonts\\timesi.ttf', name='Times New Roman', style='italic', variant='normal', weight=400, stretch='normal', size='scalable')) = 11.05
2024-04-10 17:47:20,205 - matplotlib.font_manager - DEBUG  - _findfont_cached - findfont: score(FontEntry(fname='C:\\Windows\\Fonts\\georgiab.ttf', name='Georgia', style='normal', variant='normal', weight=700, stretch='normal', size='scalable')) = 10.335
2024-04-10 17:47:20,205 - matplotlib.font_manager - DEBUG  - _findfont_cached - findfont: score(FontEntry(fname='C:\\Windows\\Fonts\\BOD_BLAR.TTF', name='Bodoni MT', style='normal', variant='normal', weight=900, stretch='normal', size='scalable')) = 10.525
2024-04-10 17:47:20,205 - matplotlib.font_manager - DEBUG  - _findfont_cached - findfont: score(FontEntry(fname='C:\\Windows\\Fonts\\GIL_____.TTF', name='Gill Sans MT', style='normal', variant='normal', weight=400, stretch='normal', size='scalable')) = 10.05
2024-04-10 17:47:20,205 - matplotlib.font_manager - DEBUG  - _findfont_cached - findfont: score(FontEntry(fname='C:\\Windows\\Fonts\\phagspab.ttf', name='Microsoft PhagsPa', style='normal', variant='normal', weight=700, stretch='normal', size='scalable')) = 10.335
2024-04-10 17:47:20,205 - matplotlib.font_manager - DEBUG  - _findfont_cached - findfont: score(FontEntry(fname='C:\\Windows\\Fonts\\FELIXTI.TTF', name='Felix Titling', style='normal', variant='normal', weight=400, stretch='normal', size='scalable')) = 10.05
2024-04-10 17:47:20,205 - matplotlib.font_manager - DEBUG  - _findfont_cached - findfont: score(FontEntry(fname='C:\\Windows\\Fonts\\FRABK.TTF', name='Franklin Gothic Book', style='normal', variant='normal', weight=400, stretch='normal', size='scalable')) = 10.05
2024-04-10 17:47:20,205 - matplotlib.font_manager - DEBUG  - _findfont_cached - findfont: score(FontEntry(fname='C:\\Windows\\Fonts\\javatext.ttf', name='Javanese Text', style='normal', variant='normal', weight=400, stretch='normal', size='scalable')) = 10.05
2024-04-10 17:47:20,206 - matplotlib.font_manager - DEBUG  - _findfont_cached - findfont: score(FontEntry(fname='C:\\Windows\\Fonts\\COPRGTB.TTF', name='Copperplate Gothic Bold', style='normal', variant='normal', weight=400, stretch='normal', size='scalable')) = 10.05
2024-04-10 17:47:20,206 - matplotlib.font_manager - DEBUG  - _findfont_cached - findfont: score(FontEntry(fname='C:\\Windows\\Fonts\\BELL.TTF', name='Bell MT', style='normal', variant='normal', weight=400, stretch='normal', size='scalable')) = 10.05
2024-04-10 17:47:20,206 - matplotlib.font_manager - DEBUG  - _findfont_cached - findfont: score(FontEntry(fname='C:\\Windows\\Fonts\\CASTELAR.TTF', name='Castellar', style='normal', variant='normal', weight=400, stretch='normal', size='scalable')) = 10.05
2024-04-10 17:47:20,206 - matplotlib.font_manager - DEBUG  - _findfont_cached - findfont: score(FontEntry(fname='C:\\Windows\\Fonts\\GARA.TTF', name='Garamond', style='normal', variant='normal', weight=400, stretch='normal', size='scalable')) = 10.05
2024-04-10 17:47:20,206 - matplotlib.font_manager - DEBUG  - _findfont_cached - findfont: score(FontEntry(fname='C:\\Windows\\Fonts\\TCCEB.TTF', name='Tw Cen MT Condensed Extra Bold', style='normal', variant='normal', weight=400, stretch='condensed', size='scalable')) = 10.25
2024-04-10 17:47:20,206 - matplotlib.font_manager - DEBUG  - _findfont_cached - findfont: score(FontEntry(fname='C:\\Windows\\Fonts\\ROCKBI.TTF', name='Rockwell', style='italic', variant='normal', weight=700, stretch='normal', size='scalable')) = 11.335
2024-04-10 17:47:20,206 - matplotlib.font_manager - DEBUG  - _findfont_cached - findfont: score(FontEntry(fname='C:\\Windows\\Fonts\\LSANSI.TTF', name='Lucida Sans', style='italic', variant='normal', weight=400, stretch='normal', size='scalable')) = 11.05
2024-04-10 17:47:20,206 - matplotlib.font_manager - DEBUG  - _findfont_cached - findfont: score(FontEntry(fname='C:\\Windows\\Fonts\\BRLNSR.TTF', name='Berlin Sans FB', style='normal', variant='normal', weight=400, stretch='normal', size='scalable')) = 10.05
2024-04-10 17:47:20,206 - matplotlib.font_manager - DEBUG  - _findfont_cached - findfont: score(FontEntry(fname='C:\\Windows\\Fonts\\ENGR.TTF', name='Engravers MT', style='normal', variant='normal', weight=500, stretch='normal', size='scalable')) = 10.145
2024-04-10 17:47:20,206 - matplotlib.font_manager - DEBUG  - _findfont_cached - findfont: score(FontEntry(fname='C:\\Windows\\Fonts\\OCRAEXT.TTF', name='OCR A Extended', style='normal', variant='normal', weight=400, stretch='expanded', size='scalable')) = 10.25
2024-04-10 17:47:20,206 - matplotlib.font_manager - DEBUG  - _findfont_cached - findfont: score(FontEntry(fname='C:\\Windows\\Fonts\\BOD_CR.TTF', name='Bodoni MT', style='normal', variant='normal', weight=400, stretch='condensed', size='scalable')) = 10.25
2024-04-10 17:47:20,206 - matplotlib.font_manager - DEBUG  - _findfont_cached - findfont: score(FontEntry(fname='C:\\Windows\\Fonts\\CENTURY.TTF', name='Century', style='normal', variant='normal', weight=400, stretch='normal', size='scalable')) = 10.05
2024-04-10 17:47:20,206 - matplotlib.font_manager - DEBUG  - _findfont_cached - findfont: score(FontEntry(fname='C:\\Windows\\Fonts\\CHILLER.TTF', name='Chiller', style='normal', variant='normal', weight=400, stretch='normal', size='scalable')) = 10.05
2024-04-10 17:47:20,206 - matplotlib.font_manager - DEBUG  - _findfont_cached - findfont: score(FontEntry(fname='C:\\Windows\\Fonts\\FREESCPT.TTF', name='Freestyle Script', style='normal', variant='normal', weight=400, stretch='normal', size='scalable')) = 10.05
2024-04-10 17:47:20,206 - matplotlib.font_manager - DEBUG  - _findfont_cached - findfont: score(FontEntry(fname='C:\\Windows\\Fonts\\LFAX.TTF', name='Lucida Fax', style='normal', variant='normal', weight=400, stretch='normal', size='scalable')) = 10.05
2024-04-10 17:47:20,206 - matplotlib.font_manager - DEBUG  - _findfont_cached - findfont: score(FontEntry(fname='C:\\Windows\\Fonts\\FRADM.TTF', name='Franklin Gothic Demi', style='normal', variant='normal', weight=400, stretch='normal', size='scalable')) = 10.05
2024-04-10 17:47:20,206 - matplotlib.font_manager - DEBUG  - _findfont_cached - findfont: score(FontEntry(fname='C:\\Windows\\Fonts\\ITCKRIST.TTF', name='Kristen ITC', style='normal', variant='normal', weight=400, stretch='normal', size='scalable')) = 10.05
2024-04-10 17:47:20,206 - matplotlib.font_manager - DEBUG  - _findfont_cached - findfont: score(FontEntry(fname='C:\\Windows\\Fonts\\WINGDNG2.TTF', name='Wingdings 2', style='normal', variant='normal', weight=400, stretch='normal', size='scalable')) = 10.05
2024-04-10 17:47:20,207 - matplotlib.font_manager - DEBUG  - _findfont_cached - findfont: score(FontEntry(fname='C:\\Windows\\Fonts\\cambria.ttc', name='Cambria', style='normal', variant='normal', weight=400, stretch='normal', size='scalable')) = 10.05
2024-04-10 17:47:20,207 - matplotlib.font_manager - DEBUG  - _findfont_cached - findfont: score(FontEntry(fname='C:\\Windows\\Fonts\\seguibl.ttf', name='Segoe UI', style='normal', variant='normal', weight=900, stretch='normal', size='scalable')) = 10.525
2024-04-10 17:47:20,207 - matplotlib.font_manager - DEBUG  - _findfont_cached - findfont: score(FontEntry(fname='C:\\Windows\\Fonts\\JOKERMAN.TTF', name='Jokerman', style='normal', variant='normal', weight=400, stretch='normal', size='scalable')) = 10.05
2024-04-10 17:47:20,207 - matplotlib.font_manager - DEBUG  - _findfont_cached - findfont: score(FontEntry(fname='C:\\Windows\\Fonts\\mingliub.ttc', name='MingLiU-ExtB', style='normal', variant='normal', weight=400, stretch='normal', size='scalable')) = 10.05
2024-04-10 17:47:20,207 - matplotlib.font_manager - DEBUG  - _findfont_cached - findfont: score(FontEntry(fname='C:\\Windows\\Fonts\\FRSCRIPT.TTF', name='French Script MT', style='normal', variant='normal', weight=400, stretch='normal', size='scalable')) = 10.05
2024-04-10 17:47:20,207 - matplotlib.font_manager - DEBUG  - _findfont_cached - findfont: score(FontEntry(fname='C:\\Windows\\Fonts\\gadugib.ttf', name='Gadugi', style='normal', variant='normal', weight=700, stretch='normal', size='scalable')) = 10.335
2024-04-10 17:47:20,207 - matplotlib.font_manager - DEBUG  - _findfont_cached - findfont: score(FontEntry(fname='C:\\Windows\\Fonts\\GOTHICI.TTF', name='Century Gothic', style='italic', variant='normal', weight=400, stretch='normal', size='scalable')) = 11.05
2024-04-10 17:47:20,207 - matplotlib.font_manager - DEBUG  - _findfont_cached - findfont: score(FontEntry(fname='C:\\Windows\\Fonts\\corbelli.ttf', name='Corbel', style='italic', variant='normal', weight=300, stretch='normal', size='scalable')) = 11.145
2024-04-10 17:47:20,207 - matplotlib.font_manager - DEBUG  - _findfont_cached - findfont: score(FontEntry(fname='C:\\Windows\\Fonts\\mmrtextb.ttf', name='Myanmar Text', style='normal', variant='normal', weight=700, stretch='normal', size='scalable')) = 10.335
2024-04-10 17:47:20,207 - matplotlib.font_manager - DEBUG  - _findfont_cached - findfont: score(FontEntry(fname='C:\\Windows\\Fonts\\lucon.ttf', name='Lucida Console', style='normal', variant='normal', weight=400, stretch='normal', size='scalable')) = 10.05
2024-04-10 17:47:20,207 - matplotlib.font_manager - DEBUG  - _findfont_cached - findfont: score(FontEntry(fname='C:\\Windows\\Fonts\\TCMI____.TTF', name='Tw Cen MT', style='italic', variant='normal', weight=400, stretch='normal', size='scalable')) = 11.05
2024-04-10 17:47:20,207 - matplotlib.font_manager - DEBUG  - _findfont_cached - findfont: score(FontEntry(fname='C:\\Windows\\Fonts\\CALIST.TTF', name='Calisto MT', style='normal', variant='normal', weight=400, stretch='normal', size='scalable')) = 10.05
2024-04-10 17:47:20,207 - matplotlib.font_manager - DEBUG  - _findfont_cached - findfont: score(FontEntry(fname='C:\\Windows\\Fonts\\FTLTLT.TTF', name='Footlight MT Light', style='normal', variant='normal', weight=300, stretch='normal', size='scalable')) = 10.145
2024-04-10 17:47:20,207 - matplotlib.font_manager - DEBUG  - _findfont_cached - findfont: score(FontEntry(fname='C:\\Windows\\Fonts\\LeelaUIb.ttf', name='Leelawadee UI', style='normal', variant='normal', weight=700, stretch='normal', size='scalable')) = 10.335
2024-04-10 17:47:20,207 - matplotlib.font_manager - DEBUG  - _findfont_cached - findfont: score(FontEntry(fname='C:\\Windows\\Fonts\\palabi.ttf', name='Palatino Linotype', style='italic', variant='normal', weight=700, stretch='normal', size='scalable')) = 11.335
2024-04-10 17:47:20,207 - matplotlib.font_manager - DEBUG  - _findfont_cached - findfont: score(FontEntry(fname='C:\\Windows\\Fonts\\seguisli.ttf', name='Segoe UI', style='italic', variant='normal', weight=350, stretch='normal', size='scalable')) = 11.0975
2024-04-10 17:47:20,207 - matplotlib.font_manager - DEBUG  - _findfont_cached - findfont: score(FontEntry(fname='C:\\Windows\\Fonts\\consolab.ttf', name='Consolas', style='normal', variant='normal', weight=700, stretch='normal', size='scalable')) = 10.335
2024-04-10 17:47:20,208 - matplotlib.font_manager - DEBUG  - _findfont_cached - findfont: score(FontEntry(fname='C:\\Windows\\Fonts\\CENSCBK.TTF', name='Century Schoolbook', style='normal', variant='normal', weight=400, stretch='normal', size='scalable')) = 10.05
2024-04-10 17:47:20,208 - matplotlib.font_manager - DEBUG  - _findfont_cached - findfont: score(FontEntry(fname='C:\\Windows\\Fonts\\MAGNETOB.TTF', name='Magneto', style='normal', variant='normal', weight=700, stretch='normal', size='scalable')) = 10.335
2024-04-10 17:47:20,208 - matplotlib.font_manager - DEBUG  - _findfont_cached - findfont: score(FontEntry(fname='C:\\Windows\\Fonts\\BASKVILL.TTF', name='Baskerville Old Face', style='normal', variant='normal', weight=400, stretch='normal', size='scalable')) = 10.05
2024-04-10 17:47:20,208 - matplotlib.font_manager - DEBUG  - _findfont_cached - findfont: score(FontEntry(fname='C:\\Windows\\Fonts\\symbol.ttf', name='Symbol', style='normal', variant='normal', weight=400, stretch='normal', size='scalable')) = 10.05
2024-04-10 17:47:20,208 - matplotlib.font_manager - DEBUG  - _findfont_cached - findfont: score(FontEntry(fname='C:\\Windows\\Fonts\\arialbi.ttf', name='Arial', style='italic', variant='normal', weight=700, stretch='normal', size='scalable')) = 7.698636363636363
2024-04-10 17:47:20,208 - matplotlib.font_manager - DEBUG  - _findfont_cached - findfont: score(FontEntry(fname='C:\\Windows\\Fonts\\SHOWG.TTF', name='Showcard Gothic', style='normal', variant='normal', weight=400, stretch='normal', size='scalable')) = 10.05
2024-04-10 17:47:20,208 - matplotlib.font_manager - DEBUG  - _findfont_cached - findfont: score(FontEntry(fname='C:\\Windows\\Fonts\\FRABKIT.TTF', name='Franklin Gothic Book', style='italic', variant='normal', weight=400, stretch='normal', size='scalable')) = 11.05
2024-04-10 17:47:20,208 - matplotlib.font_manager - DEBUG  - _findfont_cached - findfont: score(FontEntry(fname='C:\\Windows\\Fonts\\BROADW.TTF', name='Broadway', style='normal', variant='normal', weight=400, stretch='normal', size='scalable')) = 10.05
2024-04-10 17:47:20,208 - matplotlib.font_manager - DEBUG  - _findfont_cached - findfont: score(FontEntry(fname='C:\\Windows\\Fonts\\CALIFR.TTF', name='Californian FB', style='normal', variant='normal', weight=400, stretch='normal', size='scalable')) = 10.05
2024-04-10 17:47:20,208 - matplotlib.font_manager - DEBUG  - _findfont_cached - findfont: score(FontEntry(fname='C:\\Windows\\Fonts\\MAIAN.TTF', name='Maiandra GD', style='normal', variant='normal', weight=400, stretch='normal', size='scalable')) = 10.05
2024-04-10 17:47:20,208 - matplotlib.font_manager - DEBUG  - _findfont_cached - findfont: score(FontEntry(fname='C:\\Windows\\Fonts\\LBRITED.TTF', name='Lucida Bright', style='normal', variant='normal', weight=600, stretch='normal', size='scalable')) = 10.24
2024-04-10 17:47:20,208 - matplotlib.font_manager - DEBUG  - _findfont_cached - findfont: score(FontEntry(fname='C:\\Windows\\Fonts\\ELEPHNTI.TTF', name='Elephant', style='italic', variant='normal', weight=400, stretch='normal', size='scalable')) = 11.05
2024-04-10 17:47:20,208 - matplotlib.font_manager - DEBUG  - _findfont_cached - findfont: score(FontEntry(fname='C:\\Windows\\Fonts\\TCCB____.TTF', name='Tw Cen MT Condensed', style='normal', variant='normal', weight=700, stretch='condensed', size='scalable')) = 10.535
2024-04-10 17:47:20,208 - matplotlib.font_manager - DEBUG  - _findfont_cached - findfont: score(FontEntry(fname='C:\\Windows\\Fonts\\AGENCYB.TTF', name='Agency FB', style='normal', variant='normal', weight=700, stretch='normal', size='scalable')) = 10.335
2024-04-10 17:47:20,208 - matplotlib.font_manager - DEBUG  - _findfont_cached - findfont: score(FontEntry(fname='C:\\Windows\\Fonts\\GILC____.TTF', name='Gill Sans MT Condensed', style='normal', variant='normal', weight=400, stretch='condensed', size='scalable')) = 10.25
2024-04-10 17:47:20,208 - matplotlib.font_manager - DEBUG  - _findfont_cached - findfont: score(FontEntry(fname='C:\\Windows\\Fonts\\corbelb.ttf', name='Corbel', style='normal', variant='normal', weight=700, stretch='normal', size='scalable')) = 10.335
2024-04-10 17:47:20,208 - matplotlib.font_manager - DEBUG  - _findfont_cached - findfont: score(FontEntry(fname='C:\\Windows\\Fonts\\SNAP____.TTF', name='Snap ITC', style='normal', variant='normal', weight=400, stretch='normal', size='scalable')) = 10.05
2024-04-10 17:47:20,209 - matplotlib.font_manager - DEBUG  - _findfont_cached - findfont: score(FontEntry(fname='C:\\Windows\\Fonts\\ANTQUAB.TTF', name='Book Antiqua', style='normal', variant='normal', weight=700, stretch='normal', size='scalable')) = 10.335
2024-04-10 17:47:20,209 - matplotlib.font_manager - DEBUG  - _findfont_cached - findfont: score(FontEntry(fname='C:\\Windows\\Fonts\\LTYPEB.TTF', name='Lucida Sans Typewriter', style='normal', variant='normal', weight=600, stretch='normal', size='scalable')) = 10.24
2024-04-10 17:47:20,209 - matplotlib.font_manager - DEBUG  - _findfont_cached - findfont: score(FontEntry(fname='C:\\Windows\\Fonts\\PERB____.TTF', name='Perpetua', style='normal', variant='normal', weight=700, stretch='normal', size='scalable')) = 10.335
2024-04-10 17:47:20,209 - matplotlib.font_manager - DEBUG  - _findfont_cached - findfont: score(FontEntry(fname='C:\\Windows\\Fonts\\LFAXD.TTF', name='Lucida Fax', style='normal', variant='normal', weight=600, stretch='normal', size='scalable')) = 10.24
2024-04-10 17:47:20,209 - matplotlib.font_manager - DEBUG  - _findfont_cached - findfont: score(FontEntry(fname='C:\\Windows\\Fonts\\corbel.ttf', name='Corbel', style='normal', variant='normal', weight=400, stretch='normal', size='scalable')) = 10.05
2024-04-10 17:47:20,209 - matplotlib.font_manager - DEBUG  - _findfont_cached - findfont: score(FontEntry(fname='C:\\Windows\\Fonts\\ntailu.ttf', name='Microsoft New Tai Lue', style='normal', variant='normal', weight=400, stretch='normal', size='scalable')) = 10.05
2024-04-10 17:47:20,209 - matplotlib.font_manager - DEBUG  - _findfont_cached - findfont: score(FontEntry(fname='C:\\Windows\\Fonts\\ONYX.TTF', name='Onyx', style='normal', variant='normal', weight=400, stretch='normal', size='scalable')) = 10.05
2024-04-10 17:47:20,209 - matplotlib.font_manager - DEBUG  - _findfont_cached - findfont: score(FontEntry(fname='C:\\Windows\\Fonts\\SitkaVF-Italic.ttf', name='Sitka', style='italic', variant='normal', weight=400, stretch='normal', size='scalable')) = 11.05
2024-04-10 17:47:20,209 - matplotlib.font_manager - DEBUG  - _findfont_cached - findfont: score(FontEntry(fname='C:\\Windows\\Fonts\\constani.ttf', name='Constantia', style='italic', variant='normal', weight=400, stretch='normal', size='scalable')) = 11.05
2024-04-10 17:47:20,209 - matplotlib.font_manager - DEBUG  - _findfont_cached - findfont: score(FontEntry(fname='C:\\Windows\\Fonts\\taile.ttf', name='Microsoft Tai Le', style='normal', variant='normal', weight=400, stretch='normal', size='scalable')) = 10.05
2024-04-10 17:47:20,209 - matplotlib.font_manager - DEBUG  - _findfont_cached - findfont: score(FontEntry(fname='C:\\Windows\\Fonts\\constanb.ttf', name='Constantia', style='normal', variant='normal', weight=700, stretch='normal', size='scalable')) = 10.335
2024-04-10 17:47:20,209 - matplotlib.font_manager - DEBUG  - _findfont_cached - findfont: score(FontEntry(fname='C:\\Windows\\Fonts\\calibriz.ttf', name='Calibri', style='italic', variant='normal', weight=700, stretch='normal', size='scalable')) = 11.335
2024-04-10 17:47:20,209 - matplotlib.font_manager - DEBUG  - _findfont_cached - findfont: score(FontEntry(fname='C:\\Windows\\Fonts\\seguibli.ttf', name='Segoe UI', style='italic', variant='normal', weight=900, stretch='normal', size='scalable')) = 11.525
2024-04-10 17:47:20,209 - matplotlib.font_manager - DEBUG  - _findfont_cached - findfont: score(FontEntry(fname='C:\\Windows\\Fonts\\calibrili.ttf', name='Calibri', style='italic', variant='normal', weight=300, stretch='normal', size='scalable')) = 11.145
2024-04-10 17:47:20,210 - matplotlib.font_manager - DEBUG  - _findfont_cached - findfont: score(FontEntry(fname='C:\\Windows\\Fonts\\trebuc.ttf', name='Trebuchet MS', style='normal', variant='normal', weight=400, stretch='normal', size='scalable')) = 10.05
2024-04-10 17:47:20,210 - matplotlib.font_manager - DEBUG  - _findfont_cached - findfont: score(FontEntry(fname='C:\\Windows\\Fonts\\LEELAWDB.TTF', name='Leelawadee', style='normal', variant='normal', weight=700, stretch='normal', size='scalable')) = 10.335
2024-04-10 17:47:20,210 - matplotlib.font_manager - DEBUG  - _findfont_cached - findfont: score(FontEntry(fname='C:\\Windows\\Fonts\\BSSYM7.TTF', name='Bookshelf Symbol 7', style='normal', variant='normal', weight=400, stretch='normal', size='scalable')) = 10.05
2024-04-10 17:47:20,210 - matplotlib.font_manager - DEBUG  - _findfont_cached - findfont: score(FontEntry(fname='C:\\Windows\\Fonts\\simsunb.ttf', name='SimSun-ExtB', style='normal', variant='normal', weight=400, stretch='normal', size='scalable')) = 10.05
2024-04-10 17:47:20,210 - matplotlib.font_manager - DEBUG  - _findfont_cached - findfont: score(FontEntry(fname='C:\\Windows\\Fonts\\BOOKOSBI.TTF', name='Bookman Old Style', style='italic', variant='normal', weight=600, stretch='normal', size='scalable')) = 11.24
2024-04-10 17:47:20,210 - matplotlib.font_manager - DEBUG  - _findfont_cached - findfont: score(FontEntry(fname='C:\\Windows\\Fonts\\MATURASC.TTF', name='Matura MT Script Capitals', style='normal', variant='normal', weight=400, stretch='normal', size='scalable')) = 10.05
2024-04-10 17:47:20,210 - matplotlib.font_manager - DEBUG  - _findfont_cached - findfont: score(FontEntry(fname='C:\\Windows\\Fonts\\PRISTINA.TTF', name='Pristina', style='normal', variant='normal', weight=400, stretch='normal', size='scalable')) = 10.05
2024-04-10 17:47:20,210 - matplotlib.font_manager - DEBUG  - _findfont_cached - findfont: score(FontEntry(fname='C:\\Windows\\Fonts\\Candarab.ttf', name='Candara', style='normal', variant='normal', weight=700, stretch='normal', size='scalable')) = 10.335
2024-04-10 17:47:20,210 - matplotlib.font_manager - DEBUG  - _findfont_cached - findfont: score(FontEntry(fname='C:\\Windows\\Fonts\\CascadiaMono.ttf', name='Cascadia Mono', style='normal', variant='normal', weight=400, stretch='normal', size='scalable')) = 10.05
2024-04-10 17:47:20,210 - matplotlib.font_manager - DEBUG  - _findfont_cached - findfont: score(FontEntry(fname='C:\\Windows\\Fonts\\TCB_____.TTF', name='Tw Cen MT', style='normal', variant='normal', weight=700, stretch='normal', size='scalable')) = 10.335
2024-04-10 17:47:20,210 - matplotlib.font_manager - DEBUG  - _findfont_cached - findfont: score(FontEntry(fname='C:\\Windows\\Fonts\\calibri.ttf', name='Calibri', style='normal', variant='normal', weight=400, stretch='normal', size='scalable')) = 10.05
2024-04-10 17:47:20,210 - matplotlib.font_manager - DEBUG  - _findfont_cached - findfont: score(FontEntry(fname='C:\\Windows\\Fonts\\PLAYBILL.TTF', name='Playbill', style='normal', variant='normal', weight=400, stretch='normal', size='scalable')) = 10.05
2024-04-10 17:47:20,211 - matplotlib.font_manager - DEBUG  - _findfont_cached - findfont: score(FontEntry(fname='C:\\Windows\\Fonts\\arial.ttf', name='Arial', style='normal', variant='normal', weight=400, stretch='normal', size='scalable')) = 6.413636363636363
2024-04-10 17:47:20,211 - matplotlib.font_manager - DEBUG  - _findfont_cached - findfont: score(FontEntry(fname='C:\\Windows\\Fonts\\GARABD.TTF', name='Garamond', style='normal', variant='normal', weight=700, stretch='normal', size='scalable')) = 10.335
2024-04-10 17:47:20,211 - matplotlib.font_manager - DEBUG  - _findfont_cached - findfont: score(FontEntry(fname='C:\\Windows\\Fonts\\malgunsl.ttf', name='Malgun Gothic', style='normal', variant='normal', weight=300, stretch='normal', size='scalable')) = 10.145
2024-04-10 17:47:20,211 - matplotlib.font_manager - DEBUG  - _findfont_cached - findfont: score(FontEntry(fname='C:\\Windows\\Fonts\\consolai.ttf', name='Consolas', style='italic', variant='normal', weight=400, stretch='normal', size='scalable')) = 11.05
2024-04-10 17:47:20,211 - matplotlib.font_manager - DEBUG  - _findfont_cached - findfont: score(FontEntry(fname='C:\\Windows\\Fonts\\phagspa.ttf', name='Microsoft PhagsPa', style='normal', variant='normal', weight=400, stretch='normal', size='scalable')) = 10.05
2024-04-10 17:47:20,211 - matplotlib.font_manager - DEBUG  - _findfont_cached - findfont: score(FontEntry(fname='C:\\Windows\\Fonts\\segoeui.ttf', name='Segoe UI', style='normal', variant='normal', weight=400, stretch='normal', size='scalable')) = 10.05
2024-04-10 17:47:20,211 - matplotlib.font_manager - DEBUG  - _findfont_cached - findfont: score(FontEntry(fname='C:\\Windows\\Fonts\\LTYPEO.TTF', name='Lucida Sans Typewriter', style='oblique', variant='normal', weight=400, stretch='normal', size='scalable')) = 11.05
2024-04-10 17:47:20,211 - matplotlib.font_manager - DEBUG  - _findfont_cached - findfont: score(FontEntry(fname='C:\\Windows\\Fonts\\msjh.ttc', name='Microsoft JhengHei', style='normal', variant='normal', weight=400, stretch='normal', size='scalable')) = 10.05
2024-04-10 17:47:20,211 - matplotlib.font_manager - DEBUG  - _findfont_cached - findfont: score(FontEntry(fname='C:\\Windows\\Fonts\\ebrima.ttf', name='Ebrima', style='normal', variant='normal', weight=400, stretch='normal', size='scalable')) = 10.05
2024-04-10 17:47:20,211 - matplotlib.font_manager - DEBUG  - _findfont_cached - findfont: score(FontEntry(fname='C:\\Windows\\Fonts\\FRAHVIT.TTF', name='Franklin Gothic Heavy', style='italic', variant='normal', weight=400, stretch='normal', size='scalable')) = 11.05
2024-04-10 17:47:20,211 - matplotlib.font_manager - DEBUG  - _findfont_cached - findfont: score(FontEntry(fname='C:\\Windows\\Fonts\\cambriab.ttf', name='Cambria', style='normal', variant='normal', weight=700, stretch='normal', size='scalable')) = 10.335
2024-04-10 17:47:20,211 - matplotlib.font_manager - DEBUG  - _findfont_cached - findfont: score(FontEntry(fname='C:\\Windows\\Fonts\\msyhl.ttc', name='Microsoft YaHei', style='normal', variant='normal', weight=290, stretch='normal', size='scalable')) = 10.1545
2024-04-10 17:47:20,211 - matplotlib.font_manager - DEBUG  - _findfont_cached - findfont: score(FontEntry(fname='C:\\Windows\\Fonts\\cambriai.ttf', name='Cambria', style='italic', variant='normal', weight=400, stretch='normal', size='scalable')) = 11.05
2024-04-10 17:47:20,211 - matplotlib.font_manager - DEBUG  - _findfont_cached - findfont: score(FontEntry(fname='C:\\Windows\\Fonts\\malgun.ttf', name='Malgun Gothic', style='normal', variant='normal', weight=400, stretch='normal', size='scalable')) = 10.05
2024-04-10 17:47:20,212 - matplotlib.font_manager - DEBUG  - _findfont_cached - findfont: score(FontEntry(fname='C:\\Windows\\Fonts\\impact.ttf', name='Impact', style='normal', variant='normal', weight=400, stretch='normal', size='scalable')) = 10.05
2024-04-10 17:47:20,212 - matplotlib.font_manager - DEBUG  - _findfont_cached - findfont: score(FontEntry(fname='C:\\Windows\\Fonts\\trebucbi.ttf', name='Trebuchet MS', style='italic', variant='normal', weight=700, stretch='normal', size='scalable')) = 11.335
2024-04-10 17:47:20,212 - matplotlib.font_manager - DEBUG  - _findfont_cached - findfont: score(FontEntry(fname='C:\\Windows\\Fonts\\BOD_BLAI.TTF', name='Bodoni MT', style='italic', variant='normal', weight=900, stretch='normal', size='scalable')) = 11.525
2024-04-10 17:47:20,212 - matplotlib.font_manager - DEBUG  - _findfont_cached - findfont: score(FontEntry(fname='C:\\Windows\\Fonts\\verdana.ttf', name='Verdana', style='normal', variant='normal', weight=400, stretch='normal', size='scalable')) = 3.6863636363636365
2024-04-10 17:47:20,212 - matplotlib.font_manager - DEBUG  - _findfont_cached - findfont: score(FontEntry(fname='C:\\Windows\\Fonts\\INFROMAN.TTF', name='Informal Roman', style='normal', variant='normal', weight=400, stretch='normal', size='scalable')) = 10.05
2024-04-10 17:47:20,212 - matplotlib.font_manager - DEBUG  - _findfont_cached - findfont: score(FontEntry(fname='C:\\Windows\\Fonts\\consolaz.ttf', name='Consolas', style='italic', variant='normal', weight=700, stretch='normal', size='scalable')) = 11.335
2024-04-10 17:47:20,212 - matplotlib.font_manager - DEBUG  - _findfont_cached - findfont: score(FontEntry(fname='C:\\Windows\\Fonts\\msyh.ttc', name='Microsoft YaHei', style='normal', variant='normal', weight=400, stretch='normal', size='scalable')) = 10.05
2024-04-10 17:47:20,212 - matplotlib.font_manager - DEBUG  - _findfont_cached - findfont: score(FontEntry(fname='C:\\Windows\\Fonts\\georgiai.ttf', name='Georgia', style='italic', variant='normal', weight=400, stretch='normal', size='scalable')) = 11.05
2024-04-10 17:47:20,212 - matplotlib.font_manager - DEBUG  - _findfont_cached - findfont: score(FontEntry(fname='C:\\Windows\\Fonts\\VINERITC.TTF', name='Viner Hand ITC', style='normal', variant='normal', weight=400, stretch='normal', size='scalable')) = 10.05
2024-04-10 17:47:20,212 - matplotlib.font_manager - DEBUG  - _findfont_cached - findfont: score(FontEntry(fname='C:\\Windows\\Fonts\\SitkaVF.ttf', name='Sitka', style='normal', variant='normal', weight=400, stretch='normal', size='scalable')) = 10.05
2024-04-10 17:47:20,212 - matplotlib.font_manager - DEBUG  - _findfont_cached - findfont: score(FontEntry(fname='C:\\Windows\\Fonts\\BOD_CBI.TTF', name='Bodoni MT', style='italic', variant='normal', weight=700, stretch='condensed', size='scalable')) = 11.535
2024-04-10 17:47:20,212 - matplotlib.font_manager - DEBUG  - _findfont_cached - findfont: score(FontEntry(fname='C:\\Windows\\Fonts\\ELEPHNT.TTF', name='Elephant', style='normal', variant='normal', weight=400, stretch='normal', size='scalable')) = 10.05
2024-04-10 17:47:20,212 - matplotlib.font_manager - DEBUG  - _findfont_cached - findfont: score(FontEntry(fname='C:\\Windows\\Fonts\\NIAGENG.TTF', name='Niagara Engraved', style='normal', variant='normal', weight=400, stretch='normal', size='scalable')) = 10.05
2024-04-10 17:47:20,212 - matplotlib.font_manager - DEBUG  - _findfont_cached - findfont: score(FontEntry(fname='C:\\Windows\\Fonts\\BRUSHSCI.TTF', name='Brush Script MT', style='italic', variant='normal', weight=400, stretch='normal', size='scalable')) = 11.05
2024-04-10 17:47:20,212 - matplotlib.font_manager - DEBUG  - _findfont_cached - findfont: score(FontEntry(fname='C:\\Windows\\Fonts\\BOD_CI.TTF', name='Bodoni MT', style='italic', variant='normal', weight=400, stretch='condensed', size='scalable')) = 11.25
2024-04-10 17:47:20,212 - matplotlib.font_manager - DEBUG  - _findfont_cached - findfont: score(FontEntry(fname='C:\\Windows\\Fonts\\verdanab.ttf', name='Verdana', style='normal', variant='normal', weight=700, stretch='normal', size='scalable')) = 3.9713636363636367
2024-04-10 17:47:20,212 - matplotlib.font_manager - DEBUG  - _findfont_cached - findfont: score(FontEntry(fname='C:\\Windows\\Fonts\\CALISTBI.TTF', name='Calisto MT', style='italic', variant='normal', weight=700, stretch='normal', size='scalable')) = 11.335
2024-04-10 17:47:20,212 - matplotlib.font_manager - DEBUG  - _findfont_cached - findfont: score(FontEntry(fname='C:\\Windows\\Fonts\\Candaral.ttf', name='Candara', style='normal', variant='normal', weight=400, stretch='normal', size='scalable')) = 10.05
2024-04-10 17:47:20,212 - matplotlib.font_manager - DEBUG  - _findfont_cached - findfont: score(FontEntry(fname='C:\\Windows\\Fonts\\MISTRAL.TTF', name='Mistral', style='normal', variant='normal', weight=400, stretch='normal', size='scalable')) = 10.05
2024-04-10 17:47:20,213 - matplotlib.font_manager - DEBUG  - _findfont_cached - findfont: score(FontEntry(fname='C:\\Windows\\Fonts\\seguihis.ttf', name='Segoe UI Historic', style='normal', variant='normal', weight=400, stretch='normal', size='scalable')) = 10.05
2024-04-10 17:47:20,213 - matplotlib.font_manager - DEBUG  - _findfont_cached - findfont: score(FontEntry(fname='C:\\Windows\\Fonts\\GOUDOSI.TTF', name='Goudy Old Style', style='italic', variant='normal', weight=400, stretch='normal', size='scalable')) = 11.05
2024-04-10 17:47:20,213 - matplotlib.font_manager - DEBUG  - _findfont_cached - findfont: score(FontEntry(fname='C:\\Windows\\Fonts\\bahnschrift.ttf', name='Bahnschrift', style='normal', variant='normal', weight=400, stretch='normal', size='scalable')) = 10.05
2024-04-10 17:47:20,213 - matplotlib.font_manager - DEBUG  - _findfont_cached - findfont: score(FontEntry(fname='C:\\Windows\\Fonts\\NirmalaS.ttf', name='Nirmala UI', style='normal', variant='normal', weight=350, stretch='normal', size='scalable')) = 10.0975
2024-04-10 17:47:20,213 - matplotlib.font_manager - DEBUG  - _findfont_cached - findfont: score(FontEntry(fname='C:\\Windows\\Fonts\\tahomabd.ttf', name='Tahoma', style='normal', variant='normal', weight=700, stretch='normal', size='scalable')) = 10.335
2024-04-10 17:47:20,213 - matplotlib.font_manager - DEBUG  - _findfont_cached - findfont: score(FontEntry(fname='C:\\Windows\\Fonts\\calibrii.ttf', name='Calibri', style='italic', variant='normal', weight=400, stretch='normal', size='scalable')) = 11.05
2024-04-10 17:47:20,213 - matplotlib.font_manager - DEBUG  - _findfont_cached - findfont: score(FontEntry(fname='C:\\Windows\\Fonts\\CALIFB.TTF', name='Californian FB', style='normal', variant='normal', weight=700, stretch='normal', size='scalable')) = 10.335
2024-04-10 17:47:20,213 - matplotlib.font_manager - DEBUG  - _findfont_cached - findfont: score(FontEntry(fname='C:\\Windows\\Fonts\\BOD_BI.TTF', name='Bodoni MT', style='italic', variant='normal', weight=700, stretch='normal', size='scalable')) = 11.335
2024-04-10 17:47:20,213 - matplotlib.font_manager - DEBUG  - _findfont_cached - findfont: score(FontEntry(fname='C:\\Windows\\Fonts\\ERASBD.TTF', name='Eras Bold ITC', style='normal', variant='normal', weight=400, stretch='normal', size='scalable')) = 10.05
2024-04-10 17:47:20,213 - matplotlib.font_manager - DEBUG  - _findfont_cached - findfont: score(FontEntry(fname='C:\\Windows\\Fonts\\ROCKB.TTF', name='Rockwell', style='normal', variant='normal', weight=700, stretch='normal', size='scalable')) = 10.335
2024-04-10 17:47:20,213 - matplotlib.font_manager - DEBUG  - _findfont_cached - findfont: score(FontEntry(fname='C:\\Windows\\Fonts\\NIAGSOL.TTF', name='Niagara Solid', style='normal', variant='normal', weight=400, stretch='normal', size='scalable')) = 10.05
2024-04-10 17:47:20,213 - matplotlib.font_manager - DEBUG  - _findfont_cached - findfont: score(FontEntry(fname='C:\\Windows\\Fonts\\PERI____.TTF', name='Perpetua', style='italic', variant='normal', weight=400, stretch='normal', size='scalable')) = 11.05
2024-04-10 17:47:20,213 - matplotlib.font_manager - DEBUG  - _findfont_cached - findfont: score(FontEntry(fname='C:\\Windows\\Fonts\\BAUHS93.TTF', name='Bauhaus 93', style='normal', variant='normal', weight=400, stretch='normal', size='scalable')) = 10.05
2024-04-10 17:47:20,213 - matplotlib.font_manager - DEBUG  - _findfont_cached - findfont: score(FontEntry(fname='C:\\Windows\\Fonts\\corbell.ttf', name='Corbel', style='normal', variant='normal', weight=300, stretch='normal', size='scalable')) = 10.145
2024-04-10 17:47:20,213 - matplotlib.font_manager - DEBUG  - _findfont_cached - findfont: score(FontEntry(fname='C:\\Windows\\Fonts\\comic.ttf', name='Comic Sans MS', style='normal', variant='normal', weight=400, stretch='normal', size='scalable')) = 10.05
2024-04-10 17:47:20,213 - matplotlib.font_manager - DEBUG  - _findfont_cached - findfont: score(FontEntry(fname='C:\\Windows\\Fonts\\SCRIPTBL.TTF', name='Script MT Bold', style='normal', variant='normal', weight=700, stretch='normal', size='scalable')) = 10.335
2024-04-10 17:47:20,213 - matplotlib.font_manager - DEBUG  - _findfont_cached - findfont: score(FontEntry(fname='C:\\Windows\\Fonts\\SCHLBKB.TTF', name='Century Schoolbook', style='normal', variant='normal', weight=700, stretch='normal', size='scalable')) = 10.335
2024-04-10 17:47:20,213 - matplotlib.font_manager - DEBUG  - _findfont_cached - findfont: score(FontEntry(fname='C:\\Windows\\Fonts\\REFSPCL.TTF', name='MS Reference Specialty', style='normal', variant='normal', weight=400, stretch='normal', size='scalable')) = 10.05
2024-04-10 17:47:20,213 - matplotlib.font_manager - DEBUG  - _findfont_cached - findfont: score(FontEntry(fname='C:\\Windows\\Fonts\\ITCBLKAD.TTF', name='Blackadder ITC', style='normal', variant='normal', weight=400, stretch='normal', size='scalable')) = 10.05
2024-04-10 17:47:20,213 - matplotlib.font_manager - DEBUG  - _findfont_cached - findfont: score(FontEntry(fname='C:\\Windows\\Fonts\\ebrimabd.ttf', name='Ebrima', style='normal', variant='normal', weight=700, stretch='normal', size='scalable')) = 10.335
2024-04-10 17:47:20,213 - matplotlib.font_manager - DEBUG  - _findfont_cached - findfont: score(FontEntry(fname='C:\\Windows\\Fonts\\BOD_CB.TTF', name='Bodoni MT', style='normal', variant='normal', weight=700, stretch='condensed', size='scalable')) = 10.535
2024-04-10 17:47:20,214 - matplotlib.font_manager - DEBUG  - _findfont_cached - findfont: score(FontEntry(fname='C:\\Windows\\Fonts\\PALSCRI.TTF', name='Palace Script MT', style='normal', variant='normal', weight=400, stretch='normal', size='scalable')) = 10.05
2024-04-10 17:47:20,214 - matplotlib.font_manager - DEBUG  - _findfont_cached - findfont: score(FontEntry(fname='C:\\Windows\\Fonts\\GOTHICB.TTF', name='Century Gothic', style='normal', variant='normal', weight=700, stretch='normal', size='scalable')) = 10.335
2024-04-10 17:47:20,214 - matplotlib.font_manager - DEBUG  - _findfont_cached - findfont: score(FontEntry(fname='C:\\Windows\\Fonts\\micross.ttf', name='Microsoft Sans Serif', style='normal', variant='normal', weight=400, stretch='normal', size='scalable')) = 10.05
2024-04-10 17:47:20,214 - matplotlib.font_manager - DEBUG  - _findfont_cached - findfont: score(FontEntry(fname='C:\\Windows\\Fonts\\YuGothR.ttc', name='Yu Gothic', style='normal', variant='normal', weight=400, stretch='normal', size='scalable')) = 10.05
2024-04-10 17:47:20,214 - matplotlib.font_manager - DEBUG  - _findfont_cached - findfont: score(FontEntry(fname='C:\\Windows\\Fonts\\seguisym.ttf', name='Segoe UI Symbol', style='normal', variant='normal', weight=400, stretch='normal', size='scalable')) = 10.05
2024-04-10 17:47:20,214 - matplotlib.font_manager - DEBUG  - _findfont_cached - findfont: score(FontEntry(fname='C:\\Windows\\Fonts\\ERASMD.TTF', name='Eras Medium ITC', style='normal', variant='normal', weight=400, stretch='normal', size='scalable')) = 10.05
2024-04-10 17:47:20,214 - matplotlib.font_manager - DEBUG  - _findfont_cached - findfont: score(FontEntry(fname='C:\\Windows\\Fonts\\segoeuil.ttf', name='Segoe UI', style='normal', variant='normal', weight=300, stretch='normal', size='scalable')) = 10.145
2024-04-10 17:47:20,214 - matplotlib.font_manager - DEBUG  - _findfont_cached - findfont: score(FontEntry(fname='C:\\Windows\\Fonts\\GILSANUB.TTF', name='Gill Sans Ultra Bold', style='normal', variant='normal', weight=400, stretch='normal', size='scalable')) = 10.05
2024-04-10 17:47:20,214 - matplotlib.font_manager - DEBUG  - _findfont_cached - findfont: score(FontEntry(fname='C:\\Windows\\Fonts\\tahoma.ttf', name='Tahoma', style='normal', variant='normal', weight=400, stretch='normal', size='scalable')) = 10.05
2024-04-10 17:47:20,214 - matplotlib.font_manager - DEBUG  - _findfont_cached - findfont: score(FontEntry(fname='C:\\Windows\\Fonts\\monbaiti.ttf', name='Mongolian Baiti', style='normal', variant='normal', weight=400, stretch='normal', size='scalable')) = 10.05
2024-04-10 17:47:20,214 - matplotlib.font_manager - DEBUG  - _findfont_cached - findfont: score(FontEntry(fname='C:\\Windows\\Fonts\\ARIALNI.TTF', name='Arial', style='italic', variant='normal', weight=400, stretch='condensed', size='scalable')) = 7.613636363636363
2024-04-10 17:47:20,214 - matplotlib.font_manager - DEBUG  - _findfont_cached - findfont: score(FontEntry(fname='C:\\Windows\\Fonts\\arialbd.ttf', name='Arial', style='normal', variant='normal', weight=700, stretch='normal', size='scalable')) = 6.698636363636363
2024-04-10 17:47:20,214 - matplotlib.font_manager - DEBUG  - _findfont_cached - findfont: score(FontEntry(fname='C:\\Windows\\Fonts\\Candarai.ttf', name='Candara', style='italic', variant='normal', weight=400, stretch='normal', size='scalable')) = 11.05
2024-04-10 17:47:20,214 - matplotlib.font_manager - DEBUG  - _findfont_cached - findfont: score(FontEntry(fname='C:\\Windows\\Fonts\\wingding.ttf', name='Wingdings', style='normal', variant='normal', weight=400, stretch='normal', size='scalable')) = 10.05
2024-04-10 17:47:20,214 - matplotlib.font_manager - DEBUG  - _findfont_cached - findfont: score(FontEntry(fname='C:\\Windows\\Fonts\\STENCIL.TTF', name='Stencil', style='normal', variant='normal', weight=400, stretch='normal', size='scalable')) = 10.05
2024-04-10 17:47:20,214 - matplotlib.font_manager - DEBUG  - _findfont_cached - findfont: score(FontEntry(fname='C:\\Windows\\Fonts\\SCHLBKBI.TTF', name='Century Schoolbook', style='italic', variant='normal', weight=700, stretch='normal', size='scalable')) = 11.335
2024-04-10 17:47:20,214 - matplotlib.font_manager - DEBUG  - _findfont_cached - findfont: score(FontEntry(fname='C:\\Windows\\Fonts\\consola.ttf', name='Consolas', style='normal', variant='normal', weight=400, stretch='normal', size='scalable')) = 10.05
2024-04-10 17:47:20,214 - matplotlib.font_manager - DEBUG  - _findfont_cached - findfont: score(FontEntry(fname='C:\\Windows\\Fonts\\CALISTB.TTF', name='Calisto MT', style='normal', variant='normal', weight=700, stretch='normal', size='scalable')) = 10.335
2024-04-10 17:47:20,214 - matplotlib.font_manager - DEBUG  - _findfont_cached - findfont: score(FontEntry(fname='C:\\Windows\\Fonts\\framd.ttf', name='Franklin Gothic Medium', style='normal', variant='normal', weight=400, stretch='normal', size='scalable')) = 10.05
2024-04-10 17:47:20,214 - matplotlib.font_manager - DEBUG  - _findfont_cached - findfont: score(FontEntry(fname='C:\\Windows\\Fonts\\AGENCYR.TTF', name='Agency FB', style='normal', variant='normal', weight=400, stretch='normal', size='scalable')) = 10.05
2024-04-10 17:47:20,214 - matplotlib.font_manager - DEBUG  - _findfont_cached - findfont: score(FontEntry(fname='C:\\Windows\\Fonts\\ntailub.ttf', name='Microsoft New Tai Lue', style='normal', variant='normal', weight=700, stretch='normal', size='scalable')) = 10.335
2024-04-10 17:47:20,214 - matplotlib.font_manager - DEBUG  - _findfont_cached - findfont: score(FontEntry(fname='C:\\Windows\\Fonts\\SegoeIcons.ttf', name='Segoe Fluent Icons', style='normal', variant='normal', weight=400, stretch='normal', size='scalable')) = 10.05
2024-04-10 17:47:20,215 - matplotlib.font_manager - DEBUG  - _findfont_cached - findfont: score(FontEntry(fname='C:\\Windows\\Fonts\\DUBAI-BOLD.TTF', name='Dubai', style='normal', variant='normal', weight=700, stretch='normal', size='scalable')) = 10.335
2024-04-10 17:47:20,215 - matplotlib.font_manager - DEBUG  - _findfont_cached - findfont: score(FontEntry(fname='C:\\Windows\\Fonts\\comicbd.ttf', name='Comic Sans MS', style='normal', variant='normal', weight=700, stretch='normal', size='scalable')) = 10.335
2024-04-10 17:47:20,215 - matplotlib.font_manager - DEBUG  - _findfont_cached - findfont: score(FontEntry(fname='C:\\Windows\\Fonts\\HARLOWSI.TTF', name='Harlow Solid Italic', style='italic', variant='normal', weight=400, stretch='normal', size='scalable')) = 11.05
2024-04-10 17:47:20,215 - matplotlib.font_manager - DEBUG  - _findfont_cached - findfont: score(FontEntry(fname='C:\\Windows\\Fonts\\COOPBL.TTF', name='Cooper Black', style='normal', variant='normal', weight=400, stretch='normal', size='scalable')) = 10.05
2024-04-10 17:47:20,215 - matplotlib.font_manager - DEBUG  - _findfont_cached - findfont: score(FontEntry(fname='C:\\Windows\\Fonts\\cour.ttf', name='Courier New', style='normal', variant='normal', weight=400, stretch='normal', size='scalable')) = 10.05
2024-04-10 17:47:20,215 - matplotlib.font_manager - DEBUG  - _findfont_cached - findfont: score(FontEntry(fname='C:\\Windows\\Fonts\\ALGER.TTF', name='Algerian', style='normal', variant='normal', weight=400, stretch='normal', size='scalable')) = 10.05
2024-04-10 17:47:20,215 - matplotlib.font_manager - DEBUG  - _findfont_cached - findfont: score(FontEntry(fname='C:\\Windows\\Fonts\\LFAXDI.TTF', name='Lucida Fax', style='italic', variant='normal', weight=600, stretch='normal', size='scalable')) = 11.24
2024-04-10 17:47:20,215 - matplotlib.font_manager - DEBUG  - _findfont_cached - findfont: score(FontEntry(fname='C:\\Windows\\Fonts\\LEELAWAD.TTF', name='Leelawadee', style='normal', variant='normal', weight=400, stretch='normal', size='scalable')) = 10.05
2024-04-10 17:47:20,215 - matplotlib.font_manager - DEBUG  - _findfont_cached - findfont: score(FontEntry(fname='C:\\Windows\\Fonts\\RAGE.TTF', name='Rage Italic', style='italic', variant='normal', weight=400, stretch='normal', size='scalable')) = 11.05
2024-04-10 17:47:20,215 - matplotlib.font_manager - DEBUG  - _findfont_cached - findfont: score(FontEntry(fname='C:\\Windows\\Fonts\\courbi.ttf', name='Courier New', style='italic', variant='normal', weight=700, stretch='normal', size='scalable')) = 11.335
2024-04-10 17:47:20,215 - matplotlib.font_manager - DEBUG  - _findfont_cached - findfont: score(FontEntry(fname='C:\\Windows\\Fonts\\VLADIMIR.TTF', name='Vladimir Script', style='normal', variant='normal', weight=400, stretch='normal', size='scalable')) = 10.05
2024-04-10 17:47:20,215 - matplotlib.font_manager - DEBUG  - _findfont_cached - findfont: score(FontEntry(fname='C:\\Windows\\Fonts\\LBRITE.TTF', name='Lucida Bright', style='normal', variant='normal', weight=400, stretch='normal', size='scalable')) = 10.05
2024-04-10 17:47:20,215 - matplotlib.font_manager - DEBUG  - _findfont_cached - findfont: score(FontEntry(fname='C:\\Windows\\Fonts\\TCCM____.TTF', name='Tw Cen MT Condensed', style='normal', variant='normal', weight=400, stretch='condensed', size='scalable')) = 10.25
2024-04-10 17:47:20,215 - matplotlib.font_manager - DEBUG  - _findfont_cached - findfont: score(FontEntry(fname='C:\\Windows\\Fonts\\KUNSTLER.TTF', name='Kunstler Script', style='normal', variant='normal', weight=400, stretch='normal', size='scalable')) = 10.05
2024-04-10 17:47:20,215 - matplotlib.font_manager - DEBUG  - _findfont_cached - findfont: score(FontEntry(fname='C:\\Windows\\Fonts\\himalaya.ttf', name='Microsoft Himalaya', style='normal', variant='normal', weight=400, stretch='normal', size='scalable')) = 10.05
2024-04-10 17:47:20,215 - matplotlib.font_manager - DEBUG  - _findfont_cached - findfont: score(FontEntry(fname='C:\\Windows\\Fonts\\verdanai.ttf', name='Verdana', style='italic', variant='normal', weight=400, stretch='normal', size='scalable')) = 4.6863636363636365
2024-04-10 17:47:20,215 - matplotlib.font_manager - DEBUG  - _findfont_cached - findfont: score(FontEntry(fname='C:\\Windows\\Fonts\\HTOWERT.TTF', name='High Tower Text', style='normal', variant='normal', weight=400, stretch='normal', size='scalable')) = 10.05
2024-04-10 17:47:20,215 - matplotlib.font_manager - DEBUG  - _findfont_cached - findfont: score(FontEntry(fname='C:\\Windows\\Fonts\\georgia.ttf', name='Georgia', style='normal', variant='normal', weight=400, stretch='normal', size='scalable')) = 10.05
2024-04-10 17:47:20,215 - matplotlib.font_manager - DEBUG  - _findfont_cached - findfont: score(FontEntry(fname='C:\\Windows\\Fonts\\TCBI____.TTF', name='Tw Cen MT', style='italic', variant='normal', weight=700, stretch='normal', size='scalable')) = 11.335
2024-04-10 17:47:20,215 - matplotlib.font_manager - DEBUG  - _findfont_cached - findfont: score(FontEntry(fname='C:\\Windows\\Fonts\\MSUIGHUR.TTF', name='Microsoft Uighur', style='normal', variant='normal', weight=400, stretch='normal', size='scalable')) = 10.05
2024-04-10 17:47:20,215 - matplotlib.font_manager - DEBUG  - _findfont_cached - findfont: score(FontEntry(fname='C:\\Windows\\Fonts\\Candarali.ttf', name='Candara', style='italic', variant='normal', weight=400, stretch='normal', size='scalable')) = 11.05
2024-04-10 17:47:20,216 - matplotlib.font_manager - DEBUG  - _findfont_cached - findfont: score(FontEntry(fname='C:\\Windows\\Fonts\\ROCCB___.TTF', name='Rockwell Condensed', style='normal', variant='normal', weight=700, stretch='condensed', size='scalable')) = 10.535
2024-04-10 17:47:20,216 - matplotlib.font_manager - DEBUG  - _findfont_cached - findfont: score(FontEntry(fname='C:\\Windows\\Fonts\\PARCHM.TTF', name='Parchment', style='normal', variant='normal', weight=400, stretch='normal', size='scalable')) = 10.05
2024-04-10 17:47:20,216 - matplotlib.font_manager - DEBUG  - _findfont_cached - findfont: score(FontEntry(fname='C:\\Windows\\Fonts\\ANTQUABI.TTF', name='Book Antiqua', style='italic', variant='normal', weight=700, stretch='normal', size='scalable')) = 11.335
2024-04-10 17:47:20,216 - matplotlib.font_manager - DEBUG  - _findfont_cached - findfont: score(FontEntry(fname='C:\\Windows\\Fonts\\BOD_R.TTF', name='Bodoni MT', style='normal', variant='normal', weight=400, stretch='normal', size='scalable')) = 10.05
2024-04-10 17:47:20,216 - matplotlib.font_manager - DEBUG  - _findfont_cached - findfont: score(FontEntry(fname='C:\\Windows\\Fonts\\CALISTI.TTF', name='Calisto MT', style='italic', variant='normal', weight=400, stretch='normal', size='scalable')) = 11.05
2024-04-10 17:47:20,216 - matplotlib.font_manager - DEBUG  - _findfont_cached - findfont: score(FontEntry(fname='C:\\Windows\\Fonts\\segoescb.ttf', name='Segoe Script', style='normal', variant='normal', weight=700, stretch='normal', size='scalable')) = 10.335
2024-04-10 17:47:20,216 - matplotlib.font_manager - DEBUG  - _findfont_cached - findfont: score(FontEntry(fname='C:\\Windows\\Fonts\\calibril.ttf', name='Calibri', style='normal', variant='normal', weight=300, stretch='normal', size='scalable')) = 10.145
2024-04-10 17:47:20,216 - matplotlib.font_manager - DEBUG  - _findfont_cached - findfont: score(FontEntry(fname='C:\\Windows\\Fonts\\PER_____.TTF', name='Perpetua', style='normal', variant='normal', weight=400, stretch='normal', size='scalable')) = 10.05
2024-04-10 17:47:20,216 - matplotlib.font_manager - DEBUG  - _findfont_cached - findfont: score(FontEntry(fname='C:\\Windows\\Fonts\\webdings.ttf', name='Webdings', style='normal', variant='normal', weight=400, stretch='normal', size='scalable')) = 10.05
2024-04-10 17:47:20,216 - matplotlib.font_manager - DEBUG  - _findfont_cached - findfont: score(FontEntry(fname='C:\\Windows\\Fonts\\RAVIE.TTF', name='Ravie', style='normal', variant='normal', weight=400, stretch='normal', size='scalable')) = 10.05
2024-04-10 17:47:20,216 - matplotlib.font_manager - DEBUG  - _findfont_cached - findfont: score(FontEntry(fname='C:\\Windows\\Fonts\\FORTE.TTF', name='Forte', style='normal', variant='normal', weight=400, stretch='normal', size='scalable')) = 10.05
2024-04-10 17:47:20,216 - matplotlib.font_manager - DEBUG  - _findfont_cached - findfont: score(FontEntry(fname='C:\\Windows\\Fonts\\IMPRISHA.TTF', name='Imprint MT Shadow', style='normal', variant='normal', weight=400, stretch='normal', size='scalable')) = 10.05
2024-04-10 17:47:20,216 - matplotlib.font_manager - DEBUG  - _findfont_cached - findfont: score(FontEntry(fname='C:\\Windows\\Fonts\\BKANT.TTF', name='Book Antiqua', style='normal', variant='normal', weight=400, stretch='normal', size='scalable')) = 10.05
2024-04-10 17:47:20,216 - matplotlib.font_manager - DEBUG  - _findfont_cached - findfont: score(FontEntry(fname='C:\\Windows\\Fonts\\segoeuib.ttf', name='Segoe UI', style='normal', variant='normal', weight=700, stretch='normal', size='scalable')) = 10.335
2024-04-10 17:47:20,216 - matplotlib.font_manager - DEBUG  - _findfont_cached - findfont: score(FontEntry(fname='C:\\Windows\\Fonts\\SansSerifCollection.ttf', name='Sans Serif Collection', style='normal', variant='normal', weight=400, stretch='normal', size='scalable')) = 10.05
2024-04-10 17:47:20,216 - matplotlib.font_manager - DEBUG  - _findfont_cached - findfont: score(FontEntry(fname='C:\\Windows\\Fonts\\ariali.ttf', name='Arial', style='italic', variant='normal', weight=400, stretch='normal', size='scalable')) = 7.413636363636363
2024-04-10 17:47:20,216 - matplotlib.font_manager - DEBUG  - _findfont_cached - findfont: score(FontEntry(fname='C:\\Windows\\Fonts\\MSUIGHUB.TTF', name='Microsoft Uighur', style='normal', variant='normal', weight=700, stretch='normal', size='scalable')) = 10.335
2024-04-10 17:47:20,216 - matplotlib.font_manager - DEBUG  - _findfont_cached - findfont: score(FontEntry(fname='C:\\Windows\\Fonts\\POORICH.TTF', name='Poor Richard', style='normal', variant='normal', weight=400, stretch='normal', size='scalable')) = 10.05
2024-04-10 17:47:20,216 - matplotlib.font_manager - DEBUG  - _findfont_cached - findfont: score(FontEntry(fname='C:\\Windows\\Fonts\\timesbi.ttf', name='Times New Roman', style='italic', variant='normal', weight=700, stretch='normal', size='scalable')) = 11.335
2024-04-10 17:47:20,216 - matplotlib.font_manager - DEBUG  - _findfont_cached - findfont: score(FontEntry(fname='C:\\Windows\\Fonts\\NirmalaB.ttf', name='Nirmala UI', style='normal', variant='normal', weight=700, stretch='normal', size='scalable')) = 10.335
2024-04-10 17:47:20,216 - matplotlib.font_manager - DEBUG  - _findfont_cached - findfont: score(FontEntry(fname='C:\\Windows\\Fonts\\GILLUBCD.TTF', name='Gill Sans Ultra Bold Condensed', style='normal', variant='normal', weight=400, stretch='condensed', size='scalable')) = 10.25
2024-04-10 17:47:20,217 - matplotlib.font_manager - DEBUG  - _findfont_cached - findfont: score(FontEntry(fname='C:\\Windows\\Fonts\\OLDENGL.TTF', name='Old English Text MT', style='normal', variant='normal', weight=400, stretch='normal', size='scalable')) = 10.05
2024-04-10 17:47:20,217 - matplotlib.font_manager - DEBUG  - _findfont_cached - findfont: score(FontEntry(fname='C:\\Windows\\Fonts\\LeelawUI.ttf', name='Leelawadee UI', style='normal', variant='normal', weight=400, stretch='normal', size='scalable')) = 10.05
2024-04-10 17:47:20,217 - matplotlib.font_manager - DEBUG  - _findfont_cached - findfont: score(FontEntry(fname='C:\\Windows\\Fonts\\georgiaz.ttf', name='Georgia', style='italic', variant='normal', weight=700, stretch='normal', size='scalable')) = 11.335
2024-04-10 17:47:20,217 - matplotlib.font_manager - DEBUG  - _findfont_cached - findfont: score(FontEntry(fname='C:\\Windows\\Fonts\\ROCC____.TTF', name='Rockwell Condensed', style='normal', variant='normal', weight=400, stretch='condensed', size='scalable')) = 10.25
2024-04-10 17:47:20,217 - matplotlib.font_manager - DEBUG  - _findfont_cached - findfont: score(FontEntry(fname='C:\\Windows\\Fonts\\ROCKI.TTF', name='Rockwell', style='italic', variant='normal', weight=400, stretch='normal', size='scalable')) = 11.05
2024-04-10 17:47:20,217 - matplotlib.font_manager - DEBUG  - _findfont_cached - findfont: score(FontEntry(fname='C:\\Windows\\Fonts\\REFSAN.TTF', name='MS Reference Sans Serif', style='normal', variant='normal', weight=400, stretch='normal', size='scalable')) = 10.05
2024-04-10 17:47:20,217 - matplotlib.font_manager - DEBUG  - _findfont_cached - findfont: score(FontEntry(fname='C:\\Windows\\Fonts\\GOUDOSB.TTF', name='Goudy Old Style', style='normal', variant='normal', weight=700, stretch='normal', size='scalable')) = 10.335
2024-04-10 17:47:20,217 - matplotlib.font_manager - DEBUG  - _findfont_cached - findfont: score(FontEntry(fname='C:\\Windows\\Fonts\\seguili.ttf', name='Segoe UI', style='italic', variant='normal', weight=300, stretch='normal', size='scalable')) = 11.145
2024-04-10 17:47:20,217 - matplotlib.font_manager - DEBUG  - _findfont_cached - findfont: score(FontEntry(fname='C:\\Windows\\Fonts\\SCHLBKI.TTF', name='Century Schoolbook', style='italic', variant='normal', weight=400, stretch='normal', size='scalable')) = 11.05
2024-04-10 17:47:20,217 - matplotlib.font_manager - DEBUG  - _findfont_cached - findfont: score(FontEntry(fname='C:\\Windows\\Fonts\\HATTEN.TTF', name='Haettenschweiler', style='normal', variant='normal', weight=400, stretch='normal', size='scalable')) = 10.05
2024-04-10 17:47:20,217 - matplotlib.font_manager - DEBUG  - _findfont_cached - findfont: score(FontEntry(fname='C:\\Windows\\Fonts\\CURLZ___.TTF', name='Curlz MT', style='normal', variant='normal', weight=400, stretch='normal', size='scalable')) = 10.05
2024-04-10 17:47:20,217 - matplotlib.font_manager - DEBUG  - _findfont_cached - findfont: score(FontEntry(fname='C:\\Windows\\Fonts\\FRADMIT.TTF', name='Franklin Gothic Demi', style='italic', variant='normal', weight=400, stretch='normal', size='scalable')) = 11.05
2024-04-10 17:47:20,217 - matplotlib.font_manager - DEBUG  - _findfont_cached - findfont: score(FontEntry(fname='C:\\Windows\\Fonts\\BERNHC.TTF', name='Bernard MT Condensed', style='normal', variant='normal', weight=400, stretch='condensed', size='scalable')) = 10.25
2024-04-10 17:47:20,217 - matplotlib.font_manager - DEBUG  - _findfont_cached - findfont: score(FontEntry(fname='C:\\Windows\\Fonts\\ITCEDSCR.TTF', name='Edwardian Script ITC', style='normal', variant='normal', weight=400, stretch='normal', size='scalable')) = 10.05
2024-04-10 17:47:20,217 - matplotlib.font_manager - DEBUG  - _findfont_cached - findfont: score(FontEntry(fname='C:\\Windows\\Fonts\\msjhbd.ttc', name='Microsoft JhengHei', style='normal', variant='normal', weight=700, stretch='normal', size='scalable')) = 10.335
2024-04-10 17:47:20,217 - matplotlib.font_manager - DEBUG  - _findfont_cached - findfont: score(FontEntry(fname='C:\\Windows\\Fonts\\LTYPEBO.TTF', name='Lucida Sans Typewriter', style='oblique', variant='normal', weight=600, stretch='normal', size='scalable')) = 11.24
2024-04-10 17:47:20,217 - matplotlib.font_manager - DEBUG  - _findfont_cached - findfont: score(FontEntry(fname='C:\\Windows\\Fonts\\ariblk.ttf', name='Arial', style='normal', variant='normal', weight=900, stretch='normal', size='scalable')) = 6.888636363636364
2024-04-10 17:47:20,217 - matplotlib.font_manager - DEBUG  - _findfont_cached - findfont: score(FontEntry(fname='C:\\Windows\\Fonts\\ROCKEB.TTF', name='Rockwell Extra Bold', style='normal', variant='normal', weight=800, stretch='normal', size='scalable')) = 10.43
2024-04-10 17:47:20,217 - matplotlib.font_manager - DEBUG  - _findfont_cached - findfont: score(FontEntry(fname='C:\\Windows\\Fonts\\WINGDNG3.TTF', name='Wingdings 3', style='normal', variant='normal', weight=400, stretch='normal', size='scalable')) = 10.05
2024-04-10 17:47:20,217 - matplotlib.font_manager - DEBUG  - _findfont_cached - findfont: score(FontEntry(fname='C:\\Windows\\Fonts\\BRLNSB.TTF', name='Berlin Sans FB', style='normal', variant='normal', weight=700, stretch='normal', size='scalable')) = 10.335
2024-04-10 17:47:20,217 - matplotlib.font_manager - DEBUG  - _findfont_cached - findfont: score(FontEntry(fname='C:\\Windows\\Fonts\\PERTILI.TTF', name='Perpetua Titling MT', style='normal', variant='normal', weight=300, stretch='normal', size='scalable')) = 10.145
2024-04-10 17:47:20,217 - matplotlib.font_manager - DEBUG  - _findfont_cached - findfont: score(FontEntry(fname='C:\\Windows\\Fonts\\segoeprb.ttf', name='Segoe Print', style='normal', variant='normal', weight=700, stretch='normal', size='scalable')) = 10.335
2024-04-10 17:47:20,217 - matplotlib.font_manager - DEBUG  - _findfont_cached - findfont: score(FontEntry(fname='C:\\Windows\\Fonts\\LSANS.TTF', name='Lucida Sans', style='normal', variant='normal', weight=400, stretch='normal', size='scalable')) = 10.05
2024-04-10 17:47:20,217 - matplotlib.font_manager - DEBUG  - _findfont_cached - findfont: score(FontEntry(fname='C:\\Windows\\Fonts\\YuGothB.ttc', name='Yu Gothic', style='normal', variant='normal', weight=700, stretch='normal', size='scalable')) = 10.335
2024-04-10 17:47:20,217 - matplotlib.font_manager - DEBUG  - _findfont_cached - findfont: score(FontEntry(fname='C:\\Windows\\Fonts\\segoeuii.ttf', name='Segoe UI', style='italic', variant='normal', weight=400, stretch='normal', size='scalable')) = 11.05
2024-04-10 17:47:20,218 - matplotlib.font_manager - DEBUG  - _findfont_cached - findfont: score(FontEntry(fname='C:\\Windows\\Fonts\\LATINWD.TTF', name='Wide Latin', style='normal', variant='normal', weight=400, stretch='expanded', size='scalable')) = 10.25
2024-04-10 17:47:20,218 - matplotlib.font_manager - DEBUG  - _findfont_cached - findfont: score(FontEntry(fname='C:\\Windows\\Fonts\\YuGothM.ttc', name='Yu Gothic', style='normal', variant='normal', weight=500, stretch='normal', size='scalable')) = 10.145
2024-04-10 17:47:20,218 - matplotlib.font_manager - DEBUG  - _findfont_cached - findfont: score(FontEntry(fname='C:\\Windows\\Fonts\\LBRITEI.TTF', name='Lucida Bright', style='italic', variant='normal', weight=400, stretch='normal', size='scalable')) = 11.05
2024-04-10 17:47:20,218 - matplotlib.font_manager - DEBUG  - _findfont_cached - findfont: score(FontEntry(fname='C:\\Windows\\Fonts\\BOD_B.TTF', name='Bodoni MT', style='normal', variant='normal', weight=700, stretch='normal', size='scalable')) = 10.335
2024-04-10 17:47:20,218 - matplotlib.font_manager - DEBUG  - _findfont_cached - findfont: score(FontEntry(fname='C:\\Windows\\Fonts\\HARNGTON.TTF', name='Harrington', style='normal', variant='normal', weight=400, stretch='normal', size='scalable')) = 10.05
2024-04-10 17:47:20,218 - matplotlib.font_manager - DEBUG  - _findfont_cached - findfont: score(FontEntry(fname='C:\\Windows\\Fonts\\segoeuisl.ttf', name='Segoe UI', style='normal', variant='normal', weight=350, stretch='normal', size='scalable')) = 10.0975
2024-04-10 17:47:20,218 - matplotlib.font_manager - DEBUG  - _findfont_cached - findfont: score(FontEntry(fname='C:\\Windows\\Fonts\\GILI____.TTF', name='Gill Sans MT', style='italic', variant='normal', weight=400, stretch='normal', size='scalable')) = 11.05
2024-04-10 17:47:20,218 - matplotlib.font_manager - DEBUG  - _findfont_cached - findfont: score(FontEntry(fname='C:\\Windows\\Fonts\\TEMPSITC.TTF', name='Tempus Sans ITC', style='normal', variant='normal', weight=400, stretch='normal', size='scalable')) = 10.05
2024-04-10 17:47:20,218 - matplotlib.font_manager - DEBUG  - _findfont_cached - findfont: score(FontEntry(fname='C:\\Windows\\Fonts\\comicz.ttf', name='Comic Sans MS', style='italic', variant='normal', weight=700, stretch='normal', size='scalable')) = 11.335
2024-04-10 17:47:20,218 - matplotlib.font_manager - DEBUG  - _findfont_cached - findfont: score(FontEntry(fname='C:\\Windows\\Fonts\\BRITANIC.TTF', name='Britannic Bold', style='normal', variant='normal', weight=400, stretch='normal', size='scalable')) = 10.05
2024-04-10 17:47:20,218 - matplotlib.font_manager - DEBUG  - _findfont_cached - findfont: score(FontEntry(fname='C:\\Windows\\Fonts\\DUBAI-REGULAR.TTF', name='Dubai', style='normal', variant='normal', weight=400, stretch='normal', size='scalable')) = 10.05
2024-04-10 17:47:20,218 - matplotlib.font_manager - DEBUG  - _findfont_cached - findfont: score(FontEntry(fname='C:\\Windows\\Fonts\\segoepr.ttf', name='Segoe Print', style='normal', variant='normal', weight=400, stretch='normal', size='scalable')) = 10.05
2024-04-10 17:47:20,218 - matplotlib.font_manager - DEBUG  - _findfont_cached - findfont: score(FontEntry(fname='C:\\Windows\\Fonts\\comici.ttf', name='Comic Sans MS', style='italic', variant='normal', weight=400, stretch='normal', size='scalable')) = 11.05
2024-04-10 17:47:20,218 - matplotlib.font_manager - DEBUG  - _findfont_cached - findfont: score(FontEntry(fname='C:\\Windows\\Fonts\\CALIFI.TTF', name='Californian FB', style='italic', variant='normal', weight=400, stretch='normal', size='scalable')) = 11.05
2024-04-10 17:47:20,218 - matplotlib.font_manager - DEBUG  - _findfont_cached - findfont: score(FontEntry(fname='C:\\Windows\\Fonts\\PAPYRUS.TTF', name='Papyrus', style='normal', variant='normal', weight=400, stretch='normal', size='scalable')) = 10.05
2024-04-10 17:47:20,218 - matplotlib.font_manager - DEBUG  - _findfont_cached - findfont: score(FontEntry(fname='C:\\Windows\\Fonts\\PERTIBD.TTF', name='Perpetua Titling MT', style='normal', variant='normal', weight=700, stretch='normal', size='scalable')) = 10.335
2024-04-10 17:47:20,218 - matplotlib.font_manager - DEBUG  - _findfont_cached - findfont: score(FontEntry(fname='C:\\Windows\\Fonts\\timesbd.ttf', name='Times New Roman', style='normal', variant='normal', weight=700, stretch='normal', size='scalable')) = 10.335
2024-04-10 17:47:20,218 - matplotlib.font_manager - DEBUG  - _findfont_cached - findfont: score(FontEntry(fname='C:\\Windows\\Fonts\\seguiemj.ttf', name='Segoe UI Emoji', style='normal', variant='normal', weight=400, stretch='normal', size='scalable')) = 10.05
2024-04-10 17:47:20,218 - matplotlib.font_manager - DEBUG  - _findfont_cached - findfont: score(FontEntry(fname='C:\\Windows\\Fonts\\palab.ttf', name='Palatino Linotype', style='normal', variant='normal', weight=700, stretch='normal', size='scalable')) = 10.335
2024-04-10 17:47:20,218 - matplotlib.font_manager - DEBUG  - _findfont_cached - findfont: score(FontEntry(fname='C:\\Windows\\Fonts\\BOOKOSB.TTF', name='Bookman Old Style', style='normal', variant='normal', weight=600, stretch='normal', size='scalable')) = 10.24
2024-04-10 17:47:20,218 - matplotlib.font_manager - DEBUG  - _findfont_cached - findfont: score(FontEntry(fname='C:\\Windows\\Fonts\\couri.ttf', name='Courier New', style='italic', variant='normal', weight=400, stretch='normal', size='scalable')) = 11.05
2024-04-10 17:47:20,218 - matplotlib.font_manager - DEBUG  - _findfont_cached - findfont: score(FontEntry(fname='C:\\Windows\\Fonts\\MTCORSVA.TTF', name='Monotype Corsiva', style='normal', variant='normal', weight=400, stretch='normal', size='scalable')) = 10.05
2024-04-10 17:47:20,219 - matplotlib.font_manager - DEBUG  - _findfont_cached - findfont: score(FontEntry(fname='C:\\Windows\\Fonts\\gadugi.ttf', name='Gadugi', style='normal', variant='normal', weight=400, stretch='normal', size='scalable')) = 10.05
2024-04-10 17:47:20,219 - matplotlib.font_manager - DEBUG  - _findfont_cached - findfont: score(FontEntry(fname='C:\\Windows\\Fonts\\calibrib.ttf', name='Calibri', style='normal', variant='normal', weight=700, stretch='normal', size='scalable')) = 10.335
2024-04-10 17:47:20,219 - matplotlib.font_manager - DEBUG  - _findfont_cached - findfont: score(FontEntry(fname='C:\\Windows\\Fonts\\BELLB.TTF', name='Bell MT', style='normal', variant='normal', weight=700, stretch='normal', size='scalable')) = 10.335
2024-04-10 17:47:20,219 - matplotlib.font_manager - DEBUG  - _findfont_cached - findfont: score(FontEntry(fname='C:\\Windows\\Fonts\\msgothic.ttc', name='MS Gothic', style='normal', variant='normal', weight=400, stretch='normal', size='scalable')) = 10.05
2024-04-10 17:47:20,219 - matplotlib.font_manager - DEBUG  - _findfont_cached - findfont: score(FontEntry(fname='C:\\Windows\\Fonts\\CascadiaCode.ttf', name='Cascadia Code', style='normal', variant='normal', weight=400, stretch='normal', size='scalable')) = 10.05
2024-04-10 17:47:20,219 - matplotlib.font_manager - DEBUG  - _findfont_cached - findfont: score(FontEntry(fname='C:\\Windows\\Fonts\\corbeli.ttf', name='Corbel', style='italic', variant='normal', weight=400, stretch='normal', size='scalable')) = 11.05
2024-04-10 17:47:20,219 - matplotlib.font_manager - DEBUG  - _findfont_cached - findfont: score(FontEntry(fname='C:\\Windows\\Fonts\\BRADHITC.TTF', name='Bradley Hand ITC', style='normal', variant='normal', weight=400, stretch='normal', size='scalable')) = 10.05
2024-04-10 17:47:20,219 - matplotlib.font_manager - DEBUG  - _findfont_cached - findfont: score(FontEntry(fname='C:\\Windows\\Fonts\\courbd.ttf', name='Courier New', style='normal', variant='normal', weight=700, stretch='normal', size='scalable')) = 10.335
2024-04-10 17:47:20,219 - matplotlib.font_manager - DEBUG  - _findfont_cached - findfont: score(FontEntry(fname='C:\\Windows\\Fonts\\DUBAI-MEDIUM.TTF', name='Dubai', style='normal', variant='normal', weight=500, stretch='normal', size='scalable')) = 10.145
2024-04-10 17:47:20,219 - matplotlib.font_manager - DEBUG  - _findfont_cached - findfont: score(FontEntry(fname='C:\\Windows\\Fonts\\MOD20.TTF', name='Modern No. 20', style='normal', variant='normal', weight=400, stretch='normal', size='scalable')) = 10.05
2024-04-10 17:47:20,219 - matplotlib.font_manager - DEBUG  - _findfont_cached - findfont: score(FontEntry(fname='C:\\Windows\\Fonts\\trebucbd.ttf', name='Trebuchet MS', style='normal', variant='normal', weight=700, stretch='normal', size='scalable')) = 10.335
2024-04-10 17:47:20,219 - matplotlib.font_manager - DEBUG  - _findfont_cached - findfont: score(FontEntry(fname='C:\\Windows\\Fonts\\LHANDW.TTF', name='Lucida Handwriting', style='italic', variant='normal', weight=400, stretch='normal', size='scalable')) = 11.05
2024-04-10 17:47:20,219 - matplotlib.font_manager - DEBUG  - _findfont_cached - findfont: score(FontEntry(fname='C:\\Windows\\Fonts\\MTEXTRA.TTF', name='MT Extra', style='normal', variant='normal', weight=400, stretch='normal', size='scalable')) = 10.05
2024-04-10 17:47:20,219 - matplotlib.font_manager - DEBUG  - _findfont_cached - findfont: score(FontEntry(fname='C:\\Windows\\Fonts\\Nirmala.ttf', name='Nirmala UI', style='normal', variant='normal', weight=400, stretch='normal', size='scalable')) = 10.05
2024-04-10 17:47:20,219 - matplotlib.font_manager - DEBUG  - _findfont_cached - findfont: score(FontEntry(fname='C:\\Windows\\Fonts\\GOTHIC.TTF', name='Century Gothic', style='normal', variant='normal', weight=400, stretch='normal', size='scalable')) = 10.05
2024-04-10 17:47:20,219 - matplotlib.font_manager - DEBUG  - _findfont_cached - findfont: score(FontEntry(fname='C:\\Windows\\Fonts\\GLECB.TTF', name='Gloucester MT Extra Condensed', style='normal', variant='normal', weight=400, stretch='condensed', size='scalable')) = 10.25
2024-04-10 17:47:20,219 - matplotlib.font_manager - DEBUG  - _findfont_cached - findfont: score(FontEntry(fname='C:\\Windows\\Fonts\\seguisbi.ttf', name='Segoe UI', style='italic', variant='normal', weight=600, stretch='normal', size='scalable')) = 11.24
2024-04-10 17:47:20,219 - matplotlib.font_manager - DEBUG  - _findfont_cached - findfont: score(FontEntry(fname='C:\\Windows\\Fonts\\ANTQUAI.TTF', name='Book Antiqua', style='italic', variant='normal', weight=400, stretch='normal', size='scalable')) = 11.05
2024-04-10 17:47:20,219 - matplotlib.font_manager - DEBUG  - _findfont_cached - findfont: score(FontEntry(fname='C:\\Windows\\Fonts\\cambriaz.ttf', name='Cambria', style='italic', variant='normal', weight=700, stretch='normal', size='scalable')) = 11.335
2024-04-10 17:47:20,219 - matplotlib.font_manager - DEBUG  - _findfont_cached - findfont: score(FontEntry(fname='C:\\Windows\\Fonts\\HTOWERTI.TTF', name='High Tower Text', style='italic', variant='normal', weight=400, stretch='normal', size='scalable')) = 11.05
2024-04-10 17:47:20,219 - matplotlib.font_manager - DEBUG  - _findfont_cached - findfont: score(FontEntry(fname='C:\\Windows\\Fonts\\GLSNECB.TTF', name='Gill Sans MT Ext Condensed Bold', style='normal', variant='normal', weight=400, stretch='condensed', size='scalable')) = 10.25
2024-04-10 17:47:20,220 - matplotlib.font_manager - DEBUG  - _findfont_cached - findfont: score(FontEntry(fname='C:\\Windows\\Fonts\\ROCK.TTF', name='Rockwell', style='normal', variant='normal', weight=400, stretch='normal', size='scalable')) = 10.05
2024-04-10 17:47:20,220 - matplotlib.font_manager - DEBUG  - _findfont_cached - findfont: score(FontEntry(fname='C:\\Windows\\Fonts\\ERASDEMI.TTF', name='Eras Demi ITC', style='normal', variant='normal', weight=400, stretch='normal', size='scalable')) = 10.05
2024-04-10 17:47:20,220 - matplotlib.font_manager - DEBUG  - _findfont_cached - findfont: score(FontEntry(fname='C:\\Windows\\Fonts\\BOOKOS.TTF', name='Bookman Old Style', style='normal', variant='normal', weight=300, stretch='normal', size='scalable')) = 10.145
2024-04-10 17:47:20,220 - matplotlib.font_manager - DEBUG  - _findfont_cached - findfont: score(FontEntry(fname='C:\\Windows\\Fonts\\mmrtext.ttf', name='Myanmar Text', style='normal', variant='normal', weight=400, stretch='normal', size='scalable')) = 10.05
2024-04-10 17:47:20,220 - matplotlib.font_manager - DEBUG  - _findfont_cached - findfont: score(FontEntry(fname='C:\\Windows\\Fonts\\SegUIVar.ttf', name='Segoe UI Variable', style='normal', variant='normal', weight=400, stretch='normal', size='scalable')) = 10.05
2024-04-10 17:47:20,220 - matplotlib.font_manager - DEBUG  - _findfont_cached - findfont: score(FontEntry(fname='C:\\Windows\\Fonts\\Candaraz.ttf', name='Candara', style='italic', variant='normal', weight=700, stretch='normal', size='scalable')) = 11.335
2024-04-10 17:47:20,220 - matplotlib.font_manager - DEBUG  - _findfont_cached - findfont: score(FontEntry(fname='C:\\Windows\\Fonts\\Candara.ttf', name='Candara', style='normal', variant='normal', weight=400, stretch='normal', size='scalable')) = 10.05
2024-04-10 17:47:20,220 - matplotlib.font_manager - DEBUG  - _findfont_cached - findfont: score(FontEntry(fname='C:\\Windows\\Fonts\\LFAXI.TTF', name='Lucida Fax', style='italic', variant='normal', weight=400, stretch='normal', size='scalable')) = 11.05
2024-04-10 17:47:20,220 - matplotlib.font_manager - DEBUG  - _findfont_cached - findfont: score(FontEntry(fname='C:\\Windows\\Fonts\\FRAHV.TTF', name='Franklin Gothic Heavy', style='normal', variant='normal', weight=400, stretch='normal', size='scalable')) = 10.05
2024-04-10 17:47:20,220 - matplotlib.font_manager - DEBUG  - _findfont_cached - findfont: score(FontEntry(fname='C:\\Windows\\Fonts\\GOUDYSTO.TTF', name='Goudy Stout', style='normal', variant='normal', weight=400, stretch='normal', size='scalable')) = 10.05
2024-04-10 17:47:20,220 - matplotlib.font_manager - DEBUG  - _findfont_cached - findfont: score(FontEntry(fname='C:\\Windows\\Fonts\\pala.ttf', name='Palatino Linotype', style='normal', variant='normal', weight=400, stretch='normal', size='scalable')) = 10.05
2024-04-10 17:47:20,220 - matplotlib.font_manager - DEBUG  - _findfont_cached - findfont: score(FontEntry(fname='C:\\Windows\\Fonts\\LSANSD.TTF', name='Lucida Sans', style='normal', variant='normal', weight=600, stretch='normal', size='scalable')) = 10.24
2024-04-10 17:47:20,220 - matplotlib.font_manager - DEBUG  - _findfont_cached - findfont: score(FontEntry(fname='C:\\Windows\\Fonts\\Inkfree.ttf', name='Ink Free', style='normal', variant='normal', weight=400, stretch='normal', size='scalable')) = 10.05
2024-04-10 17:47:20,220 - matplotlib.font_manager - DEBUG  - _findfont_cached - findfont: score(FontEntry(fname='C:\\Windows\\Fonts\\LCALLIG.TTF', name='Lucida Calligraphy', style='italic', variant='normal', weight=400, stretch='normal', size='scalable')) = 11.05
2024-04-10 17:47:20,220 - matplotlib.font_manager - DEBUG  - _findfont_cached - findfont: score(FontEntry(fname='C:\\Windows\\Fonts\\sylfaen.ttf', name='Sylfaen', style='normal', variant='normal', weight=400, stretch='normal', size='scalable')) = 10.05
2024-04-10 17:47:20,220 - matplotlib.font_manager - DEBUG  - _findfont_cached - findfont: score(FontEntry(fname='C:\\Windows\\Fonts\\malgunbd.ttf', name='Malgun Gothic', style='normal', variant='normal', weight=700, stretch='normal', size='scalable')) = 10.335
2024-04-10 17:47:20,220 - matplotlib.font_manager - DEBUG  - _findfont_cached - findfont: score(FontEntry(fname='C:\\Windows\\Fonts\\times.ttf', name='Times New Roman', style='normal', variant='normal', weight=400, stretch='normal', size='scalable')) = 10.05
2024-04-10 17:47:20,220 - matplotlib.font_manager - DEBUG  - _findfont_cached - findfont: score(FontEntry(fname='C:\\Windows\\Fonts\\msyhbd.ttc', name='Microsoft YaHei', style='normal', variant='normal', weight=700, stretch='normal', size='scalable')) = 10.335
2024-04-10 17:47:20,220 - matplotlib.font_manager - DEBUG  - _findfont_cached - findfont: score(FontEntry(fname='C:\\Windows\\Fonts\\taileb.ttf', name='Microsoft Tai Le', style='normal', variant='normal', weight=700, stretch='normal', size='scalable')) = 10.335
2024-04-10 17:47:20,220 - matplotlib.font_manager - DEBUG  - _findfont_cached - findfont: score(FontEntry(fname='C:\\Windows\\Fonts\\LBRITEDI.TTF', name='Lucida Bright', style='italic', variant='normal', weight=600, stretch='normal', size='scalable')) = 11.24
2024-04-10 17:47:20,220 - matplotlib.font_manager - DEBUG  - _findfont_cached - findfont: score(FontEntry(fname='C:\\Windows\\Fonts\\constan.ttf', name='Constantia', style='normal', variant='normal', weight=400, stretch='normal', size='scalable')) = 10.05
2024-04-10 17:47:20,220 - matplotlib.font_manager - DEBUG  - _findfont_cached - findfont: score(FontEntry(fname='C:\\Windows\\Fonts\\seguisb.ttf', name='Segoe UI', style='normal', variant='normal', weight=600, stretch='normal', size='scalable')) = 10.24
2024-04-10 17:47:20,220 - matplotlib.font_manager - DEBUG  - _findfont_cached - findfont: score(FontEntry(fname='C:\\Windows\\Fonts\\ARLRDBD.TTF', name='Arial Rounded MT Bold', style='normal', variant='normal', weight=400, stretch='normal', size='scalable')) = 10.05
2024-04-10 17:47:20,220 - matplotlib.font_manager - DEBUG  - _findfont_cached - findfont: score(FontEntry(fname='C:\\Windows\\Fonts\\JUICE___.TTF', name='Juice ITC', style='normal', variant='normal', weight=400, stretch='normal', size='scalable')) = 10.05
2024-04-10 17:47:20,220 - matplotlib.font_manager - DEBUG  - _findfont_cached - findfont: score(FontEntry(fname='C:\\Windows\\Fonts\\msjhl.ttc', name='Microsoft JhengHei', style='normal', variant='normal', weight=290, stretch='normal', size='scalable')) = 10.1545
2024-04-10 17:47:20,220 - matplotlib.font_manager - DEBUG  - _findfont_cached - findfont: score(FontEntry(fname='C:\\Windows\\Fonts\\GOTHICBI.TTF', name='Century Gothic', style='italic', variant='normal', weight=700, stretch='normal', size='scalable')) = 11.335
2024-04-10 17:47:20,220 - matplotlib.font_manager - DEBUG  - _findfont_cached - findfont: score(FontEntry(fname='C:\\Windows\\Fonts\\PERBI___.TTF', name='Perpetua', style='italic', variant='normal', weight=700, stretch='normal', size='scalable')) = 11.335
2024-04-10 17:47:20,220 - matplotlib.font_manager - DEBUG  - _findfont_cached - findfont: score(FontEntry(fname='C:\\Windows\\Fonts\\segoeuiz.ttf', name='Segoe UI', style='italic', variant='normal', weight=700, stretch='normal', size='scalable')) = 11.335
2024-04-10 17:47:20,220 - matplotlib.font_manager - DEBUG  - _findfont_cached - findfont: score(FontEntry(fname='C:\\Windows\\Fonts\\TCM_____.TTF', name='Tw Cen MT', style='normal', variant='normal', weight=400, stretch='normal', size='scalable')) = 10.05
2024-04-10 17:47:20,220 - matplotlib.font_manager - DEBUG  - _findfont_cached - findfont: score(FontEntry(fname='C:\\Windows\\Fonts\\constanz.ttf', name='Constantia', style='italic', variant='normal', weight=700, stretch='normal', size='scalable')) = 11.335
2024-04-10 17:47:20,220 - matplotlib.font_manager - DEBUG  - _findfont_cached - findfont: score(FontEntry(fname='C:\\Windows\\Fonts\\GILB____.TTF', name='Gill Sans MT', style='normal', variant='normal', weight=700, stretch='normal', size='scalable')) = 10.335
2024-04-10 17:47:20,220 - matplotlib.font_manager - DEBUG  - _findfont_cached - findfont: score(FontEntry(fname='C:\\Windows\\Fonts\\FRAMDCN.TTF', name='Franklin Gothic Medium Cond', style='normal', variant='normal', weight=400, stretch='condensed', size='scalable')) = 10.25
2024-04-10 17:47:20,220 - matplotlib.font_manager - DEBUG  - _findfont_cached - findfont: score(FontEntry(fname='C:\\Windows\\Fonts\\ARIALN.TTF', name='Arial', style='normal', variant='normal', weight=400, stretch='condensed', size='scalable')) = 6.613636363636363
2024-04-10 17:47:20,222 - matplotlib.font_manager - DEBUG  - _findfont_cached - findfont: score(FontEntry(fname='C:\\Windows\\Fonts\\corbelz.ttf', name='Corbel', style='italic', variant='normal', weight=700, stretch='normal', size='scalable')) = 11.335
2024-04-10 17:47:20,222 - matplotlib.font_manager - DEBUG  - _findfont_cached - findfont: Matching sans\-serif:style=normal:variant=normal:weight=normal:stretch=normal:size=12.0 to DejaVu Sans ('S:\\RRC\\Documents\\BIT\\winter24\\python\\final\\weather-processing-app-group_09\\dist\\weather_processor\\_internal\\matplotlib\\mpl-data\\fonts\\ttf\\DejaVuSans.ttf') with score of 0.050000.
2024-04-10 17:47:46,810 - PIL.PngImagePlugin - DEBUG  - call - STREAM b'IHDR' 16 13
2024-04-10 17:47:46,810 - PIL.PngImagePlugin - DEBUG  - call - STREAM b'sBIT' 41 4
2024-04-10 17:47:46,810 - PIL.PngImagePlugin - DEBUG  - _open - b'sBIT' 41 4 (unknown)
2024-04-10 17:47:46,810 - PIL.PngImagePlugin - DEBUG  - call - STREAM b'pHYs' 57 9
2024-04-10 17:47:46,810 - PIL.PngImagePlugin - DEBUG  - call - STREAM b'IDAT' 78 1189
2024-04-10 17:47:46,813 - PIL.PngImagePlugin - DEBUG  - call - STREAM b'IHDR' 16 13
2024-04-10 17:47:46,813 - PIL.PngImagePlugin - DEBUG  - call - STREAM b'sBIT' 41 4
2024-04-10 17:47:46,813 - PIL.PngImagePlugin - DEBUG  - _open - b'sBIT' 41 4 (unknown)
2024-04-10 17:47:46,813 - PIL.PngImagePlugin - DEBUG  - call - STREAM b'pHYs' 57 9
2024-04-10 17:47:46,813 - PIL.PngImagePlugin - DEBUG  - call - STREAM b'IDAT' 78 2994
2024-04-10 17:47:46,824 - PIL.PngImagePlugin - DEBUG  - call - STREAM b'IHDR' 16 13
2024-04-10 17:47:46,824 - PIL.PngImagePlugin - DEBUG  - call - STREAM b'sBIT' 41 4
2024-04-10 17:47:46,825 - PIL.PngImagePlugin - DEBUG  - _open - b'sBIT' 41 4 (unknown)
2024-04-10 17:47:46,825 - PIL.PngImagePlugin - DEBUG  - call - STREAM b'pHYs' 57 9
2024-04-10 17:47:46,825 - PIL.PngImagePlugin - DEBUG  - call - STREAM b'IDAT' 78 374
2024-04-10 17:47:46,826 - PIL.PngImagePlugin - DEBUG  - call - STREAM b'IHDR' 16 13
2024-04-10 17:47:46,826 - PIL.PngImagePlugin - DEBUG  - call - STREAM b'sBIT' 41 4
2024-04-10 17:47:46,826 - PIL.PngImagePlugin - DEBUG  - _open - b'sBIT' 41 4 (unknown)
2024-04-10 17:47:46,826 - PIL.PngImagePlugin - DEBUG  - call - STREAM b'pHYs' 57 9
2024-04-10 17:47:46,826 - PIL.PngImagePlugin - DEBUG  - call - STREAM b'IDAT' 78 286
2024-04-10 17:47:46,827 - PIL.PngImagePlugin - DEBUG  - call - STREAM b'IHDR' 16 13
2024-04-10 17:47:46,827 - PIL.PngImagePlugin - DEBUG  - call - STREAM b'sBIT' 41 4
2024-04-10 17:47:46,827 - PIL.PngImagePlugin - DEBUG  - _open - b'sBIT' 41 4 (unknown)
2024-04-10 17:47:46,827 - PIL.PngImagePlugin - DEBUG  - call - STREAM b'pHYs' 57 9
2024-04-10 17:47:46,827 - PIL.PngImagePlugin - DEBUG  - call - STREAM b'IDAT' 78 263
2024-04-10 17:47:46,828 - PIL.PngImagePlugin - DEBUG  - call - STREAM b'IHDR' 16 13
2024-04-10 17:47:46,828 - PIL.PngImagePlugin - DEBUG  - call - STREAM b'sBIT' 41 4
2024-04-10 17:47:46,828 - PIL.PngImagePlugin - DEBUG  - _open - b'sBIT' 41 4 (unknown)
2024-04-10 17:47:46,828 - PIL.PngImagePlugin - DEBUG  - call - STREAM b'pHYs' 57 9
2024-04-10 17:47:46,828 - PIL.PngImagePlugin - DEBUG  - call - STREAM b'IDAT' 78 387
2024-04-10 17:47:46,829 - PIL.PngImagePlugin - DEBUG  - call - STREAM b'IHDR' 16 13
2024-04-10 17:47:46,829 - PIL.PngImagePlugin - DEBUG  - call - STREAM b'sBIT' 41 4
2024-04-10 17:47:46,829 - PIL.PngImagePlugin - DEBUG  - _open - b'sBIT' 41 4 (unknown)
2024-04-10 17:47:46,829 - PIL.PngImagePlugin - DEBUG  - call - STREAM b'pHYs' 57 9
2024-04-10 17:47:46,829 - PIL.PngImagePlugin - DEBUG  - call - STREAM b'IDAT' 78 436
2024-04-10 17:47:46,830 - PIL.PngImagePlugin - DEBUG  - call - STREAM b'IHDR' 16 13
2024-04-10 17:47:46,830 - PIL.PngImagePlugin - DEBUG  - call - STREAM b'sBIT' 41 4
2024-04-10 17:47:46,830 - PIL.PngImagePlugin - DEBUG  - _open - b'sBIT' 41 4 (unknown)
2024-04-10 17:47:46,830 - PIL.PngImagePlugin - DEBUG  - call - STREAM b'pHYs' 57 9
2024-04-10 17:47:46,831 - PIL.PngImagePlugin - DEBUG  - call - STREAM b'IDAT' 78 351
2024-04-10 17:47:46,831 - PIL.PngImagePlugin - DEBUG  - call - STREAM b'IHDR' 16 13
2024-04-10 17:47:46,831 - PIL.PngImagePlugin - DEBUG  - call - STREAM b'sBIT' 41 4
2024-04-10 17:47:46,831 - PIL.PngImagePlugin - DEBUG  - _open - b'sBIT' 41 4 (unknown)
2024-04-10 17:47:46,831 - PIL.PngImagePlugin - DEBUG  - call - STREAM b'pHYs' 57 9
2024-04-10 17:47:46,831 - PIL.PngImagePlugin - DEBUG  - call - STREAM b'IDAT' 78 364
2024-04-10 17:47:57,828 - urllib3.connectionpool - DEBUG  - _new_conn - Starting new HTTPS connection (1): climate.weather.gc.ca:443
2024-04-10 17:47:59,548 - urllib3.connectionpool - DEBUG  - _make_request - https://climate.weather.gc.ca:443 "GET /climate_data/daily_data_e.html?StationID=27174&timeframe=2&StartYear=1840&EndYear=2018&Year=1840&Month=4 HTTP/1.1" 200 8145
2024-04-10 17:47:59,555 - urllib3.connectionpool - DEBUG  - _new_conn - Starting new HTTPS connection (1): climate.weather.gc.ca:443
2024-04-10 17:48:01,202 - urllib3.connectionpool - DEBUG  - _make_request - https://climate.weather.gc.ca:443 "GET /climate_data/daily_data_e.html?StationID=27174&timeframe=2&StartYear=1840&EndYear=2018&Year=2024&Month=4 HTTP/1.1" 200 7522
